attendance_id,customer_id,event_id,ticket_type,ticket_price
700001,10255,30028,Premium,75.0
700002,10992,30042,Standard,35.0
700003,10298,30060,Standard,35.0
700004,10581,30022,Standard,45.0
700005,10953,30040,Standard,35.0
700006,10171,30062,Student,32.0
700007,10613,30003,VIP,125.0
700008,10652,30071,Premium,75.0
700009,10718,30063,VIP,125.0
700010,10832,30020,Premium,65.0
700011,10364,30071,Standard,40.0
700012,10819,30071,Standard,40.0
700013,10073,30026,Premium,65.0
700014,10060,30041,Standard,50.0
700015,10455,30003,Standard,40.0
700016,10336,30043,Premium,65.0
700017,10668,30017,Standard,35.0
700018,10124,30053,Standard,35.0
700019,10455,30052,Standard,35.0
700020,10014,30033,Standard,35.0
700021,10416,30080,Standard,40.0
700022,10776,30060,Standard,40.0
700023,10027,30068,Standard,35.0
700024,10757,30056,Standard,35.0
700025,10050,30064,Standard,50.0
700026,10187,30008,Student,22.0
700027,10057,30069,Standard,35.0
700028,10771,30033,Premium,70.0
700029,10667,30025,Premium,70.0
700030,10990,30071,Standard,50.0
700031,10034,30007,Standard,50.0
700032,10538,30059,Standard,45.0
700033,10762,30033,Premium,65.0
700034,10997,30041,Standard,35.0
700035,10936,30033,Standard,40.0
700036,10371,30029,Standard,35.0
700037,10086,30039,Standard,35.0
700038,10160,30057,Standard,35.0
700039,10425,30064,VIP,125.0
700040,10898,30066,Standard,35.0
700041,10879,30009,Standard,35.0
700042,10712,30029,Premium,65.0
700043,10106,30074,Premium,75.0
700044,10391,30028,Standard,40.0
700045,10512,30053,Standard,45.0
700046,10275,30046,Standard,35.0
700047,10289,30039,Standard,35.0
700048,10258,30076,Standard,35.0
700049,10963,30058,Standard,40.0
700050,10220,30054,Standard,45.0
700051,10974,30006,VIP,125.0
700052,10527,30045,Standard,45.0
700053,10533,30040,Standard,35.0
700054,10846,30023,Student,22.0
700055,10059,30042,Premium,70.0
700056,10360,30038,Standard,35.0
700057,10594,30016,Standard,35.0
700058,10630,30074,Student,22.0
700059,10113,30047,Standard,40.0
700060,10807,30021,Premium,70.0
700061,10276,30074,VIP,125.0
700062,10257,30075,Standard,45.0
700063,10329,30021,Premium,65.0
700064,10777,30025,Student,22.0
700065,10235,30061,Premium,65.0
700066,10051,30054,Standard,45.0
700067,10678,30060,VIP,125.0
700068,10743,30042,Standard,40.0
700069,10221,30061,Premium,80.0
700070,10783,30032,Premium,70.0
700071,10596,30053,Standard,35.0
700072,10230,30044,Standard,40.0
700073,10809,30011,Standard,40.0
700074,10222,30047,Standard,35.0
700075,10943,30060,Standard,35.0
700076,10666,30036,Standard,40.0
700077,10054,30060,Standard,35.0
700078,10631,30033,VIP,125.0
700079,10710,30042,Premium,70.0
700080,10935,30013,Standard,45.0
700081,10273,30014,Standard,35.0
700082,10198,30058,Standard,35.0
700083,10128,30040,Standard,40.0
700084,10604,30065,Premium,70.0
700085,10009,30005,Premium,80.0
700086,10987,30030,Standard,40.0
700087,10227,30045,Premium,70.0
700088,10558,30058,Premium,80.0
700089,10134,30039,Standard,35.0
700090,10964,30012,Standard,35.0
700091,10016,30034,Standard,40.0
700092,10215,30014,Standard,35.0
700093,10112,30038,Standard,35.0
700094,10855,30016,Standard,35.0
700095,10157,30061,Standard,40.0
700096,10425,30059,Standard,45.0
700097,10452,30075,Standard,35.0
700098,10318,30079,Standard,35.0
700099,10360,30074,Standard,35.0
700100,10376,30067,Standard,40.0
700101,10936,30011,Standard,35.0
700102,10958,30011,Premium,75.0
700103,10920,30016,Premium,65.0
700104,10902,30038,Standard,35.0
700105,10296,30030,Standard,35.0
700106,10198,30041,VIP,125.0
700107,10570,30001,Premium,75.0
700108,10398,30038,Standard,45.0
700109,10590,30060,Premium,65.0
700110,10242,30019,Standard,45.0
700111,10429,30059,Premium,65.0
700112,10879,30068,Student,22.0
700113,10611,30010,Standard,45.0
700114,10006,30017,Student,22.0
700115,10791,30080,Standard,35.0
700116,10318,30072,Standard,35.0
700117,10212,30029,Standard,35.0
700118,10273,30006,Premium,65.0
700119,10084,30066,Standard,45.0
700120,10624,30063,Premium,65.0
700121,10710,30031,Premium,65.0
700122,10360,30025,Standard,35.0
700123,10381,30021,Standard,35.0
700124,10540,30016,Standard,40.0
700125,10141,30004,Premium,75.0
700126,10925,30046,VIP,140.0
700127,10510,30008,Standard,35.0
700128,10173,30006,Standard,50.0
700129,10020,30053,Standard,35.0
700130,10954,30064,Standard,35.0
700131,10977,30051,Standard,40.0
700132,10629,30063,Premium,65.0
700133,10503,30006,Student,22.0
700134,10566,30062,Premium,75.0
700135,10227,30033,Standard,40.0
700136,10109,30002,Standard,35.0
700137,10743,30041,Standard,40.0
700138,10320,30016,Standard,45.0
700139,10308,30059,Standard,45.0
700140,10741,30009,Standard,35.0
700141,10811,30069,Premium,70.0
700142,10087,30010,Standard,40.0
700143,10786,30007,Student,27.0
700144,10228,30066,Standard,40.0
700145,10852,30020,Standard,35.0
700146,10310,30063,Standard,35.0
700147,10828,30004,Standard,50.0
700148,10379,30028,Student,22.0
700149,10583,30072,Standard,35.0
700150,10740,30035,Student,27.0
700151,10385,30002,Standard,35.0
700152,10113,30041,Standard,35.0
700153,10293,30028,Standard,35.0
700154,10305,30075,VIP,130.0
700155,10291,30073,Standard,45.0
700156,10105,30001,Student,27.0
700157,10963,30027,Standard,35.0
700158,10291,30067,Standard,50.0
700159,10477,30039,Premium,65.0
700160,10521,30073,Standard,35.0
700161,10677,30040,Standard,35.0
700162,10060,30028,Premium,80.0
700163,10312,30024,Standard,35.0
700164,10106,30051,Standard,40.0
700165,10623,30056,Standard,35.0
700166,10089,30073,Standard,35.0
700167,10268,30026,Standard,45.0
700168,10742,30052,Standard,40.0
700169,10839,30006,Premium,70.0
700170,10583,30059,Standard,35.0
700171,10119,30012,Premium,70.0
700172,10900,30063,Standard,45.0
700173,10445,30036,Standard,35.0
700174,10429,30009,Standard,40.0
700175,10351,30074,Premium,80.0
700176,10946,30067,Premium,75.0
700177,10306,30029,Standard,35.0
700178,10615,30071,Standard,40.0
700179,10202,30008,Premium,70.0
700180,10944,30043,VIP,125.0
700181,10023,30077,Premium,70.0
700182,10090,30035,Standard,50.0
700183,10471,30022,Premium,75.0
700184,10093,30080,Premium,75.0
700185,10776,30079,Standard,35.0
700186,10979,30066,Standard,50.0
700187,10285,30021,Standard,40.0
700188,10683,30071,Standard,35.0
700189,10309,30041,Student,27.0
700190,10902,30041,VIP,135.0
700191,10733,30049,Standard,35.0
700192,10536,30004,Standard,45.0
700193,10376,30065,Premium,75.0
700194,10714,30010,Standard,35.0
700195,10499,30067,Standard,45.0
700196,10636,30010,Standard,45.0
700197,10142,30073,Standard,35.0
700198,10052,30017,Standard,35.0
700199,10070,30067,Standard,35.0
700200,10260,30053,Standard,35.0
700201,10698,30035,VIP,130.0
700202,10884,30004,VIP,125.0
700203,10719,30068,Premium,80.0
700204,10293,30011,Standard,50.0
700205,10816,30044,Standard,35.0
700206,10378,30060,Premium,65.0
700207,10039,30070,Student,27.0
700208,10348,30062,Standard,40.0
700209,10578,30032,Standard,35.0
700210,10525,30046,Standard,35.0
700211,10706,30023,Standard,35.0
700212,10828,30037,Standard,35.0
700213,10506,30075,Student,32.0
700214,10382,30058,Standard,35.0
700215,10425,30043,Standard,35.0
700216,10800,30015,Student,27.0
700217,10436,30067,Standard,35.0
700218,10645,30002,VIP,125.0
700219,10707,30071,Standard,40.0
700220,10322,30005,Student,27.0
700221,10590,30053,Standard,35.0
700222,10250,30045,Student,22.0
700223,10744,30041,Standard,35.0
700224,10180,30063,Standard,35.0
700225,10894,30072,Standard,40.0
700226,10689,30032,Standard,35.0
700227,10029,30002,Standard,35.0
700228,10496,30010,Student,27.0
700229,10678,30043,Standard,45.0
700230,10326,30043,Premium,75.0
700231,10738,30067,Standard,35.0
700232,10648,30023,Premium,65.0
700233,10187,30060,Standard,35.0
700234,10055,30006,Student,32.0
700235,10878,30013,Standard,45.0
700236,10514,30021,Standard,35.0
700237,10410,30058,Standard,35.0
700238,10831,30028,Premium,65.0
700239,10017,30070,Premium,65.0
700240,10571,30008,Premium,80.0
700241,10088,30077,Standard,35.0
700242,10223,30058,Premium,65.0
700243,10784,30040,Student,32.0
700244,10058,30001,Standard,35.0
700245,10704,30077,Standard,35.0
700246,10562,30065,Premium,65.0
700247,10725,30010,Standard,40.0
700248,10230,30060,Premium,65.0
700249,10154,30069,Standard,35.0
700250,10273,30020,Student,22.0
700251,10882,30062,VIP,130.0
700252,10046,30013,Premium,65.0
700253,10874,30058,Standard,45.0
700254,10895,30037,Standard,35.0
700255,10452,30010,VIP,125.0
700256,10306,30003,Premium,70.0
700257,10427,30034,Premium,65.0
700258,10118,30034,Standard,35.0
700259,10688,30030,Standard,40.0
700260,10580,30037,Standard,35.0
700261,10251,30068,Standard,40.0
700262,10403,30034,Premium,65.0
700263,10742,30032,Premium,75.0
700264,10921,30058,Standard,50.0
700265,10200,30024,Premium,65.0
700266,10146,30009,VIP,125.0
700267,10051,30041,Premium,65.0
700268,10914,30024,Standard,45.0
700269,10368,30025,Standard,35.0
700270,10698,30036,VIP,130.0
700271,10320,30008,Standard,40.0
700272,10199,30059,VIP,125.0
700273,10441,30035,Premium,65.0
700274,10145,30038,Premium,65.0
700275,10059,30032,Student,32.0
700276,10707,30051,Premium,65.0
700277,10982,30028,Standard,40.0
700278,10143,30056,Standard,35.0
700279,10223,30008,Standard,35.0
700280,10100,30041,Standard,35.0
700281,10026,30023,Standard,45.0
700282,10432,30054,Standard,40.0
700283,10526,30023,Standard,40.0
700284,10122,30032,Standard,40.0
700285,10465,30010,VIP,130.0
700286,10265,30035,Premium,65.0
700287,10007,30063,Student,32.0
700288,10731,30067,Standard,35.0
700289,10220,30036,Standard,40.0
700290,10695,30049,Standard,35.0
700291,10396,30046,Standard,35.0
700292,10913,30027,Standard,35.0
700293,10457,30031,Standard,35.0
700294,10108,30034,Standard,40.0
700295,10492,30076,Premium,65.0
700296,10904,30059,Premium,65.0
700297,10859,30054,Standard,45.0
700298,10636,30066,Standard,40.0
700299,10682,30030,Standard,35.0
700300,10460,30073,Standard,40.0
700301,10933,30023,Student,22.0
700302,10916,30009,VIP,130.0
700303,10769,30055,Standard,35.0
700304,10009,30001,Standard,35.0
700305,10367,30056,Premium,65.0
700306,10792,30039,Standard,35.0
700307,10125,30018,Student,22.0
700308,10162,30042,Premium,65.0
700309,10036,30073,Standard,50.0
700310,10004,30075,Standard,35.0
700311,10413,30065,Premium,75.0
700312,10087,30075,Standard,35.0
700313,10483,30033,Premium,70.0
700314,10912,30030,Standard,35.0
700315,10776,30005,Standard,35.0
700316,10603,30050,Premium,65.0
700317,10807,30065,Standard,45.0
700318,10058,30010,Standard,35.0
700319,10140,30060,Standard,35.0
700320,10172,30077,Premium,65.0
700321,10260,30027,Premium,65.0
700322,10495,30072,Standard,40.0
700323,10025,30028,Premium,70.0
700324,10198,30045,Standard,35.0
700325,10579,30052,Standard,35.0
700326,10423,30066,Premium,65.0
700327,10118,30062,Premium,80.0
700328,10792,30076,Standard,35.0
700329,10981,30077,Standard,35.0
700330,10006,30060,Standard,35.0
700331,10097,30040,VIP,125.0
700332,10072,30015,Standard,40.0
700333,10929,30007,Standard,35.0
700334,10432,30039,Standard,40.0
700335,10963,30051,Standard,35.0
700336,10380,30007,Premium,70.0
700337,10770,30012,Standard,35.0
700338,10550,30014,Standard,45.0
700339,10808,30034,Standard,35.0
700340,10056,30039,Standard,40.0
700341,10615,30073,Standard,40.0
700342,10103,30064,Standard,35.0
700343,10216,30012,Standard,35.0
700344,10021,30034,Premium,80.0
700345,10627,30027,Premium,65.0
700346,10210,30022,Standard,45.0
700347,10291,30018,Standard,35.0
700348,10715,30046,Standard,35.0
700349,10971,30044,Standard,35.0
700350,10835,30018,VIP,125.0
700351,10188,30037,Student,22.0
700352,10151,30007,Premium,65.0
700353,10961,30068,Standard,50.0
700354,10191,30080,Premium,70.0
700355,10407,30060,Standard,35.0
700356,10214,30048,Premium,65.0
700357,10891,30051,Standard,40.0
700358,10554,30052,Standard,35.0
700359,10478,30077,Standard,45.0
700360,10960,30052,Standard,35.0
700361,10194,30054,Premium,70.0
700362,10250,30041,Premium,70.0
700363,10593,30042,Premium,70.0
700364,10041,30022,Student,22.0
700365,10370,30039,Standard,35.0
700366,10020,30023,Standard,35.0
700367,10009,30048,Standard,40.0
700368,10825,30033,Premium,65.0
700369,10636,30041,Standard,40.0
700370,10203,30030,Standard,35.0
700371,10913,30078,Standard,35.0
700372,10590,30047,Student,22.0
700373,10722,30057,VIP,130.0
700374,10018,30072,Standard,45.0
700375,10748,30057,VIP,130.0
700376,10319,30062,Standard,45.0
700377,10712,30057,Standard,50.0
700378,10861,30068,Premium,70.0
700379,10968,30072,Standard,35.0
700380,10282,30025,Standard,35.0
700381,10476,30040,VIP,125.0
700382,10968,30017,Premium,80.0
700383,10252,30080,Student,22.0
700384,10340,30048,Standard,35.0
700385,10751,30039,Standard,45.0
700386,10968,30015,Standard,35.0
700387,10462,30017,VIP,130.0
700388,10781,30035,Standard,40.0
700389,10631,30033,Standard,45.0
700390,11000,30018,Standard,45.0
700391,10401,30030,Premium,75.0
700392,10371,30037,Standard,40.0
700393,10282,30007,Standard,35.0
700394,10390,30074,Standard,40.0
700395,10337,30080,Standard,45.0
700396,10900,30028,Standard,35.0
700397,10345,30018,Standard,35.0
700398,10519,30047,VIP,125.0
700399,10273,30023,Standard,40.0
700400,10253,30020,Standard,35.0
700401,10854,30031,Standard,40.0
700402,10640,30014,Student,22.0
700403,10374,30023,Standard,35.0
700404,10604,30002,Premium,65.0
700405,10818,30029,VIP,130.0
700406,10896,30050,Standard,35.0
700407,10006,30073,Standard,35.0
700408,10414,30059,Premium,75.0
700409,10586,30033,Premium,75.0
700410,10498,30048,Premium,75.0
700411,10056,30044,VIP,130.0
700412,10807,30012,Standard,45.0
700413,10398,30042,Premium,70.0
700414,10822,30035,Standard,50.0
700415,10238,30041,Standard,35.0
700416,10490,30055,Premium,65.0
700417,10022,30013,Standard,35.0
700418,10441,30039,Standard,45.0
700419,10041,30066,Standard,40.0
700420,10858,30035,Standard,35.0
700421,10778,30072,VIP,125.0
700422,10258,30033,Standard,45.0
700423,10451,30036,Premium,75.0
700424,10048,30013,Standard,40.0
700425,10810,30056,Standard,40.0
700426,10503,30046,Standard,35.0
700427,10139,30073,Standard,35.0
700428,10202,30046,Standard,45.0
700429,10652,30044,VIP,130.0
700430,10509,30046,Standard,40.0
700431,10654,30074,Standard,35.0
700432,10286,30069,Standard,35.0
700433,10233,30031,Standard,35.0
700434,10316,30024,Standard,40.0
700435,10461,30032,Premium,65.0
700436,10670,30067,Standard,45.0
700437,10550,30016,Standard,40.0
700438,10587,30057,Premium,65.0
700439,10321,30024,Standard,35.0
700440,10987,30034,Standard,45.0
700441,10175,30052,Premium,65.0
700442,10039,30048,Premium,70.0
700443,10433,30053,Standard,40.0
700444,10485,30055,Premium,65.0
700445,10585,30038,Standard,35.0
700446,10058,30002,Premium,65.0
700447,10496,30069,VIP,125.0
700448,10875,30053,Standard,40.0
700449,10986,30050,Standard,40.0
700450,10601,30029,Standard,50.0
700451,10785,30074,Standard,45.0
700452,10134,30055,Standard,35.0
700453,10655,30061,Premium,65.0
700454,10509,30050,Standard,40.0
700455,10963,30016,Standard,35.0
700456,10607,30070,Premium,80.0
700457,10156,30044,Premium,65.0
700458,10201,30016,Standard,45.0
700459,10940,30028,Premium,80.0
700460,10499,30057,Student,27.0
700461,10402,30026,Standard,35.0
700462,10496,30011,Standard,40.0
700463,10488,30001,Premium,70.0
700464,10160,30069,Premium,70.0
700465,10211,30043,Standard,35.0
700466,10453,30046,Standard,35.0
700467,10684,30036,Premium,75.0
700468,10070,30066,Student,37.0
700469,10831,30057,Premium,65.0
700470,10972,30006,Student,32.0
700471,10314,30062,Premium,65.0
700472,10431,30027,VIP,135.0
700473,10382,30026,Premium,65.0
700474,10657,30013,VIP,140.0
700475,10167,30076,Standard,40.0
700476,10955,30018,Premium,65.0
700477,10391,30038,Standard,35.0
700478,10319,30006,Standard,35.0
700479,10117,30028,Standard,40.0
700480,10697,30005,Standard,45.0
700481,10512,30059,Standard,40.0
700482,10203,30079,Student,32.0
700483,10162,30073,Premium,70.0
700484,10821,30045,VIP,140.0
700485,10962,30053,Student,27.0
700486,10462,30002,Standard,35.0
700487,10850,30049,Standard,40.0
700488,10944,30073,Standard,35.0
700489,10700,30063,Standard,50.0
700490,10555,30070,Premium,65.0
700491,10201,30058,Standard,35.0
700492,10231,30004,Standard,35.0
700493,10516,30030,Standard,40.0
700494,10752,30057,Standard,35.0
700495,10206,30047,Standard,50.0
700496,10331,30018,VIP,125.0
700497,10606,30044,Standard,35.0
700498,10744,30052,Standard,35.0
700499,10875,30049,Standard,35.0
700500,10347,30030,Premium,65.0
700501,10349,30052,Standard,35.0
700502,10948,30037,Standard,35.0
700503,10160,30063,Standard,35.0
700504,10625,30012,VIP,125.0
700505,10252,30017,VIP,130.0
700506,10222,30034,Standard,35.0
700507,10858,30028,Premium,65.0
700508,10606,30004,Standard,35.0
700509,10947,30046,Standard,40.0
700510,10394,30014,Standard,35.0
700511,10396,30013,Standard,40.0
700512,10993,30058,Premium,80.0
700513,10994,30049,Student,22.0
700514,10978,30050,Standard,35.0
700515,10167,30067,Standard,35.0
700516,10976,30021,Standard,35.0
700517,10452,30080,Standard,35.0
700518,10138,30051,VIP,125.0
700519,10860,30038,VIP,135.0
700520,10873,30026,Premium,65.0
700521,10210,30006,Standard,35.0
700522,10768,30018,Premium,70.0
700523,10585,30006,Standard,35.0
700524,10214,30041,Student,22.0
700525,10778,30057,Standard,40.0
700526,10360,30050,Standard,35.0
700527,10663,30025,Standard,45.0
700528,10235,30048,Standard,35.0
700529,10973,30024,Premium,65.0
700530,10728,30030,Premium,70.0
700531,10397,30045,Premium,65.0
700532,10304,30043,Premium,65.0
700533,10109,30072,Standard,35.0
700534,10857,30056,VIP,135.0
700535,10812,30073,Premium,70.0
700536,10861,30070,Standard,35.0
700537,10976,30033,Premium,70.0
700538,10832,30045,Student,27.0
700539,10808,30007,Premium,80.0
700540,10390,30018,Standard,35.0
700541,10120,30070,Premium,75.0
700542,10840,30045,Standard,35.0
700543,10610,30037,Premium,75.0
700544,10210,30021,Standard,35.0
700545,10427,30079,VIP,125.0
700546,10544,30044,Premium,75.0
700547,10945,30030,Standard,45.0
700548,10330,30011,Premium,65.0
700549,10226,30008,Standard,40.0
700550,10727,30005,Standard,35.0
700551,10635,30008,Standard,35.0
700552,10147,30005,Standard,35.0
700553,10340,30010,Student,22.0
700554,10564,30015,Standard,40.0
700555,10180,30056,Premium,65.0
700556,10290,30055,Standard,35.0
700557,10187,30003,Premium,75.0
700558,10486,30041,Standard,35.0
700559,10337,30010,Standard,40.0
700560,10108,30007,Student,32.0
700561,10126,30063,Standard,35.0
700562,10773,30063,Premium,65.0
700563,10706,30026,Standard,40.0
700564,10809,30034,Standard,35.0
700565,10034,30072,VIP,125.0
700566,10438,30039,Premium,70.0
700567,10276,30060,Standard,45.0
700568,10494,30069,VIP,125.0
700569,10182,30026,Standard,40.0
700570,10239,30062,Standard,35.0
700571,10834,30010,Standard,35.0
700572,10348,30054,Premium,65.0
700573,10146,30031,Standard,35.0
700574,10044,30038,Standard,45.0
700575,10871,30025,Student,22.0
700576,10816,30077,Standard,35.0
700577,10499,30065,Standard,35.0
700578,10803,30050,Standard,35.0
700579,10975,30024,Standard,40.0
700580,10879,30027,Standard,40.0
700581,10295,30050,Standard,45.0
700582,11000,30050,Standard,40.0
700583,10999,30015,Premium,65.0
700584,10771,30017,Premium,65.0
700585,10531,30029,Student,27.0
700586,10727,30005,Premium,65.0
700587,10211,30011,Standard,50.0
700588,10893,30080,Standard,50.0
700589,10402,30052,Premium,75.0
700590,10990,30034,Premium,65.0
700591,10231,30033,Standard,35.0
700592,10339,30049,Standard,45.0
700593,10005,30031,Premium,70.0
700594,10311,30018,Standard,40.0
700595,10781,30005,Premium,65.0
700596,10162,30030,Standard,45.0
700597,10216,30045,Premium,70.0
700598,10786,30038,Premium,65.0
700599,10836,30029,VIP,135.0
700600,10612,30036,Premium,65.0
700601,10968,30009,Standard,40.0
700602,10171,30023,Premium,65.0
700603,10961,30003,Standard,40.0
700604,10252,30056,Standard,35.0
700605,10681,30040,VIP,125.0
700606,10038,30056,Standard,40.0
700607,10228,30058,Premium,65.0
700608,10934,30031,Student,32.0
700609,10909,30011,Student,22.0
700610,10637,30042,Premium,75.0
700611,10278,30003,Standard,35.0
700612,10285,30057,Standard,40.0
700613,10510,30014,Student,22.0
700614,10649,30046,Standard,35.0
700615,10987,30019,Student,27.0
700616,10366,30060,Standard,35.0
700617,10620,30031,Standard,50.0
700618,10068,30036,Standard,35.0
700619,10104,30032,Standard,45.0
700620,10401,30063,Student,22.0
700621,10246,30026,Premium,70.0
700622,10677,30065,Standard,35.0
700623,10192,30002,Standard,35.0
700624,10707,30070,Premium,65.0
700625,10644,30045,Standard,35.0
700626,10296,30078,VIP,130.0
700627,10144,30025,Standard,40.0
700628,10907,30040,Standard,45.0
700629,10731,30018,Standard,35.0
700630,10026,30012,Standard,35.0
700631,10251,30024,Standard,35.0
700632,10607,30079,Student,32.0
700633,10866,30043,Standard,35.0
700634,10712,30032,Standard,40.0
700635,10615,30047,Standard,35.0
700636,10193,30045,Premium,65.0
700637,10381,30035,Premium,70.0
700638,10002,30077,Premium,65.0
700639,10759,30009,Standard,35.0
700640,10603,30010,Premium,70.0
700641,10045,30065,Premium,65.0
700642,10939,30059,Standard,35.0
700643,10003,30057,Standard,40.0
700644,10930,30010,Premium,65.0
700645,10848,30019,Standard,35.0
700646,10449,30050,Standard,40.0
700647,10576,30068,Standard,40.0
700648,10135,30005,Standard,35.0
700649,10291,30029,Standard,40.0
700650,10278,30005,Premium,65.0
700651,10176,30060,VIP,125.0
700652,10928,30065,Premium,70.0
700653,10282,30028,Standard,40.0
700654,10120,30001,Premium,75.0
700655,10774,30029,Premium,70.0
700656,10174,30051,Standard,35.0
700657,10439,30036,Premium,65.0
700658,10459,30032,Premium,75.0
700659,10991,30064,Standard,45.0
700660,10630,30014,Standard,35.0
700661,10951,30032,Standard,35.0
700662,10341,30009,Student,27.0
700663,10697,30011,Standard,40.0
700664,10755,30048,Standard,35.0
700665,10726,30051,Standard,40.0
700666,10121,30004,VIP,125.0
700667,10575,30041,Standard,35.0
700668,10897,30025,Premium,65.0
700669,10661,30017,Premium,65.0
700670,10493,30047,Premium,75.0
700671,10276,30008,VIP,125.0
700672,10969,30058,Standard,35.0
700673,10987,30001,VIP,135.0
700674,10029,30002,Premium,65.0
700675,10811,30010,Student,27.0
700676,10737,30027,Premium,70.0
700677,10685,30013,VIP,125.0
700678,10244,30063,Standard,35.0
700679,10321,30011,Standard,45.0
700680,10643,30014,Standard,40.0
700681,10352,30080,Standard,35.0
700682,10532,30026,Premium,75.0
700683,10081,30069,Standard,35.0
700684,10293,30039,Standard,35.0
700685,10294,30028,Premium,70.0
700686,10497,30017,VIP,130.0
700687,10458,30037,Premium,65.0
700688,10747,30027,Premium,65.0
700689,10813,30076,Premium,70.0
700690,10733,30067,VIP,130.0
700691,10682,30068,Standard,45.0
700692,10558,30047,Student,22.0
700693,10060,30075,Standard,40.0
700694,10608,30034,Premium,65.0
700695,10781,30018,Premium,75.0
700696,10543,30035,Premium,65.0
700697,10380,30018,Premium,70.0
700698,10324,30070,VIP,135.0
700699,10628,30034,VIP,135.0
700700,10062,30033,Standard,40.0
700701,10945,30072,Standard,40.0
700702,10146,30043,Standard,45.0
700703,10843,30027,Standard,45.0
700704,10362,30048,Standard,40.0
700705,10053,30069,Premium,70.0
700706,10402,30071,Standard,35.0
700707,10563,30022,Premium,65.0
700708,10681,30034,Standard,35.0
700709,10869,30043,Standard,35.0
700710,10993,30077,Standard,40.0
700711,10869,30016,Premium,65.0
700712,10707,30014,Premium,65.0
700713,10449,30039,Standard,35.0
700714,10083,30071,Standard,35.0
700715,10379,30012,Standard,35.0
700716,10646,30055,Premium,75.0
700717,10458,30006,Premium,70.0
700718,10933,30040,Premium,65.0
700719,10780,30013,Standard,35.0
700720,10081,30069,Standard,40.0
700721,10731,30024,Standard,40.0
700722,10514,30074,Standard,35.0
700723,10309,30059,Standard,35.0
700724,10921,30046,Standard,35.0
700725,10763,30073,Standard,35.0
700726,10494,30044,Standard,35.0
700727,10236,30076,Standard,40.0
700728,10668,30011,Premium,75.0
700729,10941,30061,Premium,65.0
700730,10037,30036,Premium,70.0
700731,10741,30072,Standard,50.0
700732,10657,30010,Premium,70.0
700733,10325,30078,VIP,130.0
700734,10056,30001,Standard,45.0
700735,10121,30063,Standard,35.0
700736,10314,30012,VIP,125.0
700737,10211,30005,VIP,140.0
700738,10772,30078,Standard,35.0
700739,10103,30036,Standard,40.0
700740,10439,30017,Premium,75.0
700741,10817,30058,Standard,35.0
700742,10747,30022,VIP,125.0
700743,10038,30031,Standard,35.0
700744,10813,30026,VIP,125.0
700745,10620,30013,Standard,35.0
700746,10414,30063,Standard,35.0
700747,10224,30067,Student,22.0
700748,10293,30063,Standard,35.0
700749,10696,30011,Standard,35.0
700750,10155,30069,VIP,130.0
700751,10032,30064,Standard,45.0
700752,10234,30068,Standard,40.0
700753,10907,30032,Standard,35.0
700754,10489,30074,Premium,80.0
700755,10762,30010,Premium,65.0
700756,10570,30054,VIP,125.0
700757,10333,30055,Standard,35.0
700758,10675,30062,Standard,35.0
700759,10017,30055,Standard,35.0
700760,10414,30035,VIP,125.0
700761,10766,30067,Premium,65.0
700762,10658,30065,VIP,125.0
700763,10741,30017,Student,22.0
700764,10240,30042,Standard,40.0
700765,10286,30059,Standard,35.0
700766,10346,30070,Premium,65.0
700767,10375,30011,Standard,45.0
700768,10016,30078,Standard,35.0
700769,10587,30028,VIP,125.0
700770,10950,30039,Standard,35.0
700771,10260,30054,Standard,40.0
700772,10895,30011,Standard,40.0
700773,10361,30058,Premium,65.0
700774,10399,30040,Standard,35.0
700775,10460,30004,Premium,65.0
700776,10923,30064,Standard,40.0
700777,10516,30048,VIP,135.0
700778,10931,30070,Standard,40.0
700779,10763,30031,Student,22.0
700780,10085,30002,Standard,35.0
700781,10063,30043,Student,22.0
700782,10100,30041,VIP,130.0
700783,10834,30060,Premium,65.0
700784,10755,30075,Standard,35.0
700785,10295,30046,Standard,40.0
700786,10924,30040,Premium,65.0
700787,10162,30059,Premium,70.0
700788,10929,30045,Standard,40.0
700789,10178,30042,Premium,65.0
700790,10444,30021,Premium,75.0
700791,10328,30003,Standard,40.0
700792,10328,30066,Standard,35.0
700793,10764,30011,Standard,45.0
700794,10042,30024,Standard,40.0
700795,10242,30050,Standard,40.0
700796,10342,30021,Premium,70.0
700797,10091,30025,Standard,35.0
700798,10028,30004,Standard,35.0
700799,10459,30043,Standard,40.0
700800,10667,30047,Student,22.0
700801,10631,30023,Standard,45.0
700802,10385,30060,Student,22.0
700803,10487,30021,Standard,40.0
700804,10220,30066,Standard,35.0
700805,10859,30051,Premium,65.0
700806,10264,30015,Standard,40.0
700807,10121,30058,Premium,70.0
700808,10046,30026,VIP,125.0
700809,10280,30059,Standard,35.0
700810,10115,30045,Premium,75.0
700811,10168,30066,Premium,75.0
700812,10435,30035,VIP,125.0
700813,10246,30064,Standard,35.0
700814,10484,30077,Standard,35.0
700815,10375,30027,Standard,45.0
700816,10280,30080,Student,22.0
700817,10746,30031,Standard,35.0
700818,10022,30012,Standard,35.0
700819,10714,30045,Standard,40.0
700820,10068,30032,Premium,75.0
700821,10648,30054,Standard,35.0
700822,10743,30066,Standard,35.0
700823,10058,30032,Premium,70.0
700824,10527,30015,Standard,35.0
700825,10264,30055,Standard,35.0
700826,10989,30041,Standard,45.0
700827,10682,30040,Standard,45.0
700828,10423,30072,Standard,50.0
700829,10499,30049,Standard,35.0
700830,10291,30038,Standard,35.0
700831,10169,30056,Premium,70.0
700832,10560,30034,Standard,35.0
700833,10462,30001,Premium,65.0
700834,10608,30010,Standard,35.0
700835,10839,30040,Standard,50.0
700836,10556,30016,VIP,130.0
700837,10353,30046,Standard,35.0
700838,10240,30024,Standard,35.0
700839,10803,30014,VIP,135.0
700840,10283,30039,Premium,75.0
700841,10449,30018,Premium,70.0
700842,10582,30041,Premium,65.0
700843,10765,30056,Standard,35.0
700844,10066,30036,Student,27.0
700845,10327,30024,VIP,135.0
700846,10456,30029,Standard,35.0
700847,10959,30022,Premium,65.0
700848,10477,30011,Standard,35.0
700849,10848,30041,Premium,65.0
700850,10285,30049,Standard,35.0
700851,10031,30011,Standard,45.0
700852,10448,30052,Standard,35.0
700853,10214,30067,Standard,35.0
700854,10693,30075,Standard,35.0
700855,10714,30008,Standard,45.0
700856,10580,30031,Premium,70.0
700857,10025,30074,VIP,125.0
700858,10760,30006,Standard,35.0
700859,10373,30071,VIP,130.0
700860,10397,30013,Standard,35.0
700861,10337,30006,VIP,125.0
700862,10936,30067,Standard,40.0
700863,10968,30027,VIP,125.0
700864,10855,30045,Premium,80.0
700865,10903,30026,Standard,35.0
700866,10672,30004,Standard,35.0
700867,10280,30037,Student,22.0
700868,10769,30021,Premium,65.0
700869,10623,30028,Standard,35.0
700870,10559,30032,Standard,40.0
700871,10691,30053,Premium,65.0
700872,10548,30033,Student,22.0
700873,10923,30026,Standard,45.0
700874,10198,30017,VIP,135.0
700875,10554,30056,Standard,40.0
700876,10479,30030,Student,32.0
700877,10844,30005,Premium,65.0
700878,10602,30006,Standard,35.0
700879,10857,30062,Standard,35.0
700880,10580,30010,Premium,80.0
700881,10070,30070,Premium,65.0
700882,10505,30010,VIP,125.0
700883,10110,30044,Premium,65.0
700884,10382,30056,Standard,35.0
700885,10397,30004,VIP,125.0
700886,10409,30013,Premium,65.0
700887,10351,30074,VIP,125.0
700888,10534,30080,VIP,125.0
700889,10501,30019,VIP,125.0
700890,10995,30070,Standard,40.0
700891,10789,30062,Premium,70.0
700892,10911,30009,Standard,35.0
700893,10707,30046,Standard,40.0
700894,10421,30056,Standard,35.0
700895,10557,30074,VIP,125.0
700896,10922,30040,Standard,45.0
700897,10111,30067,Standard,35.0
700898,10209,30062,Standard,35.0
700899,10742,30046,Standard,45.0
700900,10439,30006,Premium,65.0
700901,10178,30029,Standard,35.0
700902,10931,30019,Standard,45.0
700903,10762,30015,Standard,35.0
700904,10425,30057,Standard,40.0
700905,10328,30038,Standard,35.0
700906,10884,30021,VIP,125.0
700907,10011,30051,VIP,125.0
700908,10252,30039,Standard,35.0
700909,10856,30020,Standard,40.0
700910,10235,30002,Student,32.0
700911,10648,30032,Standard,35.0
700912,10254,30004,Premium,75.0
700913,10566,30007,Premium,65.0
700914,10478,30003,Premium,65.0
700915,10129,30025,Student,37.0
700916,10738,30009,Standard,35.0
700917,10532,30026,Standard,35.0
700918,10100,30064,Premium,70.0
700919,10290,30018,Student,22.0
700920,10569,30002,VIP,125.0
700921,10226,30001,Premium,70.0
700922,10653,30048,VIP,135.0
700923,10125,30080,Standard,35.0
700924,10438,30063,Standard,35.0
700925,10821,30036,Standard,35.0
700926,10564,30063,Standard,35.0
700927,10646,30075,Premium,75.0
700928,10804,30026,VIP,135.0
700929,10665,30006,Premium,70.0
700930,10347,30026,Premium,70.0
700931,10698,30043,Standard,45.0
700932,10751,30001,Premium,65.0
700933,10183,30009,Standard,35.0
700934,10351,30027,Premium,65.0
700935,10515,30071,Standard,45.0
700936,10796,30003,Premium,65.0
700937,10378,30061,Standard,35.0
700938,10708,30073,Standard,35.0
700939,10465,30002,Standard,40.0
700940,10678,30074,Standard,45.0
700941,10802,30031,Standard,35.0
700942,10340,30065,Premium,70.0
700943,10141,30018,Premium,65.0
700944,10111,30006,VIP,130.0
700945,10261,30042,Premium,65.0
700946,10896,30068,Standard,35.0
700947,10188,30004,Premium,65.0
700948,10856,30004,Standard,35.0
700949,10371,30065,Standard,45.0
700950,10358,30041,Premium,80.0
700951,10273,30043,Standard,35.0
700952,10697,30055,Standard,35.0
700953,10799,30019,Premium,70.0
700954,10604,30021,Premium,65.0
700955,10449,30058,Premium,65.0
700956,10706,30030,Standard,35.0
700957,10417,30007,VIP,135.0
700958,10872,30069,Premium,70.0
700959,10861,30064,VIP,135.0
700960,10388,30002,Premium,65.0
700961,10338,30067,Standard,40.0
700962,10311,30079,Standard,40.0
700963,10920,30074,Premium,65.0
700964,10928,30009,Premium,75.0
700965,10329,30023,Standard,50.0
700966,10047,30014,Premium,75.0
700967,10656,30054,Standard,40.0
700968,10149,30045,Standard,40.0
700969,10350,30016,Standard,40.0
700970,10323,30072,Standard,45.0
700971,10865,30057,Standard,35.0
700972,10927,30008,Premium,65.0
700973,10120,30025,Standard,40.0
700974,10398,30041,Standard,45.0
700975,10646,30062,Student,22.0
700976,10197,30077,Standard,40.0
700977,10413,30018,Premium,65.0
700978,10439,30050,VIP,135.0
700979,10037,30041,Premium,70.0
700980,10187,30034,Premium,70.0
700981,10420,30012,Student,27.0
700982,10725,30080,VIP,135.0
700983,10460,30077,Standard,45.0
700984,10110,30075,Standard,45.0
700985,10187,30078,Standard,35.0
700986,10471,30042,VIP,125.0
700987,10078,30055,VIP,135.0
700988,10960,30059,VIP,135.0
700989,10939,30051,Premium,65.0
700990,10374,30053,Standard,35.0
700991,10810,30009,Standard,35.0
700992,10330,30003,Standard,35.0
700993,10125,30008,Premium,70.0
700994,10316,30059,Standard,35.0
700995,10958,30030,Standard,35.0
700996,10320,30067,VIP,135.0
700997,10475,30055,Standard,35.0
700998,10489,30034,VIP,130.0
700999,10826,30043,Standard,35.0
701000,10514,30028,Student,27.0
701001,10334,30037,Standard,35.0
701002,10071,30030,Standard,35.0
701003,10465,30071,Premium,65.0
701004,10376,30062,VIP,135.0
701005,10724,30029,Standard,40.0
701006,10008,30002,Premium,65.0
701007,10696,30057,Student,32.0
701008,10980,30057,Standard,35.0
701009,10164,30042,Premium,75.0
701010,10965,30049,Standard,35.0
701011,10781,30057,Standard,35.0
701012,10295,30071,Standard,35.0
701013,10358,30018,Standard,40.0
701014,10081,30070,Standard,35.0
701015,10774,30027,Standard,35.0
701016,10275,30054,Standard,35.0
701017,10921,30024,Premium,75.0
701018,10899,30034,Premium,75.0
701019,10617,30022,Premium,70.0
701020,10821,30063,Standard,40.0
701021,10540,30036,Student,27.0
701022,10922,30061,Standard,35.0
701023,10047,30042,Standard,45.0
701024,10392,30033,Standard,35.0
701025,10825,30074,Premium,70.0
701026,10567,30009,Standard,40.0
701027,10079,30025,Standard,40.0
701028,10513,30013,Premium,75.0
701029,10680,30047,Standard,35.0
701030,10023,30045,Standard,40.0
701031,10228,30005,Student,27.0
701032,10438,30031,Standard,35.0
701033,10298,30031,Premium,65.0
701034,10976,30071,Standard,45.0
701035,10946,30041,Standard,35.0
701036,10260,30046,Standard,35.0
701037,10776,30052,Premium,65.0
701038,10676,30005,Standard,40.0
701039,10010,30012,Premium,75.0
701040,10628,30021,Student,22.0
701041,10158,30009,Premium,65.0
701042,10868,30017,Standard,35.0
701043,10784,30024,Standard,35.0
701044,10158,30027,Standard,45.0
701045,10320,30008,Standard,35.0
701046,10876,30044,Student,22.0
701047,10202,30062,Student,27.0
701048,10121,30029,Standard,35.0
701049,10139,30074,Standard,40.0
701050,10674,30024,VIP,135.0
701051,10720,30034,Premium,65.0
701052,10567,30060,Standard,35.0
701053,10339,30031,Standard,35.0
701054,10260,30004,Standard,35.0
701055,10433,30009,VIP,125.0
701056,10044,30077,Standard,45.0
701057,10159,30054,Premium,70.0
701058,10816,30001,Standard,35.0
701059,10355,30061,VIP,135.0
701060,10098,30073,Standard,35.0
701061,10538,30031,Standard,40.0
701062,10871,30045,Standard,35.0
701063,10710,30060,Standard,35.0
701064,10609,30073,Standard,40.0
701065,10239,30042,Premium,65.0
701066,10475,30027,Standard,40.0
701067,10524,30058,Standard,35.0
701068,10557,30069,Standard,35.0
701069,10392,30073,Standard,40.0
701070,10009,30034,Standard,45.0
701071,10513,30010,Standard,35.0
701072,10389,30066,Premium,65.0
701073,10839,30025,Standard,40.0
701074,10210,30003,Standard,40.0
701075,10054,30034,Standard,40.0
701076,10616,30071,Standard,40.0
701077,10152,30028,Premium,80.0
701078,10410,30009,Standard,35.0
701079,10010,30011,Standard,40.0
701080,10957,30080,Premium,70.0
701081,10552,30039,Standard,40.0
701082,10556,30013,Standard,35.0
701083,10880,30011,Standard,40.0
701084,10268,30035,Premium,70.0
701085,10790,30008,Premium,70.0
701086,10667,30007,Premium,65.0
701087,10451,30069,VIP,125.0
701088,10594,30070,Premium,75.0
701089,10197,30057,VIP,135.0
701090,10398,30035,Standard,40.0
701091,10921,30011,Standard,40.0
701092,10052,30038,Student,22.0
701093,10735,30078,VIP,125.0
701094,10469,30049,Standard,35.0
701095,10368,30035,Standard,45.0
701096,10374,30029,VIP,125.0
701097,10059,30041,Standard,40.0
701098,10294,30006,Standard,45.0
701099,10788,30010,Premium,75.0
701100,10846,30023,Standard,40.0
701101,10788,30046,Standard,40.0
701102,10952,30012,Premium,70.0
701103,10869,30055,Standard,35.0
701104,10110,30013,Student,22.0
701105,10542,30074,Student,22.0
701106,10107,30007,Premium,65.0
701107,10297,30012,Student,32.0
701108,10852,30061,Standard,35.0
701109,10839,30025,Standard,40.0
701110,10831,30002,VIP,125.0
701111,10965,30026,Standard,50.0
701112,10095,30051,Standard,35.0
701113,10797,30069,Premium,65.0
701114,10719,30062,Premium,65.0
701115,10985,30072,Premium,75.0
701116,10845,30073,Premium,65.0
701117,10684,30039,Premium,75.0
701118,10472,30011,Premium,70.0
701119,10079,30064,Standard,35.0
701120,10984,30080,Standard,35.0
701121,10250,30042,Premium,70.0
701122,10730,30010,Standard,35.0
701123,10339,30019,Student,32.0
701124,10057,30004,Premium,65.0
701125,10920,30003,Premium,70.0
701126,10147,30014,Student,27.0
701127,10746,30010,Premium,70.0
701128,10017,30006,Standard,35.0
701129,10368,30031,Standard,45.0
701130,10709,30031,Standard,40.0
701131,10189,30048,Standard,35.0
701132,10644,30009,Standard,40.0
701133,10248,30076,Premium,70.0
701134,10150,30026,Standard,45.0
701135,10714,30002,Standard,45.0
701136,10213,30004,Standard,35.0
701137,10217,30006,Standard,35.0
701138,10006,30030,Standard,50.0
701139,10670,30055,Standard,35.0
701140,10861,30028,Premium,80.0
701141,10587,30061,Standard,40.0
701142,10395,30077,Standard,35.0
701143,10763,30055,Standard,35.0
701144,10304,30036,Premium,65.0
701145,10558,30074,Premium,75.0
701146,10411,30074,Student,22.0
701147,10403,30005,Premium,65.0
701148,10854,30029,Standard,45.0
701149,10860,30012,Standard,35.0
701150,10827,30022,Standard,40.0
701151,10380,30059,Premium,65.0
701152,10452,30039,Standard,35.0
701153,10229,30002,Premium,65.0
701154,10694,30014,Standard,35.0
701155,10505,30010,Standard,35.0
701156,10595,30048,Standard,35.0
701157,10145,30064,Premium,70.0
701158,10050,30003,Standard,40.0
701159,10424,30072,Premium,65.0
701160,10100,30060,Standard,35.0
701161,10343,30068,Standard,35.0
701162,10882,30021,Standard,35.0
701163,10732,30019,Standard,35.0
701164,10651,30079,Standard,45.0
701165,10890,30020,Standard,35.0
701166,10526,30058,Standard,35.0
701167,10013,30042,Premium,70.0
701168,10856,30010,Standard,40.0
701169,10762,30023,Standard,50.0
701170,10848,30012,Premium,65.0
701171,10924,30009,Premium,65.0
701172,10990,30079,Standard,35.0
701173,10172,30029,Premium,65.0
701174,10489,30020,Premium,65.0
701175,10831,30065,Standard,45.0
701176,10359,30003,Standard,40.0
701177,10106,30008,Standard,35.0
701178,10189,30039,Standard,35.0
701179,10987,30064,Student,32.0
701180,10529,30031,Standard,35.0
701181,10050,30072,Standard,45.0
701182,10249,30079,Student,27.0
701183,10410,30022,Premium,80.0
701184,10391,30005,Premium,75.0
701185,10379,30058,Premium,65.0
701186,10227,30073,Premium,70.0
701187,10591,30079,Premium,65.0
701188,10784,30063,Standard,35.0
701189,10213,30061,Standard,35.0
701190,10529,30052,Standard,35.0
701191,10346,30033,Standard,35.0
701192,10419,30022,Standard,35.0
701193,10763,30051,Premium,65.0
701194,10852,30011,Standard,50.0
701195,10084,30058,Standard,40.0
701196,10919,30050,Premium,65.0
701197,10197,30070,Standard,35.0
701198,10777,30017,VIP,125.0
701199,10983,30046,Premium,70.0
701200,10530,30044,Student,32.0
701201,10221,30057,Premium,65.0
701202,10843,30005,Premium,70.0
701203,10747,30039,VIP,130.0
701204,10176,30058,VIP,125.0
701205,10584,30009,Premium,65.0
701206,10603,30023,Standard,40.0
701207,10322,30047,Standard,40.0
701208,10535,30036,VIP,125.0
701209,10725,30031,Premium,65.0
701210,10394,30023,VIP,130.0
701211,10806,30056,Standard,35.0
701212,10640,30071,Standard,45.0
701213,10571,30046,Standard,35.0
701214,10324,30058,VIP,125.0
701215,10085,30036,VIP,125.0
701216,10741,30068,Standard,45.0
701217,10887,30060,Premium,70.0
701218,10427,30014,Standard,45.0
701219,10268,30025,Standard,35.0
701220,10112,30071,Standard,45.0
701221,10628,30079,Premium,75.0
701222,10949,30044,VIP,125.0
701223,10750,30046,Standard,50.0
701224,10398,30013,Standard,45.0
701225,10052,30062,Premium,80.0
701226,10084,30019,Standard,45.0
701227,10623,30012,Student,27.0
701228,10712,30048,VIP,135.0
701229,10731,30033,Standard,35.0
701230,10741,30079,Standard,40.0
701231,10829,30037,Standard,35.0
701232,10425,30006,Standard,40.0
701233,10021,30043,Premium,70.0
701234,10688,30050,Standard,40.0
701235,10056,30046,VIP,135.0
701236,10291,30073,Premium,65.0
701237,10812,30028,Student,22.0
701238,10807,30067,Standard,35.0
701239,10655,30011,VIP,125.0
701240,10908,30020,Premium,70.0
701241,10373,30030,Standard,40.0
701242,10738,30036,Standard,35.0
701243,10008,30076,VIP,125.0
701244,10124,30068,Standard,35.0
701245,10758,30036,Standard,40.0
701246,10101,30058,VIP,130.0
701247,10990,30028,Standard,35.0
701248,10835,30039,Standard,40.0
701249,10862,30066,Premium,65.0
701250,10093,30043,Premium,70.0
701251,10385,30005,Standard,35.0
701252,10766,30013,Standard,50.0
701253,10080,30009,Premium,65.0
701254,10298,30057,Premium,70.0
701255,10031,30027,Premium,65.0
701256,10378,30061,Standard,35.0
701257,10330,30077,VIP,125.0
701258,10926,30050,Standard,35.0
701259,10299,30034,Student,32.0
701260,10282,30065,Standard,35.0
701261,10012,30045,Standard,40.0
701262,10639,30034,Standard,40.0
701263,10872,30073,Standard,35.0
701264,10699,30008,Standard,35.0
701265,10069,30048,Premium,75.0
701266,10841,30036,VIP,125.0
701267,10523,30066,Standard,35.0
701268,10815,30011,Standard,40.0
701269,10023,30052,VIP,125.0
701270,10337,30036,Standard,35.0
701271,10427,30031,Standard,35.0
701272,10845,30024,Standard,50.0
701273,10209,30021,Standard,35.0
701274,10215,30030,Standard,50.0
701275,10635,30072,Premium,65.0
701276,10423,30064,Standard,35.0
701277,10073,30039,Premium,75.0
701278,10722,30001,Standard,35.0
701279,10823,30042,Standard,35.0
701280,10786,30077,Standard,35.0
701281,10606,30005,Student,37.0
701282,10938,30012,Standard,35.0
701283,10748,30029,Standard,40.0
701284,10666,30003,Standard,35.0
701285,10274,30061,Standard,35.0
701286,10725,30051,Standard,35.0
701287,10640,30036,Standard,45.0
701288,10233,30075,Standard,40.0
701289,10041,30002,Student,27.0
701290,10938,30029,Standard,35.0
701291,10289,30041,Premium,65.0
701292,10555,30029,Standard,40.0
701293,10270,30064,Standard,40.0
701294,10439,30058,Student,27.0
701295,10314,30010,Premium,65.0
701296,10510,30011,Premium,80.0
701297,10394,30007,Premium,65.0
701298,10028,30077,Student,22.0
701299,10270,30061,Premium,75.0
701300,10467,30066,Standard,40.0
701301,10922,30053,Standard,35.0
701302,10074,30065,Premium,70.0
701303,10657,30027,Premium,65.0
701304,10674,30007,Premium,65.0
701305,10246,30065,Standard,40.0
701306,10782,30058,Student,22.0
701307,10410,30025,Standard,35.0
701308,10498,30048,Premium,65.0
701309,10418,30004,Standard,35.0
701310,10211,30008,Student,22.0
701311,10792,30068,Standard,45.0
701312,10223,30060,Standard,40.0
701313,10360,30004,Student,22.0
701314,10582,30008,VIP,130.0
701315,10020,30016,Standard,45.0
701316,10423,30019,Student,27.0
701317,10121,30001,Premium,65.0
701318,10173,30034,Standard,35.0
701319,10034,30045,Standard,45.0
701320,10918,30063,Standard,35.0
701321,10071,30006,Premium,65.0
701322,10545,30036,Premium,70.0
701323,10774,30066,Standard,35.0
701324,10784,30078,VIP,140.0
701325,10968,30008,VIP,135.0
701326,10621,30067,Premium,70.0
701327,10535,30027,VIP,135.0
701328,10658,30034,Premium,65.0
701329,10014,30028,Standard,40.0
701330,10306,30031,Premium,70.0
701331,10829,30017,Student,22.0
701332,10548,30055,Standard,45.0
701333,10271,30075,Student,32.0
701334,10773,30009,Standard,50.0
701335,10053,30057,Standard,40.0
701336,10494,30045,Premium,65.0
701337,10560,30006,Premium,65.0
701338,10463,30014,Premium,65.0
701339,10523,30031,Standard,35.0
701340,10770,30054,Premium,65.0
701341,10855,30011,Premium,70.0
701342,10792,30069,Standard,40.0
701343,10722,30002,Premium,65.0
701344,10324,30017,VIP,125.0
701345,10847,30036,Standard,35.0
701346,10524,30003,Standard,40.0
701347,10443,30063,Standard,50.0
701348,10251,30043,Premium,70.0
701349,10835,30033,Standard,35.0
701350,10160,30078,Standard,35.0
701351,10036,30029,Standard,40.0
701352,10661,30023,Standard,35.0
701353,10880,30059,Standard,50.0
701354,10198,30049,Standard,35.0
701355,10450,30055,Standard,35.0
701356,10378,30075,Standard,35.0
701357,10246,30028,Student,27.0
701358,10393,30071,Standard,35.0
701359,10204,30072,VIP,125.0
701360,10044,30025,Premium,65.0
701361,10315,30007,Standard,35.0
701362,10408,30073,Standard,50.0
701363,10895,30075,Student,22.0
701364,10831,30034,Premium,65.0
701365,10206,30022,Standard,35.0
701366,10241,30067,Standard,35.0
701367,10041,30050,Standard,40.0
701368,10588,30048,Premium,65.0
701369,10987,30072,VIP,130.0
701370,10714,30070,Standard,45.0
701371,10363,30057,Standard,35.0
701372,10898,30025,Standard,45.0
701373,10095,30066,Student,32.0
701374,10540,30016,Standard,35.0
701375,10144,30058,VIP,125.0
701376,10059,30041,Standard,45.0
701377,10641,30051,Premium,70.0
701378,10854,30021,Standard,35.0
701379,10509,30079,VIP,125.0
701380,10513,30056,Standard,40.0
701381,10799,30047,Premium,65.0
701382,10022,30043,Standard,40.0
701383,10738,30031,Premium,70.0
701384,10204,30015,Standard,45.0
701385,10699,30048,Standard,40.0
701386,10887,30062,Standard,40.0
701387,10471,30070,Standard,40.0
701388,10284,30003,Standard,35.0
701389,10372,30038,Standard,40.0
701390,10498,30058,Standard,40.0
701391,10332,30067,Standard,45.0
701392,10027,30045,Standard,40.0
701393,10855,30044,Standard,40.0
701394,10129,30008,Standard,35.0
701395,10380,30066,Standard,45.0
701396,10507,30071,VIP,125.0
701397,10875,30061,Standard,50.0
701398,10898,30017,Premium,65.0
701399,10095,30071,Standard,35.0
701400,10578,30036,Student,32.0
701401,10177,30068,Standard,40.0
701402,10473,30080,VIP,130.0
701403,10486,30021,Standard,35.0
701404,10275,30046,Standard,45.0
701405,10668,30046,Standard,40.0
701406,10966,30016,Standard,35.0
701407,10423,30022,Standard,45.0
701408,10531,30006,Standard,40.0
701409,10895,30056,VIP,125.0
701410,10884,30045,Standard,35.0
701411,10320,30058,Standard,40.0
701412,10058,30028,Premium,75.0
701413,10273,30017,Premium,65.0
701414,10198,30036,Standard,40.0
701415,10079,30012,Premium,70.0
701416,10982,30050,Standard,35.0
701417,10041,30059,Standard,35.0
701418,10738,30012,Standard,40.0
701419,10773,30062,Standard,40.0
701420,10245,30040,Standard,40.0
701421,10023,30002,Standard,45.0
701422,10709,30025,Standard,40.0
701423,10236,30074,Premium,70.0
701424,10126,30031,Premium,65.0
701425,10778,30047,Premium,65.0
701426,10836,30060,Premium,70.0
701427,10140,30073,VIP,130.0
701428,10879,30041,VIP,125.0
701429,10394,30050,VIP,130.0
701430,10828,30023,Standard,40.0
701431,10127,30012,Standard,35.0
701432,10798,30071,Standard,40.0
701433,10114,30022,Standard,35.0
701434,10920,30056,Standard,40.0
701435,10837,30016,Standard,40.0
701436,10525,30058,Student,27.0
701437,10228,30072,Standard,35.0
701438,10521,30051,Standard,35.0
701439,10146,30006,Standard,35.0
701440,10163,30002,Premium,70.0
701441,10735,30062,Standard,35.0
701442,10728,30042,Standard,35.0
701443,10900,30043,Student,37.0
701444,10169,30052,Premium,65.0
701445,10538,30058,Premium,65.0
701446,10125,30020,Student,27.0
701447,10300,30056,Standard,40.0
701448,10250,30067,Premium,65.0
701449,10938,30059,Standard,40.0
701450,10522,30048,Premium,65.0
701451,10105,30035,Standard,35.0
701452,10618,30008,Standard,35.0
701453,10969,30076,Standard,35.0
701454,10513,30032,Standard,40.0
701455,10694,30045,Standard,35.0
701456,10912,30067,Standard,40.0
701457,10506,30027,Premium,65.0
701458,10302,30003,Standard,35.0
701459,10653,30057,Standard,35.0
701460,10230,30065,Premium,65.0
701461,10064,30020,Premium,65.0
701462,10590,30071,Standard,40.0
701463,10232,30041,Standard,45.0
701464,10599,30001,Premium,70.0
701465,10183,30074,Standard,40.0
701466,10319,30076,Standard,35.0
701467,10658,30004,Standard,40.0
701468,10829,30071,VIP,130.0
701469,10092,30010,Standard,35.0
701470,10635,30029,Standard,45.0
701471,10788,30015,VIP,125.0
701472,10961,30019,Standard,35.0
701473,10064,30058,Standard,35.0
701474,10844,30053,Standard,45.0
701475,10219,30046,Student,32.0
701476,10704,30018,Premium,75.0
701477,10619,30003,Premium,70.0
701478,10909,30070,Standard,40.0
701479,10247,30022,Standard,35.0
701480,10964,30055,Standard,35.0
701481,10473,30064,Standard,45.0
701482,10966,30041,Premium,65.0
701483,10057,30008,Premium,65.0
701484,10045,30065,VIP,125.0
701485,10888,30003,Standard,35.0
701486,10086,30029,Standard,35.0
701487,10038,30070,Premium,65.0
701488,10182,30018,Standard,35.0
701489,10164,30058,VIP,125.0
701490,10757,30001,Standard,35.0
701491,10835,30022,Premium,75.0
701492,10889,30023,Student,27.0
701493,10126,30008,Standard,40.0
701494,10207,30029,Standard,40.0
701495,10267,30044,Standard,35.0
701496,10354,30062,Premium,75.0
701497,10411,30019,Standard,45.0
701498,10599,30059,Standard,35.0
701499,10657,30080,Premium,65.0
701500,10122,30019,Premium,70.0
701501,10508,30022,VIP,125.0
701502,10983,30068,Standard,45.0
701503,10610,30005,Standard,40.0
701504,10469,30005,VIP,125.0
701505,10801,30025,Standard,35.0
701506,10133,30024,Premium,70.0
701507,10379,30001,Premium,65.0
701508,10849,30028,Standard,45.0
701509,10318,30047,Standard,35.0
701510,10577,30060,Standard,50.0
701511,10711,30019,Standard,35.0
701512,10125,30014,Standard,40.0
701513,10451,30070,Premium,65.0
701514,10858,30008,Standard,35.0
701515,10720,30037,Standard,40.0
701516,10208,30072,Standard,35.0
701517,10300,30010,Standard,35.0
701518,10489,30067,Standard,35.0
701519,10633,30013,Standard,35.0
701520,10142,30039,Standard,35.0
701521,10474,30064,Standard,40.0
701522,10859,30030,Standard,35.0
701523,10569,30004,Premium,65.0
701524,10304,30045,Standard,35.0
701525,10657,30006,Standard,45.0
701526,10556,30016,Student,32.0
701527,10644,30022,Premium,70.0
701528,10593,30021,Standard,45.0
701529,10865,30065,Standard,45.0
701530,10030,30030,Premium,65.0
701531,10377,30024,Standard,35.0
701532,10341,30064,Standard,35.0
701533,10209,30013,Standard,35.0
701534,10971,30026,VIP,130.0
701535,10243,30020,Standard,40.0
701536,10695,30061,Standard,40.0
701537,10158,30006,Standard,35.0
701538,10146,30043,Standard,40.0
701539,10340,30049,Standard,35.0
701540,10866,30009,VIP,125.0
701541,10745,30037,Standard,50.0
701542,10092,30016,Student,22.0
701543,10329,30004,Standard,35.0
701544,10172,30032,Standard,40.0
701545,10702,30017,Standard,45.0
701546,10031,30041,Premium,65.0
701547,10621,30045,Standard,40.0
701548,10272,30016,Premium,75.0
701549,10095,30020,Standard,35.0
701550,10989,30042,Standard,35.0
701551,10077,30010,Premium,70.0
701552,10151,30052,Standard,35.0
701553,10142,30060,Standard,35.0
701554,10231,30048,Standard,45.0
701555,10770,30023,Standard,40.0
701556,10908,30033,Premium,65.0
701557,10954,30077,Standard,35.0
701558,10128,30025,Student,27.0
701559,10860,30050,VIP,125.0
701560,10736,30070,Standard,40.0
701561,10696,30079,Standard,40.0
701562,10497,30055,Premium,65.0
701563,10280,30068,VIP,140.0
701564,10805,30078,Standard,45.0
701565,10541,30004,VIP,125.0
701566,10810,30028,VIP,125.0
701567,10530,30029,Standard,35.0
701568,10131,30048,Premium,65.0
701569,10461,30072,Standard,35.0
701570,10269,30013,Standard,35.0
701571,10618,30043,Standard,35.0
701572,10669,30009,Standard,35.0
701573,10962,30040,Premium,65.0
701574,10571,30046,Standard,35.0
701575,10604,30058,Standard,35.0
701576,10944,30056,VIP,125.0
701577,10260,30012,Standard,45.0
701578,10051,30025,Standard,35.0
701579,10133,30016,Premium,75.0
701580,10679,30051,Standard,35.0
701581,10809,30080,VIP,130.0
701582,10005,30072,Standard,35.0
701583,10648,30053,Premium,75.0
701584,10738,30052,Standard,35.0
701585,10502,30067,Standard,50.0
701586,10184,30024,Standard,35.0
701587,10409,30014,Standard,35.0
701588,10091,30022,Standard,35.0
701589,10436,30031,Premium,70.0
701590,10820,30058,Standard,50.0
701591,10903,30069,Standard,35.0
701592,10189,30019,Standard,40.0
701593,10996,30053,Premium,70.0
701594,10480,30002,Premium,70.0
701595,10981,30053,Standard,40.0
701596,10815,30067,VIP,125.0
701597,10383,30047,VIP,125.0
701598,10850,30053,Standard,40.0
701599,10322,30057,Premium,65.0
701600,10443,30025,Standard,45.0
701601,10490,30035,Student,32.0
701602,10133,30029,Standard,45.0
701603,10684,30076,Student,22.0
701604,10426,30017,Standard,35.0
701605,10250,30080,Standard,35.0
701606,10061,30049,Premium,80.0
701607,10959,30056,Premium,65.0
701608,10562,30073,Premium,65.0
701609,10422,30003,VIP,125.0
701610,10476,30022,Premium,65.0
701611,10223,30014,Premium,65.0
701612,10438,30003,Standard,35.0
701613,10684,30038,Standard,35.0
701614,10920,30021,Standard,50.0
701615,10384,30051,Premium,70.0
701616,10319,30024,Standard,40.0
701617,10225,30045,Standard,35.0
701618,10423,30069,Standard,45.0
701619,10908,30044,VIP,135.0
701620,10191,30047,Standard,50.0
701621,10871,30057,Standard,35.0
701622,10777,30019,Standard,45.0
701623,10756,30034,Standard,35.0
701624,10079,30003,Standard,35.0
701625,10855,30039,Standard,35.0
701626,10365,30075,Standard,40.0
701627,10022,30060,Premium,70.0
701628,10548,30010,Premium,65.0
701629,10330,30040,Standard,40.0
701630,10156,30002,Premium,65.0
701631,10056,30045,Premium,65.0
701632,10867,30027,Premium,65.0
701633,10248,30053,Standard,35.0
701634,10925,30009,Standard,35.0
701635,10261,30001,Premium,65.0
701636,10772,30033,Standard,50.0
701637,10435,30038,Standard,45.0
701638,10527,30057,Standard,35.0
701639,10478,30033,Premium,70.0
701640,10700,30048,Standard,35.0
701641,10538,30003,Standard,35.0
701642,10535,30032,VIP,125.0
701643,10381,30077,VIP,125.0
701644,10103,30021,Standard,35.0
701645,10029,30068,Standard,35.0
701646,10854,30017,Premium,65.0
701647,10483,30042,Standard,45.0
701648,10057,30068,Premium,80.0
701649,10062,30012,Premium,75.0
701650,10955,30045,Standard,50.0
701651,10048,30036,Standard,35.0
701652,10367,30080,Standard,40.0
701653,10978,30051,Premium,65.0
701654,10547,30007,Standard,45.0
701655,10558,30033,Standard,45.0
701656,10545,30048,Standard,35.0
701657,10327,30066,Standard,35.0
701658,10738,30033,Standard,35.0
701659,10266,30078,Standard,35.0
701660,10728,30027,Premium,80.0
701661,10729,30047,Standard,45.0
701662,10176,30066,Standard,35.0
701663,10044,30043,Premium,65.0
701664,10219,30080,Premium,65.0
701665,10126,30019,Premium,80.0
701666,10882,30068,Standard,45.0
701667,10966,30010,Standard,40.0
701668,10379,30022,Standard,40.0
701669,10319,30076,VIP,130.0
701670,10305,30066,VIP,125.0
701671,10200,30002,VIP,135.0
701672,10085,30018,Standard,35.0
701673,10041,30080,Premium,65.0
701674,10723,30019,VIP,125.0
701675,10866,30030,Standard,40.0
701676,10551,30006,Standard,35.0
701677,10363,30027,Standard,40.0
701678,10919,30015,Standard,45.0
701679,10269,30031,Standard,40.0
701680,10362,30044,VIP,130.0
701681,10367,30076,VIP,125.0
701682,10181,30010,Student,22.0
701683,10231,30021,Standard,35.0
701684,10988,30047,Standard,35.0
701685,10070,30055,Premium,75.0
701686,10825,30036,Standard,45.0
701687,10588,30074,Standard,35.0
701688,10963,30058,Premium,75.0
701689,10944,30019,Standard,40.0
701690,10788,30064,Standard,50.0
701691,10489,30010,Standard,35.0
701692,10234,30049,Student,27.0
701693,10830,30054,Standard,35.0
701694,10429,30061,Standard,35.0
701695,10831,30059,Student,22.0
701696,10648,30002,Standard,35.0
701697,10666,30075,Standard,35.0
701698,10294,30008,Standard,35.0
701699,10348,30019,Standard,40.0
701700,10099,30080,Standard,40.0
701701,10876,30068,VIP,140.0
701702,10361,30014,Standard,35.0
701703,10937,30022,Premium,75.0
701704,10875,30017,Standard,40.0
701705,10358,30063,Standard,35.0
701706,10130,30026,Standard,40.0
701707,10519,30036,Standard,40.0
701708,10383,30045,Standard,35.0
701709,10617,30030,Standard,40.0
701710,10921,30021,Standard,40.0
701711,10819,30020,Premium,80.0
701712,10562,30042,Standard,45.0
701713,10736,30056,Standard,40.0
701714,10064,30012,Premium,70.0
701715,10396,30008,Standard,45.0
701716,10181,30063,VIP,140.0
701717,10587,30056,Premium,75.0
701718,10778,30007,Student,27.0
701719,10189,30062,Standard,35.0
701720,10183,30061,Student,32.0
701721,10867,30010,Premium,65.0
701722,10492,30050,Premium,70.0
701723,10580,30020,VIP,125.0
701724,10170,30028,Standard,35.0
701725,10322,30014,VIP,125.0
701726,10172,30076,Standard,45.0
701727,10284,30008,Premium,70.0
701728,10619,30007,Standard,35.0
701729,10366,30005,Standard,40.0
701730,10111,30001,Standard,50.0
701731,10078,30073,Student,22.0
701732,10698,30010,Premium,70.0
701733,10253,30058,Premium,65.0
701734,10236,30065,Premium,75.0
701735,10093,30060,Standard,35.0
701736,10642,30020,Standard,50.0
701737,10695,30058,Standard,35.0
701738,10034,30043,Standard,35.0
701739,10481,30029,Premium,65.0
701740,10404,30002,Premium,65.0
701741,10815,30026,Standard,40.0
701742,10222,30075,Standard,35.0
701743,10886,30059,Standard,35.0
701744,10896,30001,Standard,40.0
701745,10490,30031,Standard,45.0
701746,10794,30038,Standard,45.0
701747,10340,30022,Standard,40.0
701748,10513,30066,VIP,140.0
701749,10961,30047,Standard,40.0
701750,10985,30001,Premium,65.0
701751,10609,30050,Premium,65.0
701752,10599,30036,Standard,35.0
701753,10843,30045,Premium,65.0
701754,10252,30036,Premium,75.0
701755,10364,30034,Standard,45.0
701756,10527,30009,Standard,35.0
701757,10142,30076,Premium,65.0
701758,10311,30004,Standard,40.0
701759,10385,30079,Standard,50.0
701760,10801,30063,Standard,35.0
701761,10582,30004,Standard,35.0
701762,10312,30005,Premium,80.0
701763,10279,30010,Premium,80.0
701764,10566,30044,Standard,35.0
701765,10346,30040,Standard,35.0
701766,10387,30036,Student,27.0
701767,10302,30035,Premium,75.0
701768,10764,30059,Premium,65.0
701769,10507,30065,Standard,45.0
701770,10247,30031,Standard,35.0
701771,10646,30046,VIP,130.0
701772,10488,30049,Standard,40.0
701773,10756,30006,Premium,65.0
701774,10921,30070,Premium,65.0
701775,10239,30019,Standard,35.0
701776,10529,30042,Premium,75.0
701777,10924,30030,Standard,35.0
701778,10928,30026,Premium,70.0
701779,10349,30003,Student,27.0
701780,10791,30033,Student,27.0
701781,10745,30050,Premium,75.0
701782,10912,30031,Standard,40.0
701783,10352,30068,Premium,70.0
701784,10154,30010,Premium,70.0
701785,10510,30022,Standard,40.0
701786,10929,30063,Standard,35.0
701787,10186,30054,Premium,75.0
701788,10944,30051,Standard,35.0
701789,10595,30004,VIP,130.0
701790,10567,30037,Standard,40.0
701791,10425,30071,Standard,35.0
701792,10062,30063,Standard,35.0
701793,10401,30051,VIP,125.0
701794,10870,30008,VIP,125.0
701795,10059,30001,Standard,45.0
701796,10142,30008,Premium,75.0
701797,10466,30055,Standard,35.0
701798,10149,30009,Premium,65.0
701799,10447,30051,Premium,75.0
701800,10174,30016,Standard,35.0
701801,10311,30053,Standard,50.0
701802,10062,30059,Standard,35.0
701803,10167,30045,Standard,40.0
701804,10682,30037,Standard,35.0
701805,10816,30066,Standard,35.0
701806,10103,30064,Premium,65.0
701807,10028,30036,Standard,40.0
701808,10596,30076,Standard,35.0
701809,10508,30050,Premium,70.0
701810,10134,30053,VIP,125.0
701811,10059,30057,Premium,65.0
701812,10090,30019,Student,22.0
701813,10070,30026,Standard,35.0
701814,10935,30068,Premium,65.0
701815,10185,30043,Standard,35.0
701816,10438,30058,Premium,70.0
701817,10572,30077,Standard,50.0
701818,10474,30059,Premium,70.0
701819,10657,30046,Standard,35.0
701820,10168,30068,Standard,35.0
701821,10578,30040,Premium,65.0
701822,10883,30013,VIP,125.0
701823,10124,30009,Standard,35.0
701824,10213,30066,VIP,125.0
701825,10182,30053,Standard,35.0
701826,10071,30076,Premium,65.0
701827,10556,30004,Student,22.0
701828,10852,30014,Standard,35.0
701829,10195,30008,Standard,35.0
701830,10569,30062,Standard,40.0
701831,10292,30045,Standard,35.0
701832,10057,30067,Premium,65.0
701833,10889,30062,Premium,65.0
701834,10683,30078,Student,22.0
701835,10300,30070,Standard,45.0
701836,10318,30036,Standard,35.0
701837,10371,30001,Standard,35.0
701838,10083,30060,VIP,130.0
701839,10829,30074,Standard,40.0
701840,10094,30013,Student,32.0
701841,10267,30012,Standard,45.0
701842,10845,30075,Premium,65.0
701843,10376,30017,Standard,35.0
701844,10161,30047,VIP,130.0
701845,10614,30053,Standard,50.0
701846,10502,30067,Premium,75.0
701847,10377,30010,Premium,65.0
701848,10112,30046,Standard,35.0
701849,10578,30004,Standard,40.0
701850,10622,30057,Premium,65.0
701851,10632,30038,Standard,35.0
701852,10279,30012,VIP,130.0
701853,10754,30031,Premium,65.0
701854,10433,30002,Standard,45.0
701855,10660,30001,Premium,75.0
701856,10242,30025,Premium,65.0
701857,10222,30005,Premium,70.0
701858,10783,30048,Premium,70.0
701859,10962,30014,Standard,35.0
701860,10286,30052,Student,22.0
701861,10985,30074,Standard,35.0
701862,10004,30021,VIP,135.0
701863,10320,30025,Standard,35.0
701864,10321,30067,Standard,35.0
701865,10008,30050,Standard,35.0
701866,10052,30033,Standard,35.0
701867,10142,30017,Student,22.0
701868,10826,30070,Standard,35.0
701869,10779,30034,Standard,35.0
701870,10827,30026,Standard,40.0
701871,10280,30042,Standard,40.0
701872,10088,30031,Standard,40.0
701873,10160,30051,Standard,35.0
701874,10985,30036,Standard,40.0
701875,10814,30013,Standard,35.0
701876,10028,30080,Standard,35.0
701877,10528,30013,Standard,35.0
701878,10810,30032,Premium,65.0
701879,10871,30005,Premium,65.0
701880,10272,30012,Premium,65.0
701881,10100,30059,Student,22.0
701882,10908,30041,VIP,125.0
701883,10204,30037,Standard,35.0
701884,10190,30068,Standard,50.0
701885,10546,30048,VIP,130.0
701886,10294,30043,Premium,75.0
701887,10895,30041,Standard,40.0
701888,10980,30056,Standard,35.0
701889,10943,30069,Student,37.0
701890,10975,30011,VIP,135.0
701891,10790,30009,Standard,35.0
701892,10848,30028,Student,22.0
701893,10344,30022,Student,22.0
701894,10771,30075,Standard,45.0
701895,10769,30006,VIP,125.0
701896,10053,30026,VIP,130.0
701897,10704,30016,Standard,40.0
701898,10684,30014,Premium,65.0
701899,10047,30035,Standard,40.0
701900,10422,30042,Premium,70.0
701901,10703,30053,VIP,125.0
701902,10883,30022,Standard,35.0
701903,10465,30053,Standard,45.0
701904,10553,30066,VIP,125.0
701905,10917,30013,Student,27.0
701906,10429,30011,Standard,35.0
701907,10397,30012,VIP,125.0
701908,10194,30053,Standard,50.0
701909,10066,30009,Standard,35.0
701910,10555,30071,Premium,65.0
701911,10702,30017,Premium,70.0
701912,10601,30061,Premium,70.0
701913,10476,30010,Standard,35.0
701914,10688,30038,Standard,45.0
701915,10881,30039,Student,22.0
701916,10026,30030,Standard,40.0
701917,10099,30034,Standard,35.0
701918,10476,30033,VIP,125.0
701919,10573,30032,Premium,75.0
701920,10893,30012,Standard,40.0
701921,10762,30065,Standard,40.0
701922,10887,30010,VIP,125.0
701923,10830,30019,Student,32.0
701924,10737,30023,Standard,35.0
701925,10082,30057,Standard,35.0
701926,10398,30059,Standard,45.0
701927,10694,30054,VIP,125.0
701928,10937,30074,Standard,35.0
701929,10700,30002,Premium,80.0
701930,10393,30048,Standard,50.0
701931,10044,30006,Standard,40.0
701932,10824,30043,VIP,125.0
701933,10478,30017,Standard,35.0
701934,10771,30079,VIP,125.0
701935,10610,30036,Standard,35.0
701936,10865,30024,Standard,35.0
701937,10091,30061,Standard,35.0
701938,10827,30029,Standard,35.0
701939,10329,30078,Standard,35.0
701940,10653,30058,Premium,70.0
701941,10414,30066,Standard,35.0
701942,10821,30053,VIP,135.0
701943,10764,30070,Standard,35.0
701944,10720,30009,Standard,35.0
701945,10691,30076,Standard,40.0
701946,10810,30042,VIP,125.0
701947,10922,30039,Standard,35.0
701948,10699,30069,Standard,40.0
701949,10837,30040,Standard,35.0
701950,10110,30059,Standard,45.0
701951,10219,30044,Standard,40.0
701952,10463,30065,Standard,35.0
701953,10860,30074,Standard,35.0
701954,10515,30011,Standard,40.0
701955,10553,30005,Premium,70.0
701956,10637,30077,Premium,75.0
701957,10257,30074,Premium,70.0
701958,10193,30049,Standard,35.0
701959,10627,30051,Standard,35.0
701960,10070,30036,VIP,130.0
701961,10459,30016,Standard,35.0
701962,10382,30007,Standard,40.0
701963,10818,30044,VIP,130.0
701964,10494,30026,Student,27.0
701965,10848,30036,VIP,125.0
701966,10097,30053,Student,27.0
701967,10728,30044,VIP,125.0
701968,10827,30012,Premium,70.0
701969,10224,30068,Standard,40.0
701970,10842,30023,Student,22.0
701971,10831,30030,VIP,125.0
701972,10281,30063,Standard,40.0
701973,10906,30003,Standard,35.0
701974,10333,30080,Standard,35.0
701975,10892,30034,Student,32.0
701976,10641,30049,Standard,40.0
701977,10611,30044,Standard,40.0
701978,10782,30041,Standard,35.0
701979,10405,30048,Student,37.0
701980,10496,30071,Premium,70.0
701981,10759,30008,Standard,35.0
701982,10186,30007,Standard,40.0
701983,10756,30037,Standard,35.0
701984,10038,30055,Standard,35.0
701985,10769,30071,Premium,65.0
701986,10852,30050,Standard,35.0
701987,10760,30021,Standard,40.0
701988,10645,30034,Standard,35.0
701989,10488,30049,Standard,40.0
701990,10556,30027,Student,22.0
701991,10992,30008,Standard,35.0
701992,10705,30034,Standard,35.0
701993,10506,30018,Standard,35.0
701994,10489,30051,Standard,35.0
701995,10057,30012,Standard,35.0
701996,10512,30051,Standard,40.0
701997,10248,30063,Premium,70.0
701998,10104,30040,Standard,40.0
701999,10557,30022,Standard,40.0
702000,10060,30008,VIP,135.0
702001,10578,30028,Standard,35.0
702002,10735,30050,Premium,80.0
702003,10559,30047,Standard,35.0
702004,10238,30056,Standard,40.0
702005,10371,30032,Standard,40.0
702006,10026,30011,Standard,40.0
702007,10393,30021,VIP,140.0
702008,10819,30026,Standard,35.0
702009,10606,30014,Premium,65.0
702010,10110,30079,Premium,65.0
702011,10392,30014,Standard,35.0
702012,10773,30076,Premium,70.0
702013,10254,30003,Standard,35.0
702014,10807,30057,Premium,75.0
702015,10836,30007,Premium,70.0
702016,10552,30039,Standard,35.0
702017,10804,30057,Standard,35.0
702018,10917,30065,Standard,35.0
702019,10766,30025,Standard,45.0
702020,10097,30031,Standard,40.0
702021,10538,30010,Student,22.0
702022,10104,30077,Standard,35.0
702023,10615,30072,Standard,35.0
702024,10587,30009,Standard,35.0
702025,10597,30079,Standard,40.0
702026,10496,30008,Standard,40.0
702027,10214,30019,Standard,35.0
702028,10113,30030,Standard,45.0
702029,10312,30009,Standard,35.0
702030,10569,30047,Premium,65.0
702031,10955,30046,VIP,130.0
702032,10896,30001,Standard,35.0
702033,10101,30003,VIP,125.0
702034,10762,30034,Standard,40.0
702035,10647,30025,Premium,65.0
702036,10938,30030,Standard,35.0
702037,10653,30001,VIP,130.0
702038,10084,30018,VIP,125.0
702039,10719,30033,Premium,65.0
702040,10742,30009,Premium,65.0
702041,10930,30007,Standard,35.0
702042,10868,30030,Standard,35.0
702043,10949,30077,Premium,75.0
702044,10302,30013,Standard,45.0
702045,10953,30013,Standard,35.0
702046,10573,30042,Standard,45.0
702047,10217,30074,Premium,65.0
702048,10568,30078,Standard,35.0
702049,10541,30063,Premium,70.0
702050,10623,30069,Premium,70.0
702051,10092,30036,Standard,35.0
702052,10654,30035,Standard,35.0
702053,10452,30046,Student,22.0
702054,10614,30045,VIP,125.0
702055,10071,30056,Standard,35.0
702056,10525,30005,Standard,40.0
702057,10401,30044,Standard,35.0
702058,10669,30028,Standard,35.0
702059,10081,30042,Standard,35.0
702060,10100,30031,Student,32.0
702061,10595,30007,Student,22.0
702062,10218,30007,Premium,65.0
702063,10884,30004,Standard,35.0
702064,10749,30032,Standard,40.0
702065,10125,30028,Premium,65.0
702066,10201,30056,Premium,65.0
702067,10002,30004,Standard,35.0
702068,10574,30008,Premium,65.0
702069,10020,30014,Premium,65.0
702070,10983,30030,Premium,65.0
702071,10722,30003,Standard,35.0
702072,10952,30002,Premium,70.0
702073,10858,30010,Standard,35.0
702074,10180,30070,Premium,70.0
702075,10409,30071,Standard,35.0
702076,10062,30016,Standard,50.0
702077,10273,30070,Standard,50.0
702078,10807,30080,Standard,40.0
702079,10753,30076,Student,37.0
702080,10763,30079,Standard,35.0
702081,10010,30022,VIP,130.0
702082,10699,30035,Standard,35.0
702083,10921,30079,Standard,40.0
702084,10622,30049,Standard,35.0
702085,10540,30002,Standard,35.0
702086,10986,30066,Premium,80.0
702087,10460,30019,Standard,35.0
702088,10061,30069,Premium,70.0
702089,10058,30004,Standard,40.0
702090,10300,30041,Standard,35.0
702091,10497,30056,Standard,35.0
702092,10339,30055,Premium,65.0
702093,10252,30031,Premium,75.0
702094,10407,30022,Standard,50.0
702095,10974,30075,Standard,40.0
702096,10256,30048,Premium,75.0
702097,10381,30080,Student,22.0
702098,10145,30004,Standard,35.0
702099,10591,30021,Premium,65.0
702100,10341,30041,Standard,40.0
702101,10806,30045,Standard,35.0
702102,10798,30008,Student,27.0
702103,10403,30009,Premium,70.0
702104,10288,30018,VIP,125.0
702105,10989,30031,Standard,35.0
702106,10214,30035,Standard,35.0
702107,10532,30030,Premium,70.0
702108,10870,30018,VIP,125.0
702109,10742,30041,VIP,125.0
702110,10576,30024,Standard,40.0
702111,10548,30048,Standard,35.0
702112,10961,30014,Standard,35.0
702113,10211,30019,Standard,40.0
702114,10171,30060,Standard,40.0
702115,10538,30022,Standard,40.0
702116,10263,30030,Premium,65.0
702117,10802,30015,Premium,65.0
702118,10676,30021,VIP,130.0
702119,10390,30026,Student,22.0
702120,10421,30012,Standard,45.0
702121,10062,30007,VIP,125.0
702122,10086,30075,Premium,65.0
702123,10585,30035,Student,22.0
702124,10491,30068,Standard,45.0
702125,10896,30002,Standard,40.0
702126,10060,30020,Premium,65.0
702127,10477,30047,VIP,130.0
702128,10320,30012,Premium,65.0
702129,10690,30053,Premium,65.0
702130,10052,30017,Standard,35.0
702131,10657,30018,Premium,65.0
702132,10828,30024,Premium,65.0
702133,10077,30072,Premium,65.0
702134,10119,30037,Premium,65.0
702135,10721,30030,Standard,35.0
702136,10182,30052,Premium,65.0
702137,10506,30023,Standard,45.0
702138,10650,30037,Student,27.0
702139,10637,30074,Premium,80.0
702140,10153,30024,Premium,65.0
702141,10018,30080,Student,22.0
702142,10064,30050,Standard,40.0
702143,10497,30076,Standard,40.0
702144,10748,30020,Premium,65.0
702145,10079,30047,Standard,40.0
702146,10059,30018,Standard,40.0
702147,10411,30026,VIP,130.0
702148,10763,30071,Standard,40.0
702149,10826,30043,Standard,50.0
702150,10061,30047,Standard,45.0
702151,10467,30043,Standard,35.0
702152,10630,30032,Standard,35.0
702153,10079,30007,Standard,35.0
702154,10749,30032,VIP,125.0
702155,10839,30065,Standard,35.0
702156,10683,30058,Standard,35.0
702157,10488,30053,Standard,35.0
702158,10244,30034,Premium,70.0
702159,10208,30069,Standard,35.0
702160,10856,30056,Standard,35.0
702161,10087,30066,VIP,125.0
702162,10651,30032,Standard,45.0
702163,10600,30050,Standard,40.0
702164,10645,30024,Premium,65.0
702165,10954,30046,Standard,45.0
702166,10039,30003,Standard,35.0
702167,10176,30010,Standard,45.0
702168,10478,30006,Student,22.0
702169,10592,30052,Student,22.0
702170,10020,30050,Standard,35.0
702171,10221,30058,Standard,35.0
702172,10849,30052,Standard,45.0
702173,10275,30013,Premium,70.0
702174,10700,30059,Standard,35.0
702175,10154,30039,Standard,35.0
702176,10463,30053,Premium,65.0
702177,10409,30058,Standard,35.0
702178,10655,30020,Standard,45.0
702179,10251,30063,VIP,125.0
702180,10212,30010,Premium,65.0
702181,10478,30026,Premium,75.0
702182,10661,30019,VIP,125.0
702183,10687,30061,Standard,35.0
702184,10419,30077,Standard,35.0
702185,10172,30034,Standard,40.0
702186,10507,30044,Standard,40.0
702187,10646,30018,Standard,35.0
702188,10628,30072,Standard,40.0
702189,10869,30016,Standard,40.0
702190,10203,30077,Standard,40.0
702191,10919,30026,Standard,45.0
702192,10492,30065,Standard,35.0
702193,10295,30066,Premium,65.0
702194,10457,30077,Standard,40.0
702195,10146,30027,Standard,35.0
702196,10238,30004,Student,22.0
702197,10740,30051,Premium,65.0
702198,10767,30003,Standard,40.0
702199,10424,30066,Standard,35.0
702200,10292,30016,Premium,65.0
702201,10156,30074,Standard,35.0
702202,10960,30028,Standard,40.0
702203,10851,30044,Premium,65.0
702204,10350,30018,Standard,35.0
702205,10442,30002,Standard,40.0
702206,10934,30078,Standard,40.0
702207,10243,30044,Standard,35.0
702208,10207,30020,VIP,125.0
702209,10428,30056,Standard,40.0
702210,10766,30023,Standard,45.0
702211,10972,30060,Premium,65.0
702212,10258,30071,Standard,35.0
702213,10585,30045,Standard,35.0
702214,10035,30047,Standard,40.0
702215,10129,30078,Standard,40.0
702216,10430,30037,Premium,65.0
702217,10700,30008,Standard,35.0
702218,10319,30005,Standard,45.0
702219,10095,30023,Student,27.0
702220,10220,30010,Standard,45.0
702221,10301,30027,Standard,45.0
702222,10637,30001,Standard,35.0
702223,10185,30071,Standard,35.0
702224,10037,30008,Standard,40.0
702225,10775,30011,Standard,35.0
702226,10622,30028,Standard,35.0
702227,10400,30034,Standard,35.0
702228,10690,30043,Standard,45.0
702229,10142,30028,Premium,65.0
702230,10993,30049,Premium,65.0
702231,10134,30061,Standard,40.0
702232,10445,30037,Student,32.0
702233,10661,30003,Premium,75.0
702234,10906,30009,Premium,70.0
702235,10288,30002,Standard,35.0
702236,10902,30023,VIP,125.0
702237,10258,30051,Student,32.0
702238,10039,30017,Standard,35.0
702239,10305,30025,Premium,70.0
702240,10283,30076,Premium,65.0
702241,10824,30027,Standard,35.0
702242,10526,30020,Standard,40.0
702243,10407,30073,Standard,45.0
702244,10359,30036,Standard,50.0
702245,10886,30028,Standard,45.0
702246,10378,30029,Standard,40.0
702247,10469,30042,Premium,70.0
702248,10873,30058,VIP,135.0
702249,10947,30032,Standard,35.0
702250,10990,30012,Standard,50.0
702251,10281,30030,Standard,35.0
702252,10565,30060,VIP,140.0
702253,10984,30011,Standard,40.0
702254,10011,30011,Premium,65.0
702255,10675,30080,Standard,35.0
702256,10695,30050,Standard,35.0
702257,10186,30001,Standard,35.0
702258,10964,30027,Standard,35.0
702259,10549,30032,Premium,70.0
702260,10996,30006,Standard,35.0
702261,10973,30041,Standard,35.0
702262,10009,30036,Premium,80.0
702263,10028,30039,Standard,35.0
702264,10823,30030,Standard,45.0
702265,10686,30057,Student,22.0
702266,10464,30011,Standard,45.0
702267,10639,30003,VIP,125.0
702268,10511,30048,Premium,70.0
702269,10502,30006,Standard,40.0
702270,10582,30007,Standard,45.0
702271,10795,30044,Standard,35.0
702272,10778,30061,Standard,35.0
702273,10663,30054,Premium,75.0
702274,10661,30051,Standard,35.0
702275,10218,30048,Standard,35.0
702276,10429,30061,Standard,35.0
702277,10638,30040,Standard,35.0
702278,10003,30003,Premium,65.0
702279,10187,30030,Premium,65.0
702280,10043,30024,Premium,65.0
702281,10611,30067,VIP,125.0
702282,10775,30002,Standard,35.0
702283,10411,30044,Standard,40.0
702284,10190,30040,Standard,45.0
702285,10042,30019,Student,22.0
702286,10097,30063,Standard,45.0
702287,10772,30024,Student,32.0
702288,10730,30050,Premium,70.0
702289,10958,30020,Premium,80.0
702290,10648,30057,Standard,35.0
702291,10852,30050,Standard,45.0
702292,10657,30058,Standard,40.0
702293,10517,30031,Standard,35.0
702294,10959,30037,VIP,130.0
702295,10881,30004,Premium,65.0
702296,10905,30058,Premium,65.0
702297,10136,30010,Standard,35.0
702298,10510,30063,Standard,40.0
702299,10519,30036,Premium,70.0
702300,10037,30055,Standard,35.0
702301,10996,30057,VIP,125.0
702302,10823,30043,Premium,65.0
702303,10579,30065,Standard,35.0
702304,10904,30012,Premium,75.0
702305,10837,30062,Premium,75.0
702306,10517,30024,Standard,40.0
702307,10785,30002,Standard,50.0
702308,10879,30047,Standard,45.0
702309,10058,30056,Standard,35.0
702310,10959,30016,Premium,65.0
702311,10155,30034,Standard,35.0
702312,10872,30077,Premium,65.0
702313,10999,30018,Standard,40.0
702314,10113,30029,Student,22.0
702315,10460,30054,Student,32.0
702316,10604,30051,Premium,70.0
702317,10836,30014,Standard,40.0
702318,10756,30058,Standard,35.0
702319,10796,30035,Standard,35.0
702320,10601,30009,Standard,40.0
702321,10442,30037,Standard,45.0
702322,10690,30012,Premium,75.0
702323,10228,30011,Standard,40.0
702324,10874,30027,Standard,35.0
702325,10579,30043,Standard,35.0
702326,10122,30050,VIP,135.0
702327,10671,30020,Standard,35.0
702328,10357,30013,Standard,40.0
702329,10268,30047,VIP,125.0
702330,10695,30008,Standard,35.0
702331,10485,30069,Premium,65.0
702332,10869,30071,Premium,75.0
702333,10004,30064,Standard,45.0
702334,10478,30044,Standard,45.0
702335,10121,30012,VIP,125.0
702336,10742,30004,Standard,35.0
702337,10810,30040,Standard,50.0
702338,10486,30019,Standard,35.0
702339,10219,30054,Standard,35.0
702340,10694,30001,Standard,35.0
702341,10278,30013,VIP,125.0
702342,10257,30050,VIP,125.0
702343,10304,30053,Standard,45.0
702344,10043,30042,Standard,50.0
702345,10870,30025,Standard,35.0
702346,10916,30044,VIP,125.0
702347,10530,30061,Standard,40.0
702348,10710,30021,Standard,35.0
702349,10689,30051,Premium,80.0
702350,10588,30076,Standard,35.0
702351,10913,30080,Standard,35.0
702352,10693,30052,Standard,40.0
702353,10150,30063,Premium,70.0
702354,10594,30054,Premium,65.0
702355,10010,30010,Premium,65.0
702356,10792,30059,Standard,35.0
702357,10212,30008,Standard,35.0
702358,10652,30051,Premium,65.0
702359,10260,30005,VIP,135.0
702360,10938,30076,Standard,35.0
702361,10382,30042,Standard,35.0
702362,10389,30078,Premium,70.0
702363,10922,30012,Standard,35.0
702364,10740,30024,Standard,45.0
702365,10955,30045,Standard,40.0
702366,10958,30053,Student,22.0
702367,10336,30053,Premium,75.0
702368,10005,30017,Standard,35.0
702369,10922,30065,Premium,70.0
702370,10083,30058,Standard,45.0
702371,10006,30037,Standard,45.0
702372,10152,30075,Standard,35.0
702373,10991,30042,Standard,35.0
702374,10735,30070,VIP,125.0
702375,10181,30079,Standard,40.0
702376,10775,30040,Standard,45.0
702377,10778,30023,VIP,125.0
702378,10167,30023,Standard,35.0
702379,10470,30049,Standard,45.0
702380,10078,30076,Standard,35.0
702381,10412,30007,Student,22.0
702382,10554,30037,Standard,35.0
702383,10574,30016,Standard,35.0
702384,10381,30038,Premium,80.0
702385,10948,30040,Student,37.0
702386,10790,30029,Premium,65.0
702387,10313,30017,Standard,50.0
702388,10864,30020,Premium,65.0
702389,10395,30025,VIP,135.0
702390,10910,30060,Premium,65.0
702391,10543,30038,Premium,75.0
702392,10004,30063,Standard,35.0
702393,10109,30039,Premium,65.0
702394,10918,30064,Premium,75.0
702395,10886,30021,Standard,35.0
702396,10093,30032,Standard,50.0
702397,10099,30028,Standard,35.0
702398,10192,30012,VIP,125.0
702399,10333,30079,Premium,75.0
702400,10212,30080,Standard,40.0
702401,10595,30023,Premium,65.0
702402,10207,30015,Premium,65.0
702403,10627,30012,VIP,130.0
702404,10986,30004,Standard,35.0
702405,10764,30035,Standard,35.0
702406,10980,30061,Premium,70.0
702407,10573,30027,Standard,40.0
702408,10356,30033,Standard,50.0
702409,10902,30013,Standard,40.0
702410,10253,30037,Premium,65.0
702411,10591,30044,Standard,35.0
702412,10196,30002,Standard,35.0
702413,10262,30038,Standard,35.0
702414,10322,30037,Standard,35.0
702415,10420,30059,VIP,135.0
702416,10498,30069,Standard,45.0
702417,10911,30018,Standard,40.0
702418,10332,30048,Standard,40.0
702419,10296,30066,Standard,35.0
702420,10236,30049,VIP,130.0
702421,10681,30058,Student,32.0
702422,10007,30035,Standard,40.0
702423,10534,30078,Standard,35.0
702424,10072,30076,Standard,40.0
702425,10500,30058,Standard,40.0
702426,10618,30007,Premium,65.0
702427,10139,30009,Standard,35.0
702428,10386,30069,Premium,70.0
702429,10542,30004,Premium,70.0
702430,10324,30032,Standard,45.0
702431,10949,30005,Premium,65.0
702432,10601,30056,VIP,125.0
702433,10917,30056,Premium,65.0
702434,10665,30044,VIP,125.0
702435,10073,30072,Premium,65.0
702436,10840,30013,Premium,75.0
702437,10389,30004,VIP,130.0
702438,10238,30052,Premium,80.0
702439,10988,30075,Standard,35.0
702440,10322,30015,Standard,35.0
702441,10341,30001,VIP,125.0
702442,10763,30065,Standard,35.0
702443,10305,30011,Standard,35.0
702444,10008,30061,Standard,40.0
702445,10994,30063,Standard,35.0
702446,10983,30038,Premium,65.0
702447,10207,30069,Standard,35.0
702448,10411,30045,Standard,35.0
702449,10258,30074,VIP,135.0
702450,10796,30070,Premium,75.0
702451,10651,30068,VIP,125.0
702452,10046,30004,Standard,45.0
702453,10126,30071,Premium,70.0
702454,10021,30048,Premium,65.0
702455,10170,30009,Standard,35.0
702456,10544,30047,Premium,70.0
702457,10416,30060,Standard,35.0
702458,10455,30052,Premium,65.0
702459,10662,30033,Premium,65.0
702460,10206,30058,Standard,35.0
702461,10333,30048,Premium,70.0
702462,10021,30005,Standard,45.0
702463,10918,30027,Premium,70.0
702464,10802,30041,Standard,50.0
702465,10650,30001,Standard,40.0
702466,10065,30051,Standard,35.0
702467,10577,30016,Standard,35.0
702468,10088,30032,Premium,65.0
702469,10835,30047,VIP,130.0
702470,10479,30023,Standard,40.0
702471,10043,30015,Standard,40.0
702472,10883,30026,Standard,35.0
702473,10937,30037,Premium,70.0
702474,10141,30055,Standard,35.0
702475,10374,30002,Standard,35.0
702476,10516,30076,Standard,35.0
702477,10500,30019,Standard,40.0
702478,10279,30032,Standard,35.0
702479,10326,30069,Standard,35.0
702480,10418,30055,Standard,35.0
702481,10553,30056,Standard,35.0
702482,10914,30029,Premium,70.0
702483,10888,30036,Standard,35.0
702484,10996,30071,Standard,40.0
702485,10602,30053,Standard,35.0
702486,10993,30039,Premium,65.0
702487,10768,30076,VIP,135.0
702488,10929,30011,Premium,75.0
702489,10921,30076,Standard,40.0
702490,10308,30030,Premium,65.0
702491,10657,30079,Standard,35.0
702492,10307,30072,Standard,40.0
702493,10899,30053,Standard,35.0
702494,10823,30074,Standard,45.0
702495,10470,30008,Standard,35.0
702496,10184,30020,Standard,35.0
702497,10631,30012,Standard,35.0
702498,10625,30067,Student,27.0
702499,10291,30050,VIP,125.0
702500,10249,30012,Student,32.0
702501,10324,30054,Standard,35.0
702502,10443,30080,VIP,135.0
702503,10604,30054,Premium,65.0
702504,10059,30074,VIP,130.0
702505,10269,30019,Standard,35.0
702506,10318,30014,Premium,70.0
702507,10094,30052,Standard,35.0
702508,10254,30078,Standard,35.0
702509,10687,30022,Standard,35.0
702510,10460,30004,VIP,130.0
702511,10515,30059,Standard,35.0
702512,10533,30034,Standard,35.0
702513,10104,30064,Student,22.0
702514,10833,30018,Standard,35.0
702515,10402,30031,VIP,130.0
702516,10781,30042,Premium,65.0
702517,10967,30074,Standard,35.0
702518,10333,30003,Standard,35.0
702519,10721,30055,Standard,35.0
702520,10877,30010,Student,22.0
702521,10608,30071,VIP,125.0
702522,10093,30022,Standard,35.0
702523,10557,30023,Standard,35.0
702524,10574,30076,Standard,45.0
702525,10542,30013,Premium,65.0
702526,10971,30040,Standard,45.0
702527,10782,30013,Standard,35.0
702528,10437,30051,Premium,70.0
702529,10010,30064,Standard,35.0
702530,10456,30013,Standard,35.0
702531,10415,30029,Premium,70.0
702532,10518,30071,Premium,70.0
702533,10979,30047,Standard,35.0
702534,10375,30026,Premium,65.0
702535,10531,30070,Standard,35.0
702536,10524,30023,Premium,75.0
702537,10373,30075,VIP,135.0
702538,10704,30056,Premium,65.0
702539,10615,30019,Premium,70.0
702540,10882,30050,Premium,65.0
702541,10762,30035,Standard,40.0
702542,10756,30049,Standard,35.0
702543,10850,30046,Standard,35.0
702544,10439,30070,Premium,65.0
702545,10195,30053,Standard,50.0
702546,10265,30031,Standard,45.0
702547,10507,30022,Premium,70.0
702548,10646,30067,Standard,35.0
702549,10897,30008,Premium,65.0
702550,10426,30019,Standard,40.0
702551,11000,30031,Standard,45.0
702552,10861,30032,Standard,45.0
702553,10951,30079,Standard,35.0
702554,10689,30055,Standard,40.0
702555,10867,30031,Standard,40.0
702556,10099,30067,Standard,35.0
702557,10030,30051,Premium,65.0
702558,10291,30074,Standard,35.0
702559,10575,30027,Premium,70.0
702560,10487,30048,Premium,75.0
702561,10406,30043,Standard,45.0
702562,10939,30051,Standard,40.0
702563,10028,30069,Standard,35.0
702564,10146,30075,Student,27.0
702565,10288,30071,VIP,135.0
702566,10581,30072,Standard,40.0
702567,10950,30050,Standard,35.0
702568,10252,30061,Student,32.0
702569,10162,30041,Premium,75.0
702570,10927,30051,Standard,45.0
702571,10110,30078,Standard,45.0
702572,10865,30024,Standard,35.0
702573,10644,30030,Premium,75.0
702574,10398,30052,Premium,70.0
702575,10271,30050,Standard,35.0
702576,10188,30057,Standard,40.0
702577,10532,30062,Student,22.0
702578,10276,30079,VIP,125.0
702579,10689,30053,Standard,50.0
702580,10611,30068,Standard,35.0
702581,10247,30077,Standard,45.0
702582,10324,30069,Standard,35.0
702583,10018,30031,Standard,35.0
702584,10408,30076,Standard,35.0
702585,10411,30030,Student,27.0
702586,10801,30010,VIP,125.0
702587,10125,30044,Standard,50.0
702588,10320,30006,VIP,130.0
702589,10153,30027,Premium,70.0
702590,10581,30020,Standard,35.0
702591,10658,30020,VIP,125.0
702592,10557,30012,Premium,75.0
702593,10878,30049,VIP,125.0
702594,10020,30052,Standard,35.0
702595,10803,30010,Standard,35.0
702596,10247,30005,Standard,45.0
702597,10390,30064,Standard,35.0
702598,10347,30058,Standard,35.0
702599,10476,30008,Student,27.0
702600,10203,30030,Premium,75.0
702601,10009,30017,Standard,35.0
702602,10692,30067,Standard,35.0
702603,10668,30021,VIP,125.0
702604,10531,30016,Standard,35.0
702605,10103,30027,Standard,35.0
702606,10246,30006,Premium,65.0
702607,10597,30042,Student,22.0
702608,10319,30016,Premium,65.0
702609,10351,30045,Standard,35.0
702610,10234,30003,Standard,45.0
702611,10647,30040,Premium,65.0
702612,10037,30020,VIP,125.0
702613,10345,30007,Student,22.0
702614,10604,30059,Standard,35.0
702615,10292,30011,Premium,70.0
702616,10017,30052,Standard,45.0
702617,10090,30003,Standard,35.0
702618,10348,30021,Standard,45.0
702619,10677,30053,Student,27.0
702620,10977,30030,Standard,35.0
702621,10444,30011,Standard,35.0
702622,10253,30025,Student,27.0
702623,10817,30050,Standard,50.0
702624,10593,30009,Standard,35.0
702625,10993,30045,Premium,65.0
702626,10184,30029,Premium,75.0
702627,10290,30062,Standard,35.0
702628,10761,30015,Student,27.0
702629,10215,30019,Standard,35.0
702630,10158,30015,VIP,125.0
702631,10923,30039,Premium,65.0
702632,10691,30035,Standard,40.0
702633,10393,30013,Premium,65.0
702634,10020,30016,Standard,40.0
702635,10471,30067,Standard,35.0
702636,10431,30055,VIP,125.0
702637,10659,30065,Standard,35.0
702638,10997,30035,Standard,40.0
702639,10068,30016,Standard,45.0
702640,10077,30001,Standard,35.0
702641,10102,30050,VIP,125.0
702642,10652,30014,VIP,135.0
702643,10893,30062,Standard,35.0
702644,10585,30007,Standard,35.0
702645,10207,30023,Standard,35.0
702646,10213,30063,Standard,50.0
702647,10079,30029,Standard,45.0
702648,10113,30022,Standard,35.0
702649,10765,30080,Standard,40.0
702650,10133,30006,Premium,75.0
702651,10197,30029,Student,22.0
702652,10025,30002,Premium,65.0
702653,10472,30064,Premium,65.0
702654,10613,30036,Standard,35.0
702655,10757,30020,VIP,130.0
702656,10543,30055,Student,22.0
702657,10942,30037,Student,22.0
702658,10290,30052,Standard,35.0
702659,10256,30069,Premium,70.0
702660,10937,30070,Premium,70.0
702661,10206,30022,Standard,40.0
702662,10475,30015,Student,32.0
702663,10068,30047,Standard,35.0
702664,10215,30071,Standard,40.0
702665,10634,30069,Standard,40.0
702666,10422,30052,Standard,35.0
702667,10558,30039,VIP,125.0
702668,10581,30002,Standard,35.0
702669,10539,30045,Standard,45.0
702670,10683,30024,Premium,70.0
702671,10757,30061,Standard,40.0
702672,10462,30065,Premium,65.0
702673,10455,30053,Premium,80.0
702674,10301,30021,Standard,35.0
702675,10786,30067,Student,27.0
702676,10288,30001,Standard,45.0
702677,10761,30059,Premium,65.0
702678,10002,30047,VIP,130.0
702679,10937,30018,Premium,65.0
702680,10020,30033,Standard,35.0
702681,10477,30015,Standard,40.0
702682,10954,30024,Premium,65.0
702683,10491,30036,Student,22.0
702684,10986,30060,Standard,35.0
702685,10806,30034,Standard,35.0
702686,10257,30051,Standard,35.0
702687,10453,30040,Premium,70.0
702688,10438,30022,Standard,35.0
702689,10761,30016,VIP,135.0
702690,10398,30042,VIP,130.0
702691,10153,30016,Standard,35.0
702692,10649,30005,Standard,45.0
702693,10222,30006,Premium,65.0
702694,10723,30042,Standard,35.0
702695,10701,30030,Standard,35.0
702696,10436,30032,Standard,35.0
702697,10744,30053,Premium,80.0
702698,10136,30019,Standard,35.0
702699,10528,30051,VIP,135.0
702700,10626,30028,Premium,70.0
702701,10776,30047,Student,22.0
702702,10279,30072,Standard,45.0
702703,10585,30001,Standard,50.0
702704,10736,30068,Standard,45.0
702705,10485,30057,Standard,35.0
702706,10546,30022,Standard,35.0
702707,10245,30058,Premium,65.0
702708,10750,30013,Premium,70.0
702709,10018,30039,Standard,35.0
702710,10877,30027,Standard,40.0
702711,10556,30039,Standard,40.0
702712,10143,30072,Standard,35.0
702713,10501,30012,VIP,125.0
702714,10527,30024,Standard,50.0
702715,10093,30018,Standard,35.0
702716,10383,30015,Standard,35.0
702717,10889,30060,Standard,35.0
702718,10279,30016,VIP,125.0
702719,10727,30074,Standard,35.0
702720,10449,30047,Premium,65.0
702721,10761,30024,Standard,35.0
702722,10982,30045,Premium,70.0
702723,10583,30019,VIP,125.0
702724,10621,30041,VIP,125.0
702725,10288,30031,Standard,45.0
702726,10476,30016,VIP,130.0
702727,10882,30023,Standard,35.0
702728,10672,30078,Standard,45.0
702729,10801,30023,Premium,65.0
702730,10171,30041,Student,22.0
702731,10525,30018,Standard,45.0
702732,10372,30036,Premium,65.0
702733,10732,30012,Standard,45.0
702734,10393,30075,Standard,45.0
702735,10958,30069,VIP,125.0
702736,10185,30051,Standard,35.0
702737,10510,30032,Standard,35.0
702738,10432,30071,Standard,35.0
702739,10939,30036,Premium,75.0
702740,10835,30040,Standard,35.0
702741,10209,30070,Standard,35.0
702742,10994,30038,Standard,40.0
702743,10800,30054,VIP,125.0
702744,10329,30004,Premium,65.0
702745,10361,30046,Premium,65.0
702746,10444,30063,Premium,70.0
702747,10897,30074,Standard,35.0
702748,10441,30050,Premium,65.0
702749,10369,30030,Standard,35.0
702750,10106,30073,Standard,40.0
702751,10724,30016,Standard,35.0
702752,10325,30052,Premium,65.0
702753,10232,30004,Standard,35.0
702754,10725,30026,Standard,40.0
702755,10837,30029,Standard,35.0
702756,10708,30011,Standard,40.0
702757,10249,30024,Standard,35.0
702758,10317,30051,Premium,70.0
702759,10264,30042,Standard,40.0
702760,10729,30039,Standard,45.0
702761,10503,30007,Premium,65.0
702762,10263,30018,Premium,65.0
702763,10933,30003,Premium,75.0
702764,10682,30063,Standard,40.0
702765,10416,30020,Premium,80.0
702766,10913,30073,Standard,35.0
702767,10668,30074,Premium,70.0
702768,10070,30070,Standard,35.0
702769,10234,30017,Standard,40.0
702770,10432,30079,Premium,80.0
702771,10054,30059,Standard,35.0
702772,10170,30054,Standard,40.0
702773,10036,30013,Premium,65.0
702774,10834,30042,Standard,35.0
702775,10927,30044,Premium,65.0
702776,10961,30080,Premium,65.0
702777,10259,30067,Standard,35.0
702778,10251,30072,Standard,35.0
702779,10013,30020,VIP,125.0
702780,10671,30047,Standard,35.0
702781,10541,30024,Premium,70.0
702782,10057,30051,Standard,35.0
702783,10161,30018,VIP,125.0
702784,10437,30023,Standard,35.0
702785,10778,30001,Standard,45.0
702786,10230,30066,Standard,35.0
702787,10831,30005,Premium,80.0
702788,10841,30018,Standard,35.0
702789,10193,30080,Premium,65.0
702790,10620,30074,Standard,35.0
702791,10357,30035,Standard,35.0
702792,10352,30025,VIP,125.0
702793,10865,30024,Standard,35.0
702794,10258,30013,Standard,40.0
702795,10622,30021,Standard,35.0
702796,10642,30039,Student,27.0
702797,10635,30034,Standard,45.0
702798,10965,30019,Standard,40.0
702799,10970,30028,Premium,65.0
702800,10628,30011,Standard,35.0
702801,10742,30049,Standard,35.0
702802,10293,30035,VIP,130.0
702803,10386,30076,Standard,40.0
702804,10745,30057,Premium,65.0
702805,10829,30028,Standard,35.0
702806,10234,30066,VIP,125.0
702807,10296,30065,Student,32.0
702808,10703,30073,Standard,35.0
702809,10537,30022,Premium,80.0
702810,10379,30051,Premium,80.0
702811,10678,30009,Standard,45.0
702812,10805,30071,Standard,35.0
702813,10210,30036,Student,22.0
702814,10539,30054,Standard,35.0
702815,10852,30038,Standard,50.0
702816,10178,30066,VIP,125.0
702817,10930,30043,Premium,70.0
702818,10556,30005,Standard,50.0
702819,10072,30037,Standard,45.0
702820,10900,30058,Standard,40.0
702821,10508,30063,VIP,125.0
702822,10222,30051,Student,22.0
702823,10948,30072,Standard,35.0
702824,10823,30043,VIP,140.0
702825,10228,30067,Standard,45.0
702826,10841,30067,Premium,65.0
702827,10233,30065,Standard,35.0
702828,10268,30062,Standard,40.0
702829,10910,30063,Standard,35.0
702830,10254,30030,Standard,35.0
702831,10675,30038,Standard,35.0
702832,10006,30051,Standard,50.0
702833,10047,30038,Student,37.0
702834,10407,30067,Student,27.0
702835,10883,30077,Premium,70.0
702836,10580,30048,Standard,35.0
702837,10254,30012,Standard,40.0
702838,10449,30020,Standard,35.0
702839,10059,30072,Standard,35.0
702840,10393,30002,Standard,35.0
702841,10631,30075,Standard,35.0
702842,10698,30055,Standard,45.0
702843,10560,30006,Premium,80.0
702844,10191,30062,Premium,70.0
702845,10265,30049,Standard,40.0
702846,10684,30054,Premium,65.0
702847,10558,30010,Standard,35.0
702848,10143,30024,Standard,40.0
702849,10246,30029,Standard,35.0
702850,10216,30006,Premium,65.0
702851,10437,30058,Standard,40.0
702852,10688,30078,Standard,35.0
702853,10840,30057,Standard,35.0
702854,10476,30003,Standard,35.0
702855,10384,30024,Standard,35.0
702856,10938,30019,Premium,70.0
702857,10878,30009,Standard,40.0
702858,10657,30030,Premium,65.0
702859,10547,30077,Standard,50.0
702860,10415,30044,Standard,45.0
702861,10132,30053,Premium,65.0
702862,10816,30068,Standard,40.0
702863,10398,30060,Standard,35.0
702864,10507,30023,Standard,40.0
702865,10153,30061,Premium,75.0
702866,10814,30007,Premium,65.0
702867,10560,30044,Standard,40.0
702868,10168,30055,Premium,75.0
702869,10690,30075,Premium,65.0
702870,10775,30039,Standard,35.0
702871,10607,30059,Standard,35.0
702872,10828,30005,Premium,65.0
702873,10803,30042,Premium,65.0
702874,10230,30014,Standard,35.0
702875,10703,30027,Premium,65.0
702876,10404,30016,Standard,35.0
702877,10144,30002,Premium,70.0
702878,10918,30019,Standard,50.0
702879,10676,30023,Standard,45.0
702880,10531,30041,Standard,35.0
702881,10898,30014,Standard,40.0
702882,10068,30047,Standard,45.0
702883,10098,30063,Premium,75.0
702884,10007,30008,Standard,45.0
702885,10815,30027,Premium,70.0
702886,10177,30040,Standard,35.0
702887,10206,30028,Premium,65.0
702888,10299,30068,Standard,35.0
702889,10800,30061,Standard,35.0
702890,10913,30038,Standard,50.0
702891,10229,30075,Standard,35.0
702892,10896,30024,Standard,50.0
702893,10631,30028,Standard,40.0
702894,10270,30041,Student,22.0
702895,10081,30018,VIP,125.0
702896,10672,30049,Premium,65.0
702897,10188,30026,Standard,40.0
702898,10700,30003,Premium,75.0
702899,10820,30077,Standard,50.0
702900,10501,30038,Standard,35.0
702901,10706,30014,Standard,35.0
702902,10487,30001,Standard,35.0
702903,10772,30011,Standard,35.0
702904,10488,30040,Standard,45.0
702905,10990,30004,Standard,35.0
702906,10478,30034,Premium,65.0
702907,10703,30065,VIP,125.0
702908,10289,30056,Standard,35.0
702909,10106,30010,Standard,40.0
702910,10641,30071,Premium,65.0
702911,10609,30064,Standard,35.0
702912,10996,30013,VIP,130.0
702913,10576,30022,VIP,125.0
702914,10640,30056,Standard,40.0
702915,10223,30065,Standard,50.0
702916,10805,30013,Student,27.0
702917,10974,30001,Student,22.0
702918,10382,30038,Standard,40.0
702919,10838,30058,Standard,45.0
702920,10903,30025,Premium,65.0
702921,10104,30042,Standard,40.0
702922,10664,30033,Student,22.0
702923,10114,30057,Premium,75.0
702924,10508,30037,Premium,65.0
702925,10964,30057,Standard,45.0
702926,10055,30062,Premium,70.0
702927,10121,30003,Standard,35.0
702928,10217,30030,Standard,35.0
702929,10635,30067,Standard,35.0
702930,10003,30063,Standard,35.0
702931,10092,30023,Premium,65.0
702932,10407,30072,VIP,125.0
702933,10676,30073,Standard,35.0
702934,10441,30066,Standard,35.0
702935,10631,30061,Standard,35.0
702936,10432,30002,Standard,40.0
702937,10909,30027,Premium,65.0
702938,10061,30048,Standard,35.0
702939,10726,30063,VIP,125.0
702940,10473,30005,Premium,65.0
702941,10247,30001,Standard,35.0
702942,10747,30022,Standard,35.0
702943,10920,30074,Standard,35.0
702944,10939,30024,Standard,35.0
702945,10869,30059,Standard,35.0
702946,10372,30079,Standard,35.0
702947,10289,30050,Student,32.0
702948,10590,30023,Standard,40.0
702949,10024,30078,Premium,80.0
702950,10406,30018,Standard,35.0
702951,10308,30022,Standard,40.0
702952,10613,30044,Standard,45.0
702953,10372,30044,Standard,35.0
702954,10763,30037,Standard,40.0
702955,10635,30007,Premium,65.0
702956,10215,30024,Premium,65.0
702957,10262,30077,Premium,65.0
702958,10915,30041,VIP,130.0
702959,10844,30070,VIP,140.0
702960,10346,30071,Premium,65.0
702961,10413,30018,Standard,45.0
702962,10123,30079,Student,22.0
702963,10764,30072,Student,22.0
702964,10320,30060,Premium,70.0
702965,10910,30052,Standard,35.0
702966,10337,30080,Standard,35.0
702967,10158,30049,Premium,65.0
702968,10327,30067,VIP,130.0
702969,10661,30045,Premium,65.0
702970,10065,30009,Premium,75.0
702971,10369,30026,Standard,40.0
702972,10870,30026,Standard,35.0
702973,10004,30030,Premium,65.0
702974,10686,30027,Standard,45.0
702975,10648,30080,Premium,70.0
702976,10914,30004,Premium,70.0
702977,10756,30051,Standard,40.0
702978,10060,30070,Standard,35.0
702979,10045,30079,Premium,70.0
702980,10584,30010,Standard,40.0
702981,10607,30036,Standard,35.0
702982,10543,30046,Premium,80.0
702983,10156,30006,Premium,65.0
702984,10888,30070,VIP,125.0
702985,10752,30079,Standard,35.0
702986,10064,30078,Standard,40.0
702987,10421,30003,VIP,125.0
702988,10323,30050,Standard,35.0
702989,10109,30042,Standard,50.0
702990,10463,30078,Standard,35.0
702991,10580,30054,Standard,35.0
702992,10547,30039,Standard,35.0
702993,10251,30055,Standard,35.0
702994,10866,30011,Standard,35.0
702995,10510,30074,Student,22.0
702996,10548,30079,Standard,35.0
702997,10441,30030,Standard,45.0
702998,10454,30056,Standard,35.0
702999,10644,30029,Premium,70.0
703000,10817,30017,VIP,125.0
703001,10734,30033,Premium,65.0
703002,10679,30021,VIP,125.0
703003,10274,30078,VIP,125.0
703004,10060,30010,VIP,125.0
703005,10342,30039,Standard,35.0
703006,10394,30078,Standard,50.0
703007,10113,30047,Standard,40.0
703008,10221,30052,Standard,35.0
703009,10791,30041,Premium,65.0
703010,10068,30047,Standard,35.0
703011,10315,30073,Premium,65.0
703012,10467,30071,Standard,40.0
703013,10858,30043,Standard,45.0
703014,10263,30037,Standard,35.0
703015,10781,30073,Premium,65.0
703016,10131,30064,Premium,65.0
703017,10424,30071,Student,27.0
703018,10267,30060,VIP,125.0
703019,10720,30025,Standard,50.0
703020,10212,30022,Standard,40.0
703021,10563,30043,Premium,80.0
703022,10983,30071,Premium,65.0
703023,10919,30070,Standard,40.0
703024,10288,30036,Standard,40.0
703025,10425,30046,Standard,40.0
703026,10554,30022,Standard,35.0
703027,10759,30035,Student,37.0
703028,10934,30047,Premium,75.0
703029,10707,30033,Standard,35.0
703030,10244,30075,Standard,35.0
703031,10712,30013,Premium,65.0
703032,10870,30056,Premium,75.0
703033,10633,30067,Premium,70.0
703034,11000,30013,Premium,65.0
703035,10334,30050,Premium,65.0
703036,10328,30057,Standard,35.0
703037,10715,30028,Student,22.0
703038,10106,30065,Standard,35.0
703039,10762,30024,Standard,40.0
703040,10887,30067,Standard,40.0
703041,10938,30007,Standard,35.0
703042,10939,30074,Standard,40.0
703043,10801,30024,Premium,65.0
703044,10079,30009,Standard,35.0
703045,10165,30015,VIP,130.0
703046,10846,30056,Premium,65.0
703047,10631,30017,Standard,35.0
703048,10986,30019,Standard,35.0
703049,10057,30009,Standard,40.0
703050,10960,30064,Standard,45.0
703051,10960,30057,Standard,35.0
703052,10188,30038,Standard,35.0
703053,10052,30008,Standard,45.0
703054,10072,30006,Standard,35.0
703055,10753,30049,Standard,35.0
703056,10324,30045,VIP,125.0
703057,10612,30021,Standard,45.0
703058,10338,30034,Standard,40.0
703059,10155,30012,Standard,40.0
703060,10059,30039,Standard,40.0
703061,10275,30006,Premium,65.0
703062,10771,30032,Standard,35.0
703063,10201,30060,Standard,40.0
703064,10295,30008,Premium,65.0
703065,10322,30038,Standard,40.0
703066,10329,30019,Standard,35.0
703067,10952,30055,Standard,35.0
703068,10390,30009,Standard,40.0
703069,10998,30052,Standard,35.0
703070,10284,30028,Student,22.0
703071,10176,30062,Standard,35.0
703072,10610,30048,Standard,40.0
703073,10349,30039,Premium,65.0
703074,10432,30053,Premium,65.0
703075,10963,30063,Premium,65.0
703076,10694,30019,Premium,65.0
703077,10382,30033,Standard,45.0
703078,10272,30064,Standard,35.0
703079,10492,30026,Premium,75.0
703080,10547,30045,VIP,130.0
703081,10331,30001,Standard,35.0
703082,10875,30075,Standard,45.0
703083,10599,30066,Premium,70.0
703084,10158,30035,Standard,45.0
703085,10432,30077,VIP,125.0
703086,10325,30045,Standard,35.0
703087,10116,30076,Premium,65.0
703088,10520,30033,Standard,35.0
703089,10619,30069,Standard,45.0
703090,10619,30031,Standard,40.0
703091,10626,30064,Standard,40.0
703092,10435,30015,Standard,45.0
703093,10522,30046,VIP,140.0
703094,10796,30048,Standard,35.0
703095,10932,30068,Standard,40.0
703096,10572,30040,Standard,40.0
703097,10266,30001,Premium,65.0
703098,10398,30020,Standard,50.0
703099,10102,30022,Student,32.0
703100,10063,30054,Premium,70.0
703101,10997,30077,Premium,65.0
703102,10687,30065,Standard,40.0
703103,10709,30015,Premium,65.0
703104,10824,30061,Standard,35.0
703105,10902,30079,Premium,65.0
703106,10511,30014,Standard,35.0
703107,10222,30069,Standard,35.0
703108,10915,30049,Standard,40.0
703109,10436,30006,Standard,35.0
703110,10190,30041,Standard,40.0
703111,10640,30031,Standard,35.0
703112,10945,30064,Premium,65.0
703113,10334,30051,Student,27.0
703114,10907,30059,Premium,70.0
703115,10558,30055,Standard,40.0
703116,10581,30049,Standard,35.0
703117,10301,30040,Standard,35.0
703118,10351,30015,Standard,40.0
703119,10876,30070,Student,22.0
703120,10570,30065,Standard,35.0
703121,10928,30007,VIP,125.0
703122,10728,30062,Premium,65.0
703123,10115,30054,Premium,65.0
703124,10522,30052,Student,22.0
703125,10909,30051,Standard,35.0
703126,10367,30004,Standard,40.0
703127,10269,30001,VIP,125.0
703128,10804,30066,Standard,45.0
703129,10086,30035,Standard,35.0
703130,10896,30077,Standard,35.0
703131,10969,30010,Premium,65.0
703132,10378,30067,Standard,40.0
703133,10147,30068,VIP,130.0
703134,10118,30065,Standard,40.0
703135,10135,30051,Premium,75.0
703136,10527,30030,Premium,70.0
703137,10849,30039,Standard,45.0
703138,10814,30010,Standard,35.0
703139,10206,30044,VIP,125.0
703140,10233,30032,Premium,65.0
703141,10816,30044,Premium,70.0
703142,10066,30063,Standard,35.0
703143,10974,30061,Standard,40.0
703144,10004,30065,Standard,35.0
703145,10003,30041,Standard,35.0
703146,10259,30012,Premium,65.0
703147,10715,30002,Standard,35.0
703148,10325,30073,Premium,65.0
703149,10240,30076,Standard,35.0
703150,10605,30060,Standard,35.0
703151,10796,30025,VIP,130.0
703152,10535,30061,Student,22.0
703153,10798,30022,VIP,125.0
703154,10318,30056,Premium,65.0
703155,10599,30021,Premium,75.0
703156,10051,30055,VIP,125.0
703157,10809,30040,Premium,80.0
703158,10470,30051,Student,22.0
703159,10832,30022,Standard,50.0
703160,10043,30028,VIP,125.0
703161,10204,30004,Standard,35.0
703162,10347,30026,Standard,40.0
703163,10058,30060,Standard,50.0
703164,10059,30023,VIP,135.0
703165,10680,30041,Standard,40.0
703166,10686,30058,Student,22.0
703167,10511,30008,Standard,35.0
703168,10318,30051,Standard,35.0
703169,10433,30061,Standard,35.0
703170,10372,30001,Standard,35.0
703171,10207,30030,Premium,65.0
703172,10111,30017,Premium,75.0
703173,10023,30023,Standard,35.0
703174,10428,30024,Standard,35.0
703175,10745,30069,Standard,35.0
703176,10940,30052,VIP,125.0
703177,10787,30071,Standard,35.0
703178,10684,30058,Standard,35.0
703179,10011,30022,Standard,45.0
703180,10572,30059,VIP,125.0
703181,10934,30044,Standard,35.0
703182,10744,30037,Standard,35.0
703183,10747,30034,Premium,65.0
703184,10515,30057,Student,22.0
703185,10144,30057,Premium,65.0
703186,10992,30040,Standard,35.0
703187,10742,30020,Standard,40.0
703188,10521,30017,Student,27.0
703189,10809,30052,Standard,35.0
703190,10294,30004,Standard,40.0
703191,10325,30063,Standard,35.0
703192,10193,30050,Student,22.0
703193,10291,30050,Premium,65.0
703194,10639,30016,Premium,70.0
703195,10419,30072,Standard,35.0
703196,10460,30061,Standard,40.0
703197,10996,30044,Standard,40.0
703198,10981,30018,Standard,45.0
703199,10048,30050,VIP,125.0
703200,10107,30080,Standard,35.0
703201,10264,30030,Standard,35.0
703202,10253,30049,Student,32.0
703203,10539,30021,Standard,40.0
703204,10521,30022,Premium,75.0
703205,10732,30047,Premium,65.0
703206,10158,30025,VIP,125.0
703207,10526,30056,VIP,125.0
703208,10919,30064,Premium,75.0
703209,10029,30028,Standard,45.0
703210,10538,30033,Standard,35.0
703211,10726,30066,Student,22.0
703212,10143,30004,Standard,40.0
703213,10627,30080,Premium,65.0
703214,10841,30012,Standard,45.0
703215,10218,30017,Standard,35.0
703216,10593,30036,Standard,35.0
703217,10713,30016,Standard,40.0
703218,10067,30023,Student,27.0
703219,10761,30072,VIP,125.0
703220,10144,30009,Standard,45.0
703221,10141,30078,Premium,80.0
703222,10346,30055,Standard,35.0
703223,10465,30073,Premium,70.0
703224,10096,30064,VIP,130.0
703225,10408,30047,Standard,35.0
703226,10118,30067,Standard,45.0
703227,10830,30010,Premium,65.0
703228,10697,30004,Student,22.0
703229,10804,30030,Premium,75.0
703230,10444,30011,VIP,125.0
703231,10757,30051,VIP,130.0
703232,10982,30019,Premium,65.0
703233,10380,30013,VIP,140.0
703234,10713,30057,Standard,40.0
703235,10278,30003,Standard,45.0
703236,10361,30078,Premium,80.0
703237,10370,30074,Standard,35.0
703238,10622,30038,Standard,35.0
703239,10212,30027,Premium,70.0
703240,10259,30080,Standard,45.0
703241,10676,30010,Student,22.0
703242,10097,30053,Student,32.0
703243,10210,30027,Standard,35.0
703244,10548,30007,Standard,45.0
703245,10778,30013,Premium,65.0
703246,10612,30072,Standard,35.0
703247,10021,30060,Standard,35.0
703248,10729,30014,Premium,65.0
703249,10433,30044,Premium,65.0
703250,10616,30070,Standard,35.0
703251,10371,30028,VIP,125.0
703252,10393,30023,Premium,70.0
703253,10624,30012,Standard,35.0
703254,10219,30024,Premium,65.0
703255,10504,30051,Standard,45.0
703256,10632,30022,Standard,40.0
703257,10761,30062,VIP,125.0
703258,10847,30026,VIP,135.0
703259,10948,30058,Standard,50.0
703260,10096,30071,VIP,135.0
703261,10432,30015,Standard,45.0
703262,10188,30068,Standard,40.0
703263,10501,30006,Standard,35.0
703264,10876,30002,Standard,40.0
703265,10375,30031,Standard,40.0
703266,10434,30024,VIP,125.0
703267,10423,30035,Standard,35.0
703268,10144,30047,Standard,35.0
703269,10540,30031,Premium,70.0
703270,10499,30072,Standard,35.0
703271,10006,30076,Premium,70.0
703272,10317,30002,Standard,45.0
703273,10774,30079,Standard,35.0
703274,10230,30059,Premium,80.0
703275,10122,30063,Standard,35.0
703276,10495,30075,Standard,35.0
703277,10706,30017,Standard,35.0
703278,10617,30054,Standard,35.0
703279,10936,30021,Premium,65.0
703280,10711,30022,Standard,45.0
703281,10475,30055,Premium,70.0
703282,10574,30029,Premium,75.0
703283,10796,30079,Standard,40.0
703284,10508,30021,Student,22.0
703285,10592,30002,Student,22.0
703286,10175,30042,Premium,70.0
703287,10521,30052,Standard,40.0
703288,10692,30038,Standard,35.0
703289,10271,30003,Standard,45.0
703290,10674,30025,Standard,40.0
703291,10788,30077,Standard,45.0
703292,10718,30062,Premium,70.0
703293,10572,30015,Standard,35.0
703294,10186,30070,Student,27.0
703295,10587,30010,Standard,35.0
703296,10094,30073,Premium,70.0
703297,10579,30069,VIP,125.0
703298,10514,30044,Standard,35.0
703299,10178,30041,Student,22.0
703300,10654,30020,Standard,35.0
703301,10952,30037,Student,22.0
703302,10989,30039,Student,32.0
703303,10965,30077,Standard,35.0
703304,10556,30070,VIP,125.0
703305,10686,30008,Standard,35.0
703306,10902,30043,Standard,40.0
703307,10904,30010,Standard,35.0
703308,10295,30041,Standard,35.0
703309,10231,30004,Premium,65.0
703310,10236,30078,Standard,45.0
703311,10093,30004,Premium,70.0
703312,10487,30024,Standard,35.0
703313,10044,30021,Student,22.0
703314,10539,30010,Standard,40.0
703315,10784,30046,Standard,35.0
703316,10475,30070,Premium,75.0
703317,10039,30080,VIP,125.0
703318,11000,30044,Premium,65.0
703319,10385,30033,Standard,35.0
703320,10435,30036,Standard,40.0
703321,10959,30025,Standard,35.0
703322,10289,30013,Standard,35.0
703323,10248,30039,Standard,45.0
703324,10562,30079,Standard,35.0
703325,10359,30038,Standard,35.0
703326,10438,30030,Premium,65.0
703327,10795,30014,Premium,75.0
703328,10209,30050,Standard,40.0
703329,10124,30068,Premium,70.0
703330,10975,30001,Standard,35.0
703331,10854,30061,Standard,35.0
703332,10761,30003,Premium,70.0
703333,10403,30050,Premium,65.0
703334,10284,30061,Premium,65.0
703335,10663,30036,Standard,45.0
703336,10576,30004,VIP,125.0
703337,10996,30043,Standard,40.0
703338,10241,30014,VIP,125.0
703339,10167,30067,Standard,40.0
703340,10752,30007,Standard,35.0
703341,10561,30008,Standard,35.0
703342,10699,30044,Standard,40.0
703343,10148,30064,Standard,50.0
703344,10701,30007,Student,37.0
703345,10623,30048,Standard,35.0
703346,10896,30062,Premium,65.0
703347,10265,30025,VIP,130.0
703348,10501,30068,Premium,65.0
703349,10279,30064,Standard,40.0
703350,10749,30018,Student,22.0
703351,10903,30004,Standard,35.0
703352,10159,30017,Standard,40.0
703353,10060,30047,Premium,65.0
703354,10499,30045,Standard,40.0
703355,10317,30058,Premium,65.0
703356,10587,30003,Standard,45.0
703357,10488,30012,Standard,35.0
703358,10465,30017,Standard,35.0
703359,10228,30022,Student,37.0
703360,10666,30039,VIP,130.0
703361,10356,30039,Standard,45.0
703362,10466,30016,Standard,40.0
703363,10822,30051,Standard,45.0
703364,10799,30029,Premium,65.0
703365,10753,30078,VIP,125.0
703366,10227,30071,Student,32.0
703367,10169,30041,Premium,75.0
703368,10284,30057,Premium,70.0
703369,10858,30028,Standard,40.0
703370,10262,30077,Standard,45.0
703371,10802,30080,Premium,65.0
703372,10860,30021,Standard,40.0
703373,10364,30004,VIP,125.0
703374,10521,30015,Standard,35.0
703375,10861,30053,Standard,35.0
703376,10098,30046,Standard,45.0
703377,10012,30007,Student,27.0
703378,10784,30018,Premium,80.0
703379,10583,30021,Standard,35.0
703380,10927,30008,VIP,125.0
703381,10417,30059,Standard,35.0
703382,10501,30020,Standard,35.0
703383,10135,30067,Standard,35.0
703384,10259,30055,Premium,65.0
703385,10916,30062,Standard,35.0
703386,10517,30018,Premium,65.0
703387,10963,30079,Standard,35.0
703388,10751,30056,Standard,45.0
703389,10294,30022,Standard,40.0
703390,10847,30008,VIP,135.0
703391,10611,30011,Premium,75.0
703392,10440,30012,Standard,35.0
703393,10151,30048,Standard,40.0
703394,10481,30063,Standard,40.0
703395,10258,30027,Standard,35.0
703396,10868,30035,Standard,45.0
703397,10149,30002,Standard,35.0
703398,10974,30008,Premium,65.0
703399,10142,30020,Standard,40.0
703400,10251,30008,VIP,130.0
703401,10958,30063,Premium,70.0
703402,10746,30068,Standard,35.0
703403,10907,30031,Premium,65.0
703404,10644,30032,Standard,35.0
703405,10047,30013,Premium,80.0
703406,10372,30026,Standard,45.0
703407,10094,30029,Standard,40.0
703408,10761,30018,Standard,35.0
703409,10356,30069,Standard,35.0
703410,10532,30012,Standard,35.0
703411,10692,30002,Standard,35.0
703412,10272,30042,Standard,35.0
703413,10994,30007,VIP,130.0
703414,10429,30047,Standard,35.0
703415,10648,30054,Standard,40.0
703416,10749,30015,Standard,35.0
703417,10702,30058,Standard,35.0
703418,10724,30033,Premium,70.0
703419,10917,30067,Standard,35.0
703420,10064,30063,Premium,70.0
703421,10872,30048,Standard,40.0
703422,10926,30066,Standard,45.0
703423,10164,30065,Premium,65.0
703424,10389,30036,Standard,35.0
703425,10469,30017,Standard,35.0
703426,10550,30002,Standard,45.0
703427,10727,30033,Standard,40.0
703428,10531,30006,Standard,35.0
703429,10766,30043,Standard,35.0
703430,10586,30011,Standard,35.0
703431,10923,30005,Premium,65.0
703432,10995,30030,VIP,130.0
703433,10653,30010,Premium,65.0
703434,10905,30024,Premium,65.0
703435,10017,30059,Premium,65.0
703436,10607,30067,Student,22.0
703437,10746,30061,Standard,35.0
703438,10940,30026,Standard,35.0
703439,10301,30039,Standard,40.0
703440,10088,30003,Standard,40.0
703441,10810,30038,Standard,35.0
703442,10563,30042,Standard,35.0
703443,10245,30048,Standard,45.0
703444,10467,30013,Student,22.0
703445,10442,30056,Student,22.0
703446,10113,30059,Premium,65.0
703447,10442,30063,Standard,35.0
703448,10926,30080,VIP,125.0
703449,10901,30043,VIP,125.0
703450,10008,30075,VIP,125.0
703451,10549,30057,Premium,70.0
703452,10559,30021,Standard,35.0
703453,10100,30054,Standard,45.0
703454,10345,30079,VIP,135.0
703455,10685,30053,Standard,40.0
703456,10753,30045,Standard,40.0
703457,10901,30036,Standard,35.0
703458,10481,30063,Standard,40.0
703459,10703,30001,VIP,135.0
703460,10342,30067,Standard,35.0
703461,10943,30079,Standard,35.0
703462,10234,30033,Student,22.0
703463,10793,30032,Standard,40.0
703464,10235,30058,VIP,125.0
703465,10126,30026,Standard,35.0
703466,10690,30061,Premium,70.0
703467,10477,30017,Standard,35.0
703468,10685,30073,Standard,40.0
703469,10372,30069,Standard,35.0
703470,10120,30029,Student,22.0
703471,10542,30063,Standard,35.0
703472,10560,30006,Standard,40.0
703473,10179,30059,VIP,135.0
703474,10094,30021,Standard,35.0
703475,10567,30045,Premium,65.0
703476,10748,30045,Premium,75.0
703477,10951,30035,Standard,40.0
703478,10302,30052,Standard,35.0
703479,10799,30046,Student,27.0
703480,10418,30066,Standard,45.0
703481,10860,30057,Standard,35.0
703482,10586,30042,Premium,65.0
703483,10452,30073,Standard,35.0
703484,10417,30077,Premium,70.0
703485,10824,30016,Standard,35.0
703486,10954,30005,VIP,135.0
703487,10122,30001,Standard,40.0
703488,10057,30022,Standard,40.0
703489,10785,30048,VIP,125.0
703490,10139,30026,Standard,50.0
703491,10199,30034,Standard,35.0
703492,10721,30058,Premium,65.0
703493,10988,30007,Premium,80.0
703494,10785,30025,Standard,45.0
703495,10361,30057,Standard,35.0
703496,10650,30012,Premium,65.0
703497,10410,30031,Standard,35.0
703498,10646,30027,VIP,135.0
703499,10849,30034,Standard,45.0
703500,10528,30075,Premium,65.0
703501,10615,30034,Standard,40.0
703502,10243,30037,Standard,40.0
703503,10090,30058,Standard,35.0
703504,10516,30060,Standard,40.0
703505,10062,30026,Standard,35.0
703506,10212,30045,Standard,40.0
703507,10248,30045,VIP,125.0
703508,10704,30032,Standard,40.0
703509,10497,30069,Student,22.0
703510,10056,30071,Standard,35.0
703511,10459,30023,Premium,65.0
703512,10919,30065,VIP,130.0
703513,10289,30039,Student,22.0
703514,10543,30067,Standard,40.0
703515,10903,30045,Premium,65.0
703516,10470,30067,Standard,40.0
703517,10389,30063,Standard,35.0
703518,10421,30070,Premium,65.0
703519,10513,30054,Standard,35.0
703520,10710,30027,Standard,35.0
703521,10557,30079,Standard,40.0
703522,10559,30036,Standard,40.0
703523,10964,30005,Standard,35.0
703524,10734,30067,VIP,130.0
703525,10798,30051,Standard,35.0
703526,10081,30032,Premium,65.0
703527,10444,30021,Premium,65.0
703528,10792,30017,Standard,35.0
703529,10287,30073,Premium,70.0
703530,10284,30026,Premium,80.0
703531,10941,30022,Standard,35.0
703532,10491,30041,Standard,40.0
703533,10388,30059,Student,32.0
703534,10701,30075,Student,22.0
703535,10551,30010,Premium,65.0
703536,10595,30005,Standard,35.0
703537,10408,30055,Standard,40.0
703538,10327,30026,Standard,40.0
703539,10942,30004,Premium,70.0
703540,10949,30027,Premium,65.0
703541,10176,30058,Standard,40.0
703542,10521,30003,Premium,65.0
703543,10790,30050,Standard,50.0
703544,10383,30026,Premium,65.0
703545,10258,30018,Standard,35.0
703546,10347,30007,Premium,75.0
703547,10272,30045,Standard,45.0
703548,10261,30013,Standard,40.0
703549,10396,30006,Standard,35.0
703550,10692,30035,VIP,135.0
703551,10154,30053,Premium,70.0
703552,10527,30068,Standard,40.0
703553,10067,30042,Premium,80.0
703554,10841,30004,Premium,65.0
703555,10699,30060,Premium,65.0
703556,10348,30045,Standard,40.0
703557,10935,30072,Standard,35.0
703558,10063,30075,Standard,35.0
703559,10356,30066,Standard,35.0
703560,10281,30022,Premium,70.0
703561,10041,30012,Standard,35.0
703562,10540,30051,Standard,35.0
703563,10367,30017,Standard,35.0
703564,10277,30036,Standard,35.0
703565,10221,30049,Student,22.0
703566,10729,30016,Student,22.0
703567,10734,30075,Standard,45.0
703568,10061,30044,Premium,65.0
703569,10103,30022,Standard,40.0
703570,10185,30008,Premium,70.0
703571,10907,30018,Standard,40.0
703572,10147,30080,Standard,35.0
703573,10075,30072,VIP,135.0
703574,10473,30038,VIP,125.0
703575,10001,30029,Standard,35.0
703576,10416,30077,VIP,125.0
703577,10469,30073,Premium,65.0
703578,10365,30002,Standard,35.0
703579,10845,30059,Standard,35.0
703580,10674,30042,Standard,35.0
703581,10017,30021,Premium,70.0
703582,10510,30002,Student,32.0
703583,10755,30005,Standard,35.0
703584,10439,30017,Premium,65.0
703585,10879,30024,Premium,70.0
703586,10531,30008,Standard,35.0
703587,10842,30030,Standard,35.0
703588,10938,30050,Standard,45.0
703589,10059,30022,Premium,75.0
703590,10713,30059,VIP,130.0
703591,10115,30024,Standard,35.0
703592,10203,30026,Standard,35.0
703593,10806,30061,Premium,65.0
703594,10543,30008,Standard,35.0
703595,10194,30012,Standard,35.0
703596,10472,30014,Standard,35.0
703597,10106,30030,Standard,35.0
703598,10879,30055,Premium,65.0
703599,10965,30061,Standard,45.0
703600,10818,30062,VIP,135.0
703601,10126,30031,Standard,40.0
703602,10414,30027,Standard,35.0
703603,10615,30001,Standard,35.0
703604,10675,30041,VIP,130.0
703605,10510,30014,Standard,40.0
703606,10501,30074,Standard,40.0
703607,10827,30050,Premium,65.0
703608,10121,30042,Standard,40.0
703609,10752,30071,Standard,45.0
703610,10913,30040,Standard,35.0
703611,10607,30014,Premium,65.0
703612,10962,30011,Student,22.0
703613,10208,30063,Standard,40.0
703614,10661,30049,Standard,35.0
703615,10350,30037,Standard,45.0
703616,10820,30010,Premium,65.0
703617,10193,30054,Standard,45.0
703618,10654,30007,Standard,35.0
703619,10784,30012,Premium,65.0
703620,10823,30055,Standard,45.0
703621,10393,30036,Standard,45.0
703622,10497,30007,Student,37.0
703623,10392,30024,Student,22.0
703624,10713,30034,Standard,35.0
703625,10674,30065,Standard,35.0
703626,10109,30029,Standard,35.0
703627,10929,30026,Standard,35.0
703628,10470,30074,VIP,125.0
703629,10350,30065,Premium,75.0
703630,10775,30045,Premium,65.0
703631,10722,30017,Standard,40.0
703632,10149,30036,Standard,40.0
703633,10256,30073,Standard,35.0
703634,10389,30063,Standard,50.0
703635,10199,30023,Standard,35.0
703636,10908,30066,Standard,45.0
703637,10443,30042,Standard,45.0
703638,10849,30071,Standard,45.0
703639,10186,30075,Standard,40.0
703640,10344,30071,Standard,35.0
703641,10677,30043,Standard,35.0
703642,10108,30055,Standard,40.0
703643,10595,30056,Standard,35.0
703644,10813,30079,VIP,135.0
703645,10080,30031,Standard,40.0
703646,10253,30056,Premium,65.0
703647,10025,30074,VIP,125.0
703648,10283,30048,Standard,35.0
703649,10563,30052,Standard,40.0
703650,10887,30072,Standard,35.0
703651,10938,30001,Standard,40.0
703652,10620,30002,Standard,40.0
703653,10967,30042,Premium,65.0
703654,10238,30074,Standard,40.0
703655,10938,30009,Student,27.0
703656,10316,30031,Premium,65.0
703657,10840,30002,Premium,80.0
703658,10463,30024,Standard,35.0
703659,10698,30043,Standard,35.0
703660,10592,30070,Standard,45.0
703661,10840,30072,Standard,35.0
703662,10996,30043,Premium,65.0
703663,10608,30051,Standard,40.0
703664,10382,30046,Standard,40.0
703665,10465,30075,VIP,125.0
703666,10996,30001,Standard,35.0
703667,10150,30067,Premium,65.0
703668,10352,30001,Standard,40.0
703669,10442,30063,Standard,40.0
703670,10395,30076,Premium,70.0
703671,10365,30062,Student,27.0
703672,10006,30061,Standard,35.0
703673,10534,30040,Standard,35.0
703674,10974,30029,Standard,35.0
703675,10220,30035,Premium,65.0
703676,10871,30011,Premium,70.0
703677,10012,30011,Standard,40.0
703678,10795,30063,Standard,35.0
703679,10385,30069,Student,32.0
703680,10704,30056,Standard,35.0
703681,10458,30007,Premium,65.0
703682,10225,30051,Premium,65.0
703683,10336,30039,Standard,35.0
703684,10167,30042,Premium,65.0
703685,10316,30072,Standard,45.0
703686,10116,30053,Student,22.0
703687,10838,30021,Standard,45.0
703688,10950,30030,Standard,35.0
703689,10921,30078,Standard,40.0
703690,10498,30001,Premium,75.0
703691,10148,30024,Standard,35.0
703692,10036,30006,Standard,35.0
703693,10407,30006,Standard,35.0
703694,10976,30069,Standard,50.0
703695,10385,30062,Premium,70.0
703696,10757,30035,Standard,40.0
703697,10990,30079,Premium,70.0
703698,10411,30035,Premium,65.0
703699,10308,30048,VIP,125.0
703700,10642,30072,Premium,65.0
703701,10240,30043,Standard,35.0
703702,10917,30035,Standard,45.0
703703,10905,30005,Student,27.0
703704,10367,30031,VIP,140.0
703705,10856,30031,Standard,35.0
703706,10304,30008,Student,22.0
703707,10617,30006,Premium,75.0
703708,10167,30053,VIP,125.0
703709,10554,30080,Premium,65.0
703710,10967,30044,VIP,125.0
703711,10766,30049,VIP,125.0
703712,10862,30008,Standard,50.0
703713,10301,30064,Student,22.0
703714,10898,30004,Standard,45.0
703715,10972,30032,Standard,45.0
703716,10205,30053,Premium,65.0
703717,10195,30067,Premium,70.0
703718,10171,30063,VIP,125.0
703719,10762,30080,Standard,35.0
703720,10616,30060,Standard,45.0
703721,10875,30077,Standard,35.0
703722,10402,30033,Standard,35.0
703723,10039,30022,Premium,65.0
703724,10748,30031,Standard,35.0
703725,10646,30024,Standard,35.0
703726,10252,30003,Standard,35.0
703727,10682,30033,Premium,65.0
703728,10948,30026,Standard,45.0
703729,10283,30051,Premium,65.0
703730,10207,30030,Standard,35.0
703731,10500,30035,Standard,35.0
703732,10143,30025,VIP,130.0
703733,10019,30028,Standard,40.0
703734,10702,30026,Premium,80.0
703735,10576,30073,Premium,70.0
703736,10742,30008,Premium,65.0
703737,10819,30015,Premium,65.0
703738,10687,30049,Premium,65.0
703739,10825,30008,Premium,70.0
703740,10020,30055,Standard,35.0
703741,10788,30058,Standard,40.0
703742,10850,30003,VIP,135.0
703743,10448,30009,Student,27.0
703744,10226,30014,Standard,40.0
703745,10743,30020,Standard,40.0
703746,10101,30004,Standard,35.0
703747,10739,30024,Premium,65.0
703748,10294,30076,Standard,35.0
703749,10550,30028,Premium,65.0
703750,10065,30031,VIP,135.0
703751,10499,30067,Student,22.0
703752,10076,30064,Standard,40.0
703753,10901,30017,Student,27.0
703754,10704,30006,Premium,70.0
703755,10635,30060,Standard,40.0
703756,10125,30011,Standard,35.0
703757,10027,30038,Premium,65.0
703758,10615,30034,Student,32.0
703759,10276,30047,Standard,35.0
703760,10572,30032,Standard,35.0
703761,10680,30057,Standard,35.0
703762,10083,30046,Student,22.0
703763,10486,30035,Student,22.0
703764,10463,30022,Standard,50.0
703765,10006,30016,Standard,40.0
703766,10969,30076,VIP,135.0
703767,10676,30005,Premium,65.0
703768,10368,30026,Student,22.0
703769,10471,30077,VIP,130.0
703770,10714,30024,Standard,45.0
703771,10449,30067,Premium,65.0
703772,10907,30032,Standard,45.0
703773,10689,30023,Premium,80.0
703774,10370,30049,Premium,65.0
703775,10340,30062,Student,22.0
703776,10668,30077,Student,22.0
703777,10278,30079,Standard,50.0
703778,10340,30066,Standard,35.0
703779,10815,30011,Standard,40.0
703780,10614,30080,VIP,130.0
703781,10080,30018,Premium,65.0
703782,10706,30010,Student,27.0
703783,10793,30077,Premium,65.0
703784,10603,30060,Standard,45.0
703785,10067,30008,Standard,40.0
703786,10215,30071,Standard,45.0
703787,10416,30048,Premium,65.0
703788,10145,30041,VIP,125.0
703789,10552,30008,Standard,45.0
703790,10724,30037,VIP,125.0
703791,10286,30037,Standard,35.0
703792,10571,30064,Standard,35.0
703793,10540,30059,Standard,35.0
703794,10047,30045,Standard,35.0
703795,10237,30016,VIP,130.0
703796,10117,30026,Standard,40.0
703797,10151,30031,Standard,35.0
703798,10083,30027,VIP,135.0
703799,10057,30043,Student,22.0
703800,10729,30015,Premium,65.0
703801,10984,30058,Standard,35.0
703802,10385,30049,Standard,45.0
703803,10220,30079,Standard,45.0
703804,10285,30025,Standard,35.0
703805,10754,30068,VIP,125.0
703806,10434,30036,Standard,35.0
703807,10320,30080,Standard,45.0
703808,10611,30047,Premium,70.0
703809,10242,30059,VIP,135.0
703810,10465,30052,Standard,35.0
703811,10203,30040,Standard,35.0
703812,10549,30043,Standard,40.0
703813,10758,30056,Standard,45.0
703814,10445,30003,Standard,35.0
703815,10640,30071,Premium,65.0
703816,10135,30012,Standard,45.0
703817,10858,30065,Standard,35.0
703818,10855,30043,Standard,35.0
703819,10576,30070,Student,22.0
703820,10786,30046,Premium,65.0
703821,10541,30060,VIP,125.0
703822,10487,30061,Standard,40.0
703823,10882,30049,Premium,65.0
703824,10738,30025,Standard,35.0
703825,10572,30003,Standard,40.0
703826,10486,30068,Premium,80.0
703827,10566,30063,Premium,70.0
703828,10840,30030,Student,32.0
703829,10661,30004,Premium,75.0
703830,10405,30078,Standard,45.0
703831,10570,30071,Standard,50.0
703832,10433,30021,Standard,40.0
703833,10548,30071,Standard,40.0
703834,10657,30001,Premium,70.0
703835,10250,30060,Standard,45.0
703836,10080,30034,Student,27.0
703837,10949,30003,Premium,70.0
703838,10015,30018,Standard,35.0
703839,10975,30043,Standard,45.0
703840,10040,30076,Standard,35.0
703841,10081,30078,VIP,125.0
703842,10510,30041,Student,27.0
703843,10307,30024,Standard,35.0
703844,10705,30024,Premium,65.0
703845,10397,30003,Premium,65.0
703846,10678,30059,Student,22.0
703847,10970,30058,Standard,35.0
703848,10865,30073,Standard,40.0
703849,10922,30024,Standard,45.0
703850,10204,30066,Standard,35.0
703851,10211,30040,Standard,40.0
703852,10399,30071,Standard,45.0
703853,10373,30009,Premium,65.0
703854,10389,30060,Standard,40.0
703855,10258,30039,Premium,65.0
703856,10115,30033,Premium,70.0
703857,10334,30034,VIP,125.0
703858,10349,30062,Standard,50.0
703859,10233,30061,Standard,35.0
703860,10509,30027,Standard,35.0
703861,10449,30017,Standard,35.0
703862,10077,30060,Premium,70.0
703863,10828,30042,Standard,35.0
703864,10608,30047,Standard,35.0
703865,10098,30053,Standard,35.0
703866,10568,30021,Standard,35.0
703867,10630,30008,Student,27.0
703868,10462,30073,Student,22.0
703869,10500,30058,Standard,40.0
703870,10631,30068,Standard,35.0
703871,10038,30063,VIP,125.0
703872,10697,30059,VIP,125.0
703873,10358,30030,VIP,135.0
703874,10242,30025,Standard,40.0
703875,10051,30056,Standard,35.0
703876,10425,30034,Standard,40.0
703877,10975,30050,VIP,135.0
703878,10127,30002,VIP,125.0
703879,10103,30077,Standard,40.0
703880,10966,30053,Standard,35.0
703881,10477,30041,Premium,65.0
703882,10229,30023,Premium,65.0
703883,10723,30061,Premium,70.0
703884,10436,30031,Premium,65.0
703885,10385,30066,Standard,35.0
703886,10085,30002,Standard,35.0
703887,10359,30069,Premium,65.0
703888,10786,30060,Premium,65.0
703889,10027,30078,Standard,40.0
703890,10860,30023,Standard,35.0
703891,10072,30057,Premium,75.0
703892,10095,30035,Standard,35.0
703893,10588,30001,Standard,40.0
703894,10426,30048,Premium,65.0
703895,10006,30049,Premium,70.0
703896,10090,30040,Premium,75.0
703897,10592,30062,Standard,35.0
703898,10222,30015,Standard,40.0
703899,10595,30030,Standard,35.0
703900,10594,30021,VIP,125.0
703901,10152,30008,VIP,135.0
703902,10557,30007,Standard,35.0
703903,10212,30034,Standard,35.0
703904,10583,30064,Standard,35.0
703905,10263,30042,Standard,35.0
703906,10912,30053,Standard,45.0
703907,10382,30070,Premium,65.0
703908,10570,30010,Premium,65.0
703909,10057,30058,Premium,65.0
703910,10426,30004,VIP,125.0
703911,10623,30008,Standard,40.0
703912,10142,30012,VIP,130.0
703913,10568,30025,Standard,35.0
703914,10524,30027,Standard,45.0
703915,10861,30002,Standard,35.0
703916,10015,30073,Premium,65.0
703917,10008,30055,Standard,50.0
703918,10231,30058,Standard,40.0
703919,10186,30033,Standard,45.0
703920,10053,30049,VIP,130.0
703921,10137,30005,Standard,35.0
703922,10174,30047,Premium,70.0
703923,10860,30024,Student,22.0
703924,10219,30044,Premium,70.0
703925,10263,30068,Standard,35.0
703926,10255,30014,Standard,50.0
703927,10812,30036,Premium,70.0
703928,10270,30051,Standard,35.0
703929,10587,30006,Standard,35.0
703930,10224,30017,Standard,35.0
703931,10883,30072,Premium,70.0
703932,10604,30051,Standard,35.0
703933,10134,30052,Standard,35.0
703934,10163,30012,Standard,50.0
703935,10710,30001,Premium,75.0
703936,10701,30011,Premium,80.0
703937,10920,30016,Premium,65.0
703938,10073,30009,Standard,40.0
703939,10898,30008,VIP,135.0
703940,10998,30025,Standard,40.0
703941,10718,30074,Standard,35.0
703942,10947,30040,Student,32.0
703943,10543,30067,Student,32.0
703944,10894,30023,Premium,70.0
703945,10990,30062,Student,22.0
703946,10631,30023,Standard,35.0
703947,10795,30044,Standard,40.0
703948,10484,30056,Standard,35.0
703949,10878,30068,Standard,40.0
703950,10671,30023,Premium,65.0
703951,10255,30009,Standard,35.0
703952,10757,30004,VIP,125.0
703953,10618,30034,Standard,35.0
703954,10198,30034,Standard,40.0
703955,10427,30042,Standard,35.0
703956,10493,30003,Student,27.0
703957,10632,30034,Premium,70.0
703958,10082,30043,Premium,65.0
703959,10308,30067,VIP,135.0
703960,10782,30037,Premium,70.0
703961,10699,30012,Student,27.0
703962,10788,30016,Standard,45.0
703963,10374,30062,Standard,35.0
703964,10564,30017,Standard,35.0
703965,10459,30015,Student,22.0
703966,10501,30026,Student,22.0
703967,10357,30045,Premium,65.0
703968,10296,30002,Standard,40.0
703969,10580,30017,Standard,35.0
703970,10300,30065,Standard,35.0
703971,10646,30030,Standard,35.0
703972,10343,30068,Standard,35.0
703973,10120,30044,Standard,40.0
703974,10569,30060,Student,27.0
703975,10186,30001,Standard,35.0
703976,10584,30019,VIP,125.0
703977,10158,30033,Premium,65.0
703978,10228,30036,Standard,40.0
703979,10308,30077,Standard,50.0
703980,10234,30078,Student,22.0
703981,10011,30024,Premium,75.0
703982,10175,30025,Standard,45.0
703983,10773,30011,Standard,35.0
703984,10643,30009,Premium,75.0
703985,10911,30006,Standard,35.0
703986,10898,30058,Standard,50.0
703987,10002,30029,Premium,65.0
703988,10761,30073,Premium,65.0
703989,10712,30079,Standard,50.0
703990,10182,30011,Student,22.0
703991,10942,30023,Premium,75.0
703992,10350,30026,VIP,125.0
703993,10639,30001,Standard,40.0
703994,10382,30047,Standard,35.0
703995,10297,30041,Standard,50.0
703996,10197,30023,Standard,35.0
703997,10286,30005,Student,22.0
703998,10556,30050,Student,27.0
703999,10522,30009,Premium,80.0
704000,10225,30004,Standard,35.0
704001,10728,30071,Premium,65.0
704002,10723,30065,Standard,35.0
704003,10286,30080,Standard,35.0
704004,10729,30057,Standard,45.0
704005,10331,30025,Premium,65.0
704006,10561,30058,Standard,40.0
704007,10163,30006,Standard,35.0
704008,10193,30014,Standard,35.0
704009,10145,30063,Premium,65.0
704010,10671,30075,Standard,45.0
704011,10838,30065,Premium,65.0
704012,10973,30052,Standard,35.0
704013,10692,30065,Standard,35.0
704014,10538,30008,Premium,70.0
704015,10612,30008,Standard,35.0
704016,10901,30014,Standard,45.0
704017,10623,30024,VIP,130.0
704018,10270,30064,Standard,35.0
704019,10051,30025,VIP,130.0
704020,10527,30006,Standard,35.0
704021,10128,30001,Standard,45.0
704022,10652,30033,Premium,65.0
704023,10754,30014,Standard,35.0
704024,10046,30063,Standard,40.0
704025,10234,30056,Standard,40.0
704026,10448,30062,Standard,40.0
704027,10584,30028,Premium,75.0
704028,10443,30029,VIP,125.0
704029,10503,30023,VIP,125.0
704030,10607,30044,Standard,35.0
704031,10922,30038,Premium,75.0
704032,10285,30049,Standard,50.0
704033,10132,30043,Premium,80.0
704034,10946,30010,VIP,125.0
704035,10476,30027,Standard,35.0
704036,10793,30008,Student,22.0
704037,10936,30068,Premium,65.0
704038,10544,30030,Premium,65.0
704039,10356,30013,Premium,65.0
704040,10971,30058,Premium,65.0
704041,10037,30003,Student,22.0
704042,10638,30005,Premium,65.0
704043,10138,30022,Standard,35.0
704044,10422,30058,Premium,70.0
704045,10445,30066,Standard,35.0
704046,10612,30040,Student,27.0
704047,10242,30005,VIP,125.0
704048,10245,30016,Standard,45.0
704049,10539,30015,Premium,65.0
704050,10209,30077,VIP,125.0
704051,10903,30075,Standard,40.0
704052,10457,30080,Standard,45.0
704053,10099,30018,Standard,35.0
704054,10502,30047,Premium,65.0
704055,10137,30004,Standard,45.0
704056,10187,30053,Premium,65.0
704057,10036,30058,Standard,35.0
704058,10630,30075,Standard,45.0
704059,10670,30058,Standard,45.0
704060,10479,30059,Standard,35.0
704061,10787,30034,Standard,50.0
704062,10681,30030,Standard,40.0
704063,10055,30054,Premium,65.0
704064,10471,30068,Standard,40.0
704065,10084,30078,Premium,65.0
704066,10006,30075,Premium,70.0
704067,10891,30068,Standard,50.0
704068,10363,30026,Standard,35.0
704069,10856,30003,Premium,70.0
704070,10768,30057,Standard,35.0
704071,10918,30037,Standard,35.0
704072,10710,30038,Student,27.0
704073,10664,30041,Premium,70.0
704074,10830,30004,Standard,45.0
704075,10170,30026,Premium,75.0
704076,10760,30039,VIP,130.0
704077,10249,30042,VIP,125.0
704078,10662,30011,Standard,35.0
704079,10210,30011,Standard,35.0
704080,10912,30054,Premium,65.0
704081,10740,30038,Standard,40.0
704082,10244,30020,Student,27.0
704083,10141,30026,Standard,40.0
704084,10632,30076,Standard,50.0
704085,10805,30014,VIP,125.0
704086,10180,30050,Standard,35.0
704087,10920,30025,Standard,40.0
704088,10637,30055,Premium,70.0
704089,10979,30051,Standard,35.0
704090,10754,30010,Premium,65.0
704091,10724,30014,Standard,35.0
704092,10987,30005,Standard,45.0
704093,10017,30057,Standard,45.0
704094,10016,30022,Premium,65.0
704095,10385,30075,Standard,35.0
704096,10341,30029,Standard,35.0
704097,10893,30007,Premium,65.0
704098,10987,30018,VIP,125.0
704099,10769,30031,Premium,65.0
704100,10798,30043,Standard,35.0
704101,10980,30035,Standard,35.0
704102,10792,30071,Premium,70.0
704103,10046,30004,VIP,125.0
704104,10504,30051,VIP,135.0
704105,10770,30030,Student,37.0
704106,10143,30053,Premium,65.0
704107,10285,30074,Standard,35.0
704108,10355,30014,Premium,65.0
704109,10830,30036,Premium,65.0
704110,10525,30012,VIP,125.0
704111,10979,30076,VIP,130.0
704112,10833,30034,Standard,35.0
704113,10557,30026,Premium,65.0
704114,10047,30006,Standard,40.0
704115,10528,30053,Standard,35.0
704116,10894,30015,Standard,35.0
704117,10107,30019,Student,27.0
704118,10003,30047,VIP,125.0
704119,10616,30077,Premium,70.0
704120,10966,30061,Standard,50.0
704121,10095,30052,Standard,45.0
704122,10133,30018,Premium,65.0
704123,10922,30060,Standard,35.0
704124,10860,30047,Standard,35.0
704125,10783,30057,VIP,140.0
704126,10201,30033,Standard,50.0
704127,10254,30032,Standard,35.0
704128,10183,30004,Premium,75.0
704129,10150,30041,Student,22.0
704130,10549,30019,VIP,125.0
704131,10981,30007,Student,22.0
704132,10490,30026,Premium,65.0
704133,10505,30051,Standard,45.0
704134,10413,30056,Student,22.0
704135,10922,30071,Standard,45.0
704136,10838,30075,Standard,50.0
704137,10508,30051,Standard,45.0
704138,10651,30008,Premium,65.0
704139,10612,30013,VIP,130.0
704140,10404,30032,Standard,35.0
704141,10236,30034,Standard,40.0
704142,10596,30018,VIP,125.0
704143,10859,30079,Standard,40.0
704144,10966,30055,Premium,70.0
704145,10545,30043,Standard,40.0
704146,10633,30024,Standard,50.0
704147,10542,30021,Standard,35.0
704148,10434,30018,Standard,35.0
704149,10546,30014,Premium,65.0
704150,10645,30053,VIP,125.0
704151,10208,30019,Standard,35.0
704152,10140,30077,VIP,125.0
704153,10588,30057,Premium,75.0
704154,10587,30064,Standard,45.0
704155,10820,30080,Premium,65.0
704156,10307,30002,Premium,65.0
704157,10917,30057,Standard,35.0
704158,10967,30034,Standard,35.0
704159,10570,30049,Student,27.0
704160,10098,30054,Premium,65.0
704161,10125,30022,Standard,40.0
704162,10960,30044,Standard,35.0
704163,10349,30035,Standard,50.0
704164,10134,30029,Standard,45.0
704165,10996,30006,Standard,45.0
704166,10226,30037,Standard,35.0
704167,10945,30058,Standard,35.0
704168,10712,30064,Premium,65.0
704169,10549,30031,Standard,40.0
704170,10650,30050,Standard,35.0
704171,10720,30080,Standard,40.0
704172,10706,30060,Standard,40.0
704173,10568,30014,Standard,40.0
704174,10339,30070,Standard,45.0
704175,10839,30011,Standard,35.0
704176,10322,30027,Standard,35.0
704177,10813,30069,VIP,130.0
704178,10087,30079,Standard,50.0
704179,10095,30038,Standard,40.0
704180,10196,30062,Standard,40.0
704181,10192,30053,Student,32.0
704182,10656,30080,Student,22.0
704183,10522,30018,Standard,50.0
704184,10753,30052,Standard,35.0
704185,10661,30024,Standard,35.0
704186,10988,30007,Standard,35.0
704187,10652,30014,Standard,35.0
704188,10013,30050,Standard,35.0
704189,10254,30024,Standard,35.0
704190,11000,30079,Standard,35.0
704191,10081,30013,Standard,35.0
704192,10722,30019,Student,22.0
704193,10373,30029,Standard,45.0
704194,10394,30022,Premium,65.0
704195,10890,30002,Standard,35.0
704196,10732,30077,Standard,35.0
704197,10909,30036,VIP,125.0
704198,10418,30038,Standard,45.0
704199,10059,30018,Premium,75.0
704200,10128,30051,Standard,45.0
704201,10817,30015,Standard,35.0
704202,10774,30052,Premium,65.0
704203,10780,30017,Standard,35.0
704204,10541,30077,Standard,40.0
704205,10333,30022,Premium,75.0
704206,10892,30054,Standard,45.0
704207,10282,30052,Standard,35.0
704208,10580,30046,Premium,65.0
704209,10207,30004,Standard,35.0
704210,10272,30007,Premium,70.0
704211,10309,30010,Student,22.0
704212,10403,30015,Standard,35.0
704213,10175,30026,Standard,45.0
704214,10218,30080,Standard,40.0
704215,10672,30040,Standard,35.0
704216,10326,30061,Premium,65.0
704217,10756,30016,Standard,40.0
704218,10253,30018,Standard,40.0
704219,10454,30075,Standard,40.0
704220,10189,30076,Premium,65.0
704221,10773,30002,Standard,45.0
704222,10443,30054,VIP,130.0
704223,10898,30018,Premium,75.0
704224,10130,30054,Standard,35.0
704225,10485,30038,Standard,35.0
704226,10003,30073,Standard,35.0
704227,10966,30015,Premium,75.0
704228,10351,30064,Premium,65.0
704229,10555,30008,Standard,35.0
704230,10133,30046,Standard,35.0
704231,10690,30039,Standard,40.0
704232,10494,30052,Standard,45.0
704233,10266,30008,Standard,45.0
704234,10923,30050,Standard,40.0
704235,10024,30050,Standard,50.0
704236,10534,30068,Standard,35.0
704237,10857,30027,Standard,45.0
704238,10003,30077,Standard,35.0
704239,10912,30038,Standard,35.0
704240,10670,30021,Standard,35.0
704241,10880,30045,Standard,35.0
704242,10427,30058,Standard,35.0
704243,10004,30023,Standard,35.0
704244,10619,30054,Standard,35.0
704245,10808,30030,Standard,35.0
704246,10784,30016,Standard,35.0
704247,10503,30052,Standard,45.0
704248,10232,30041,Standard,45.0
704249,10873,30071,Standard,50.0
704250,10750,30024,Standard,40.0
704251,10072,30020,Premium,70.0
704252,10088,30027,Standard,45.0
704253,10528,30002,Standard,40.0
704254,10886,30060,Standard,35.0
704255,10603,30051,Standard,35.0
704256,10450,30001,Standard,35.0
704257,10439,30006,Standard,45.0
704258,10532,30038,Standard,40.0
704259,10435,30054,VIP,125.0
704260,10724,30060,Standard,35.0
704261,10084,30027,Student,22.0
704262,10339,30080,VIP,130.0
704263,10953,30062,VIP,125.0
704264,10126,30063,VIP,125.0
704265,10563,30035,Standard,35.0
704266,10018,30058,Standard,40.0
704267,10973,30061,Standard,50.0
704268,10849,30036,Standard,45.0
704269,10955,30056,Standard,35.0
704270,10865,30067,VIP,125.0
704271,10629,30057,Standard,35.0
704272,10636,30041,Standard,35.0
704273,10540,30031,Premium,70.0
704274,10965,30003,Standard,35.0
704275,10924,30038,Standard,40.0
704276,10345,30053,Standard,35.0
704277,10468,30052,VIP,140.0
704278,10981,30024,Standard,35.0
704279,10141,30026,Premium,65.0
704280,10006,30073,Standard,40.0
704281,10669,30037,VIP,130.0
704282,10618,30048,Standard,40.0
704283,10631,30067,Premium,80.0
704284,10649,30041,Student,22.0
704285,10541,30049,Standard,35.0
704286,10678,30028,Standard,45.0
704287,10065,30032,Standard,35.0
704288,10056,30071,Standard,35.0
704289,10798,30071,VIP,130.0
704290,10882,30032,Standard,40.0
704291,10096,30038,VIP,125.0
704292,10889,30020,Premium,65.0
704293,10955,30008,Standard,35.0
704294,10215,30068,Standard,35.0
704295,10743,30026,Standard,45.0
704296,10058,30079,Standard,35.0
704297,10906,30070,Standard,35.0
704298,10492,30048,Standard,40.0
704299,10405,30069,VIP,130.0
704300,10184,30046,Standard,40.0
704301,10282,30058,Standard,35.0
704302,10783,30070,Standard,45.0
704303,10721,30067,Premium,65.0
704304,10163,30029,Standard,35.0
704305,10089,30010,Standard,45.0
704306,10783,30071,Student,22.0
704307,10097,30065,VIP,135.0
704308,10587,30065,Premium,65.0
704309,10088,30017,VIP,135.0
704310,10518,30022,Standard,35.0
704311,10668,30014,Premium,75.0
704312,10063,30006,Standard,40.0
704313,10541,30030,Standard,40.0
704314,10816,30047,Student,22.0
704315,10191,30020,Standard,50.0
704316,10954,30016,Standard,35.0
704317,10917,30068,Standard,35.0
704318,10716,30034,Standard,40.0
704319,10278,30001,Standard,35.0
704320,10539,30077,Premium,65.0
704321,10085,30048,Student,27.0
704322,10335,30008,Standard,35.0
704323,10441,30022,Premium,75.0
704324,10722,30068,Standard,40.0
704325,10650,30034,Standard,35.0
704326,10790,30060,Premium,65.0
704327,10172,30045,VIP,130.0
704328,10852,30037,Standard,45.0
704329,10339,30023,Standard,35.0
704330,10668,30024,Standard,35.0
704331,10229,30013,VIP,125.0
704332,10818,30069,Standard,40.0
704333,10179,30080,Standard,40.0
704334,10247,30060,VIP,125.0
704335,10897,30038,Standard,40.0
704336,10674,30048,Student,32.0
704337,10675,30026,VIP,125.0
704338,10730,30077,Standard,40.0
704339,10317,30001,Premium,75.0
704340,10286,30004,Standard,50.0
704341,10076,30067,Student,22.0
704342,10974,30080,Standard,35.0
704343,10999,30013,Premium,80.0
704344,10452,30039,Standard,35.0
704345,10204,30031,Standard,35.0
704346,10728,30024,Standard,35.0
704347,10424,30079,Standard,40.0
704348,10735,30005,Standard,35.0
704349,10193,30049,Standard,45.0
704350,10293,30011,Standard,35.0
704351,10704,30024,Standard,40.0
704352,10897,30045,Standard,35.0
704353,10911,30074,Standard,35.0
704354,10781,30034,Standard,35.0
704355,10413,30011,Standard,50.0
704356,10439,30057,Premium,70.0
704357,10301,30029,Standard,40.0
704358,10260,30022,Student,27.0
704359,10192,30033,Standard,35.0
704360,10271,30072,Premium,70.0
704361,10616,30049,Standard,35.0
704362,10432,30023,Standard,40.0
704363,10716,30069,Standard,35.0
704364,10696,30029,Standard,45.0
704365,10217,30006,Standard,40.0
704366,10091,30052,Premium,65.0
704367,10198,30014,Standard,35.0
704368,10983,30017,Premium,65.0
704369,10399,30080,Premium,75.0
704370,10039,30028,Standard,35.0
704371,10709,30009,Standard,35.0
704372,10471,30066,Standard,35.0
704373,10079,30004,Standard,50.0
704374,10729,30020,Standard,40.0
704375,10828,30041,Standard,35.0
704376,10094,30036,Standard,40.0
704377,10684,30006,Standard,50.0
704378,10043,30065,Standard,40.0
704379,10132,30050,Student,22.0
704380,10077,30064,Student,22.0
704381,10946,30003,Standard,35.0
704382,10232,30037,Standard,35.0
704383,10039,30003,Standard,40.0
704384,10566,30033,Standard,40.0
704385,10151,30059,Standard,45.0
704386,10700,30015,Standard,40.0
704387,10976,30056,Standard,35.0
704388,10419,30061,Premium,70.0
704389,10822,30068,Premium,70.0
704390,10186,30079,Student,22.0
704391,10318,30071,Standard,40.0
704392,10464,30068,VIP,125.0
704393,10432,30062,Standard,35.0
704394,10135,30067,Premium,65.0
704395,10503,30023,VIP,125.0
704396,10685,30014,Student,22.0
704397,10269,30006,Premium,65.0
704398,10437,30033,Standard,45.0
704399,10627,30009,Standard,45.0
704400,10498,30012,Premium,80.0
704401,10733,30051,Premium,75.0
704402,10551,30003,Premium,80.0
704403,10340,30056,Standard,40.0
704404,10242,30046,Standard,50.0
704405,10221,30036,Standard,40.0
704406,10658,30013,VIP,135.0
704407,10918,30013,Standard,35.0
704408,10676,30058,Standard,40.0
704409,10361,30034,VIP,135.0
704410,10949,30043,Standard,35.0
704411,10880,30028,Premium,65.0
704412,10996,30056,Premium,65.0
704413,10840,30047,Standard,40.0
704414,10771,30035,Standard,40.0
704415,10190,30078,Premium,65.0
704416,10413,30019,Standard,35.0
704417,10329,30051,Standard,45.0
704418,10776,30020,Premium,70.0
704419,10222,30029,Standard,35.0
704420,10844,30072,Standard,45.0
704421,10686,30065,Standard,35.0
704422,10092,30038,Standard,35.0
704423,10440,30049,Standard,45.0
704424,10106,30028,Standard,45.0
704425,10245,30033,Standard,35.0
704426,10305,30013,Premium,65.0
704427,10555,30044,Standard,35.0
704428,10906,30052,VIP,135.0
704429,10909,30077,Standard,45.0
704430,10953,30076,Standard,35.0
704431,10770,30041,Premium,65.0
704432,10833,30049,Standard,35.0
704433,10598,30007,Standard,45.0
704434,10097,30036,Standard,35.0
704435,10976,30026,Standard,35.0
704436,10938,30027,Standard,40.0
704437,10954,30024,Standard,35.0
704438,10477,30071,Standard,35.0
704439,10266,30033,VIP,125.0
704440,10575,30018,Premium,70.0
704441,10103,30005,Standard,45.0
704442,10254,30001,VIP,125.0
704443,10455,30071,Standard,35.0
704444,10829,30003,Standard,35.0
704445,10513,30036,Premium,65.0
704446,10666,30035,Standard,35.0
704447,10493,30051,Standard,40.0
704448,10261,30012,Standard,50.0
704449,10035,30015,Standard,45.0
704450,10381,30004,Standard,40.0
704451,10397,30056,Premium,70.0
704452,10027,30016,Standard,45.0
704453,10908,30006,Standard,40.0
704454,10862,30063,Standard,40.0
704455,10306,30023,Premium,65.0
704456,10736,30077,Standard,35.0
704457,10699,30044,Standard,35.0
704458,10671,30001,Premium,75.0
704459,10581,30057,Standard,40.0
704460,10165,30076,Standard,35.0
704461,10258,30027,Standard,40.0
704462,10102,30025,Standard,35.0
704463,10455,30062,Standard,45.0
704464,10193,30018,Standard,35.0
704465,10771,30080,Standard,40.0
704466,10916,30030,Student,27.0
704467,10898,30030,Standard,50.0
704468,10810,30047,Standard,40.0
704469,10299,30022,Premium,75.0
704470,10021,30042,Standard,35.0
704471,10045,30034,Standard,35.0
704472,10480,30063,Standard,35.0
704473,10496,30004,Premium,70.0
704474,10788,30031,Premium,65.0
704475,10683,30051,Standard,35.0
704476,10690,30050,Premium,70.0
704477,10223,30014,Standard,40.0
704478,10299,30008,Standard,35.0
704479,10481,30069,Standard,35.0
704480,10024,30008,Premium,75.0
704481,10338,30011,Premium,70.0
704482,10084,30029,Premium,65.0
704483,10060,30055,Premium,70.0
704484,10288,30039,Standard,35.0
704485,10634,30013,Standard,35.0
704486,10517,30064,Standard,35.0
704487,10898,30049,Standard,45.0
704488,10154,30019,Standard,50.0
704489,10281,30067,VIP,125.0
704490,10434,30052,Premium,65.0
704491,10342,30078,Standard,35.0
704492,10935,30071,Premium,70.0
704493,10086,30020,Premium,65.0
704494,10587,30054,Standard,45.0
704495,10779,30005,Standard,35.0
704496,10191,30079,Standard,40.0
704497,10252,30062,Standard,35.0
704498,10068,30017,Standard,45.0
704499,10865,30053,Student,22.0
704500,10146,30037,Standard,40.0
