transaction_id,customer_id,product_id,transaction_date,quantity,discount_pct,unit_price,revenue
500001,10861,2020,2024-11-24,2.0,0.1,145.5,261.9
500002,10260,2026,2025-09-02,2.0,0.0,74.85,149.7
500003,10082,2030,2024-12-02,1.0,0.0,51.91,51.91
500004,10754,2007,2025-08-29,1.0,0.15,92.1,78.28
500005,10441,2009,2025-08-15,2.0,0.0,33.82,67.64
500006,10945,2005,2024-02-08,1.0,0.0,75.13,75.13
500007,10172,2014,2024-08-16,1.0,0.15,65.22,55.44
500008,10231,2005,2025-04-28,1.0,0.0,75.13,75.13
500009,10720,2008,2024-05-14,2.0,0.0,131.55,263.1
500010,10075,2007,2025-12-09,2.0,0.1,92.1,165.78
500011,10270,2013,2025-01-25,1.0,0.0,111.92,111.92
500012,10899,2013,2025-09-05,1.0,0.0,111.92,111.92
500013,10626,2008,2025-03-01,3.0,0.0,131.55,394.65
500014,10062,2011,2025-08-10,2.0,0.1,132.17,237.91
500015,10874,2028,2025-05-25,1.0,0.0,86.01,86.01
500016,10320,2026,2025-12-21,3.0,0.0,74.85,224.55
500017,10102,2018,2025-08-18,1.0,0.05,132.04,125.44
500018,10429,2025,2025-03-03,2.0,0.15,145.48,247.32
500019,10874,2019,2025-10-17,2.0,0.1,47.93,86.27
500020,10722,2006,2025-04-19,2.0,0.0,145.53,291.06
500021,10954,2022,2025-07-22,3.0,0.1,48.42,130.73
500022,10255,2002,2024-12-27,1.0,0.05,16.22,15.41
500023,10532,2028,2024-07-30,3.0,0.0,86.01,258.03
500024,10570,2013,2024-06-28,2.0,0.0,111.92,223.84
500025,10112,2023,2024-02-28,2.0,0.15,61.98,105.37
500026,10985,2025,2024-03-14,1.0,0.0,145.48,145.48
500027,10313,2028,2024-08-03,1.0,0.05,86.01,81.71
500028,10998,2026,2024-03-14,2.0,0.0,74.85,149.7
500029,10461,2011,2025-04-12,1.0,0.05,132.17,125.56
500030,10708,2001,2024-09-28,2.0,0.05,50.2,95.38
500031,10887,2024,2025-05-14,1.0,0.0,135.89,135.89
500032,10462,2002,2024-12-20,1.0,0.0,16.22,16.22
500033,10865,2030,2024-08-22,1.0,0.1,51.91,46.72
500034,10092,2017,2024-11-15,3.0,0.15,68.24,174.01
500035,10052,2008,2024-01-20,1.0,0.0,131.55,131.55
500036,10805,2002,2025-09-17,2.0,0.1,16.22,29.2
500037,10520,2006,2025-07-29,1.0,0.0,145.53,145.53
500038,10812,2022,2025-01-07,1.0,0.0,48.42,48.42
500039,10098,2005,2024-07-03,3.0,0.0,75.13,225.39
500040,10236,2016,2024-10-04,2.0,0.1,76.81,138.26
500041,10901,2008,2025-11-05,1.0,0.0,131.55,131.55
500042,10374,2019,2024-05-25,1.0,0.0,47.93,47.93
500043,10581,2016,2025-10-20,1.0,0.0,76.81,76.81
500044,10927,2013,2024-03-22,1.0,0.1,111.92,100.73
500045,10557,2026,2024-11-18,1.0,0.0,74.85,74.85
500046,10649,2020,2025-03-11,2.0,0.0,145.5,291.0
500047,10234,2007,2024-02-13,1.0,0.15,92.1,78.28
500048,10032,2016,2024-11-09,1.0,0.0,76.81,76.81
500049,10289,2023,2024-10-20,1.0,0.05,61.98,58.88
500050,10638,2016,2025-11-19,1.0,0.0,76.81,76.81
500051,10579,2029,2024-03-10,3.0,0.0,107.84,323.52
500052,10542,2012,2024-02-26,3.0,0.05,93.71,267.07
500053,10114,2014,2025-09-23,3.0,0.0,65.22,195.66
500054,10204,2024,2024-07-23,1.0,0.1,135.89,122.3
500055,10029,2018,2025-02-24,1.0,0.1,132.04,118.84
500056,10643,2027,2025-07-21,3.0,0.1,58.32,157.46
500057,10474,2028,2025-07-04,2.0,0.0,86.01,172.02
500058,10697,2018,2024-08-31,3.0,0.1,132.04,356.51
500059,10253,2016,2024-07-20,1.0,0.1,76.81,69.13
500060,10798,2020,2025-04-19,2.0,0.1,145.5,261.9
500061,10905,2016,2025-06-11,1.0,0.0,76.81,76.81
500062,10922,2013,2025-10-18,2.0,0.05,111.92,212.65
500063,10386,2026,2024-03-18,1.0,0.15,74.85,63.62
500064,10062,2029,2025-04-23,1.0,0.0,107.84,107.84
500065,10515,2009,2025-03-16,2.0,0.05,33.82,64.26
500066,10430,2026,2024-09-20,1.0,0.1,74.85,67.36
500067,10580,2028,2024-07-04,3.0,0.0,86.01,258.03
500068,10537,2009,2024-02-25,1.0,0.0,33.82,33.82
500069,10691,2013,2024-11-04,1.0,0.05,111.92,106.32
500070,10141,2029,2025-05-31,1.0,0.05,107.84,102.45
500071,10743,2004,2024-10-26,2.0,0.05,83.99,159.58
500072,10300,2009,2025-07-06,1.0,0.15,33.82,28.75
500073,10675,2015,2024-08-18,2.0,0.05,27.47,52.19
500074,10311,2014,2025-01-12,1.0,0.15,65.22,55.44
500075,10471,2019,2024-10-13,1.0,0.0,47.93,47.93
500076,10393,2012,2024-05-18,1.0,0.0,93.71,93.71
500077,10642,2021,2025-04-23,2.0,0.15,144.34,245.38
500078,10445,2026,2025-09-07,3.0,0.0,74.85,224.55
500079,10758,2025,2024-01-08,2.0,0.1,145.48,261.86
500080,10809,2006,2025-11-07,2.0,0.0,145.53,291.06
500081,10172,2003,2025-02-23,1.0,0.0,102.51,102.51
500082,10576,2026,2025-04-17,1.0,0.05,74.85,71.11
500083,10031,2025,2025-02-24,3.0,0.1,145.48,392.8
500084,10047,2022,2024-10-03,1.0,0.0,48.42,48.42
500085,10130,2020,2025-07-15,1.0,0.0,145.5,145.5
500086,10352,2016,2025-08-31,3.0,0.0,76.81,230.43
500087,10978,2030,2025-07-25,1.0,0.05,51.91,49.31
500088,10845,2020,2025-11-20,2.0,0.05,145.5,276.45
500089,10622,2024,2024-03-31,2.0,0.15,135.89,231.01
500090,10581,2023,2024-10-09,1.0,0.15,61.98,52.68
500091,10058,2017,2025-07-02,2.0,0.0,68.24,136.48
500092,10106,2016,2024-06-20,1.0,0.05,76.81,72.97
500093,10812,2006,2025-09-30,3.0,0.0,145.53,436.59
500094,10330,2008,2024-12-21,1.0,0.1,131.55,118.4
500095,10768,2019,2024-07-23,2.0,0.0,47.93,95.86
500096,10824,2030,2024-10-16,2.0,0.0,51.91,103.82
500097,10683,2025,2025-04-07,2.0,0.0,145.48,290.96
500098,10383,2026,2025-09-01,2.0,0.0,74.85,149.7
500099,10985,2002,2024-06-22,1.0,0.1,16.22,14.6
500100,10162,2014,2024-10-28,2.0,0.0,65.22,130.44
500101,10997,2022,2025-08-23,2.0,0.0,48.42,96.84
500102,10286,2012,2025-06-13,1.0,0.1,93.71,84.34
500103,10071,2017,2024-05-20,1.0,0.15,68.24,58.0
500104,10767,2028,2024-10-05,1.0,0.0,86.01,86.01
500105,10454,2027,2025-10-25,3.0,0.05,58.32,166.21
500106,10886,2015,2025-05-26,1.0,0.15,27.47,23.35
500107,10567,2018,2024-12-12,3.0,0.05,132.04,376.31
500108,10835,2016,2024-05-20,3.0,0.1,76.81,207.39
500109,10397,2013,2024-04-24,2.0,0.0,111.92,223.84
500110,10515,2021,2025-08-03,3.0,0.05,144.34,411.37
500111,10026,2017,2025-05-22,1.0,0.1,68.24,61.42
500112,10313,2008,2025-01-01,2.0,0.0,131.55,263.1
500113,10126,2001,2025-11-22,1.0,0.0,50.2,50.2
500114,10408,2029,2025-09-29,1.0,0.0,107.84,107.84
500115,10565,2025,2025-02-01,2.0,0.0,145.48,290.96
500116,10198,2026,2025-10-21,2.0,0.0,74.85,149.7
500117,10811,2027,2024-04-21,3.0,0.0,58.32,174.96
500118,10188,2003,2024-12-24,2.0,0.1,102.51,184.52
500119,10698,2016,2024-08-26,3.0,0.0,76.81,230.43
500120,10817,2028,2024-01-04,1.0,0.0,86.01,86.01
500121,10810,2002,2025-12-24,1.0,0.0,16.22,16.22
500122,10716,2015,2025-02-08,2.0,0.1,27.47,49.45
500123,10484,2001,2024-01-26,3.0,0.15,50.2,128.01
500124,10450,2009,2025-05-24,3.0,0.0,33.82,101.46
500125,10523,2016,2025-11-27,2.0,0.05,76.81,145.94
500126,10871,2004,2025-04-10,2.0,0.15,83.99,142.78
500127,10354,2012,2024-03-02,3.0,0.0,93.71,281.13
500128,10986,2001,2025-05-23,1.0,0.0,50.2,50.2
500129,10658,2001,2024-05-03,1.0,0.0,50.2,50.2
500130,10597,2007,2025-05-12,3.0,0.1,92.1,248.67
500131,10100,2018,2024-02-25,2.0,0.0,132.04,264.08
500132,10616,2023,2024-06-12,1.0,0.0,61.98,61.98
500133,10948,2028,2025-11-30,2.0,0.1,86.01,154.82
500134,10558,2023,2024-02-09,3.0,0.05,61.98,176.64
500135,10556,2015,2025-11-28,1.0,0.0,27.47,27.47
500136,10278,2026,2024-03-24,1.0,0.0,74.85,74.85
500137,10693,2030,2025-12-08,1.0,0.1,51.91,46.72
500138,10699,2025,2025-06-30,1.0,0.15,145.48,123.66
500139,10990,2013,2024-04-23,1.0,0.0,111.92,111.92
500140,10626,2016,2025-03-01,1.0,0.15,76.81,65.29
500141,10491,2007,2024-08-18,1.0,0.0,92.1,92.1
500142,10255,2016,2024-10-10,2.0,0.0,76.81,153.62
500143,10381,2013,2024-10-14,1.0,0.0,111.92,111.92
500144,10892,2014,2024-06-04,2.0,0.0,65.22,130.44
500145,10542,2017,2024-06-14,2.0,0.0,68.24,136.48
500146,10264,2012,2024-07-01,2.0,0.05,93.71,178.05
500147,10610,2029,2024-08-27,2.0,0.0,107.84,215.68
500148,10825,2024,2025-10-11,1.0,0.05,135.89,129.1
500149,10879,2024,2024-12-05,1.0,0.0,135.89,135.89
500150,10329,2020,2025-05-27,1.0,0.05,145.5,138.22
500151,10115,2013,2024-09-23,3.0,0.05,111.92,318.97
500152,10276,2024,2024-07-06,3.0,0.05,135.89,387.29
500153,10488,2020,2024-02-10,1.0,0.1,145.5,130.95
500154,10281,2015,2025-05-08,2.0,0.05,27.47,52.19
500155,10275,2024,2025-11-10,3.0,0.15,135.89,346.52
500156,10773,2021,2025-01-26,2.0,0.15,144.34,245.38
500157,10843,2004,2024-09-17,1.0,0.0,83.99,83.99
500158,10719,2022,2025-10-17,1.0,0.0,48.42,48.42
500159,10896,2002,2025-12-17,2.0,0.05,16.22,30.82
500160,10328,2028,2024-06-25,1.0,0.0,86.01,86.01
500161,10211,2018,2024-11-25,1.0,0.0,132.04,132.04
500162,10727,2002,2024-07-19,1.0,0.0,16.22,16.22
500163,10923,2025,2025-12-12,3.0,0.0,145.48,436.44
500164,10552,2015,2024-07-15,1.0,0.0,27.47,27.47
500165,10992,2030,2025-08-12,1.0,0.15,51.91,44.12
500166,10026,2026,2025-06-15,1.0,0.0,74.85,74.85
500167,10027,2019,2024-03-03,2.0,0.0,47.93,95.86
500168,10702,2015,2024-11-23,1.0,0.05,27.47,26.1
500169,10083,2026,2024-10-08,2.0,0.05,74.85,142.21
500170,10896,2020,2024-08-15,1.0,0.0,145.5,145.5
500171,10946,2010,2025-10-01,1.0,0.0,91.83,91.83
500172,10682,2028,2024-02-28,2.0,0.0,86.01,172.02
500173,10413,2024,2025-04-22,1.0,0.0,135.89,135.89
500174,10167,2020,2025-01-11,1.0,0.0,145.5,145.5
500175,10700,2011,2025-12-17,2.0,0.0,132.17,264.34
500176,10169,2026,2024-08-31,3.0,0.1,74.85,202.1
500177,10801,2010,2025-01-02,2.0,0.0,91.83,183.66
500178,10979,2029,2025-05-15,2.0,0.15,107.84,183.33
500179,10229,2023,2024-09-09,2.0,0.1,61.98,111.56
500180,10979,2005,2024-11-18,1.0,0.0,75.13,75.13
500181,10609,2009,2025-01-11,1.0,0.1,33.82,30.44
500182,10367,2020,2025-02-13,1.0,0.0,145.5,145.5
500183,10528,2019,2025-12-12,1.0,0.0,47.93,47.93
500184,10791,2013,2025-05-03,2.0,0.0,111.92,223.84
500185,10647,2018,2024-12-09,1.0,0.0,132.04,132.04
500186,10538,2017,2024-08-28,2.0,0.15,68.24,116.01
500187,10864,2027,2024-05-19,1.0,0.0,58.32,58.32
500188,10524,2006,2024-05-02,1.0,0.05,145.53,138.25
500189,10072,2010,2025-02-24,2.0,0.05,91.83,174.48
500190,10645,2002,2025-07-15,1.0,0.0,16.22,16.22
500191,10106,2024,2024-10-31,3.0,0.1,135.89,366.9
500192,10732,2006,2024-04-25,1.0,0.1,145.53,130.98
500193,10885,2028,2024-12-09,1.0,0.05,86.01,81.71
500194,10965,2028,2024-09-08,1.0,0.15,86.01,73.11
500195,10689,2021,2024-01-08,2.0,0.0,144.34,288.68
500196,10282,2013,2025-08-12,1.0,0.15,111.92,95.13
500197,10133,2018,2024-06-28,3.0,0.05,132.04,376.31
500198,10534,2007,2024-05-25,1.0,0.15,92.1,78.28
500199,10975,2002,2025-02-20,2.0,0.0,16.22,32.44
500200,10269,2029,2025-10-28,1.0,0.1,107.84,97.06
500201,10412,2014,2024-05-01,1.0,0.05,65.22,61.96
500202,10673,2005,2024-05-04,1.0,0.0,75.13,75.13
500203,10619,2018,2024-05-30,1.0,0.0,132.04,132.04
500204,10791,2011,2025-02-01,1.0,0.0,132.17,132.17
500205,10865,2010,2025-01-16,1.0,0.0,91.83,91.83
500206,10747,2011,2024-01-02,3.0,0.1,132.17,356.86
500207,10018,2027,2025-11-04,1.0,0.15,58.32,49.57
500208,10754,2002,2024-09-01,1.0,0.0,16.22,16.22
500209,10117,2015,2025-02-02,3.0,0.0,27.47,82.41
500210,10798,2007,2024-09-08,1.0,0.05,92.1,87.49
500211,10794,2009,2025-07-30,1.0,0.15,33.82,28.75
500212,10144,2005,2024-10-26,1.0,0.0,75.13,75.13
500213,10717,2007,2024-10-24,1.0,0.1,92.1,82.89
500214,10551,2020,2025-05-15,1.0,0.0,145.5,145.5
500215,10929,2002,2024-04-25,1.0,0.15,16.22,13.79
500216,10666,2003,2024-01-02,2.0,0.05,102.51,194.77
500217,10688,2002,2025-07-07,3.0,0.0,16.22,48.66
500218,10961,2021,2025-11-16,1.0,0.0,144.34,144.34
500219,10753,2022,2025-08-23,2.0,0.1,48.42,87.16
500220,10422,2023,2025-04-27,1.0,0.1,61.98,55.78
500221,10898,2019,2025-09-02,2.0,0.0,47.93,95.86
500222,10369,2004,2025-08-23,3.0,0.1,83.99,226.77
500223,10646,2024,2025-05-25,1.0,0.0,135.89,135.89
500224,10558,2020,2024-12-01,2.0,0.0,145.5,291.0
500225,10050,2007,2025-04-10,1.0,0.05,92.1,87.49
500226,10678,2028,2024-05-21,2.0,0.0,86.01,172.02
500227,10106,2022,2025-08-06,2.0,0.0,48.42,96.84
500228,10216,2007,2024-05-17,3.0,0.15,92.1,234.85
500229,10658,2017,2025-09-03,2.0,0.0,68.24,136.48
500230,10923,2019,2025-10-25,2.0,0.05,47.93,91.07
500231,10425,2022,2025-11-18,2.0,0.1,48.42,87.16
500232,10072,2016,2024-06-16,1.0,0.15,76.81,65.29
500233,10988,2003,2024-12-09,3.0,0.0,102.51,307.53
500234,10842,2015,2025-02-14,1.0,0.15,27.47,23.35
500235,10785,2014,2024-03-06,1.0,0.0,65.22,65.22
500236,10759,2015,2025-08-04,1.0,0.05,27.47,26.1
500237,10446,2014,2024-03-08,1.0,0.0,65.22,65.22
500238,10925,2007,2025-03-09,1.0,0.1,92.1,82.89
500239,10186,2025,2024-02-20,2.0,0.15,145.48,247.32
500240,10070,2003,2024-11-10,1.0,0.1,102.51,92.26
500241,10974,2030,2024-11-05,1.0,0.15,51.91,44.12
500242,10150,2017,2025-08-26,2.0,0.0,68.24,136.48
500243,10246,2010,2024-04-25,2.0,0.05,91.83,174.48
500244,10774,2015,2025-07-23,1.0,0.0,27.47,27.47
500245,10538,2029,2024-12-08,3.0,0.0,107.84,323.52
500246,10935,2006,2025-06-14,1.0,0.1,145.53,130.98
500247,10652,2028,2025-10-04,1.0,0.0,86.01,86.01
500248,10099,2017,2025-05-10,2.0,0.05,68.24,129.66
500249,10910,2017,2024-09-26,1.0,0.1,68.24,61.42
500250,10278,2014,2024-03-21,1.0,0.05,65.22,61.96
500251,10563,2024,2025-04-01,1.0,0.15,135.89,115.51
500252,10663,2025,2024-10-26,1.0,0.0,145.48,145.48
500253,10944,2018,2024-07-21,1.0,0.05,132.04,125.44
500254,10455,2025,2025-05-18,2.0,0.1,145.48,261.86
500255,10104,2005,2025-11-02,1.0,0.0,75.13,75.13
500256,10946,2029,2025-12-17,2.0,0.1,107.84,194.11
500257,10601,2008,2025-10-11,2.0,0.1,131.55,236.79
500258,10653,2007,2025-04-30,1.0,0.0,92.1,92.1
500259,10725,2023,2025-08-08,1.0,0.0,61.98,61.98
500260,10233,2004,2025-07-14,2.0,0.05,83.99,159.58
500261,10394,2018,2024-01-19,2.0,0.05,132.04,250.88
500262,10501,2005,2025-04-23,2.0,0.0,75.13,150.26
500263,10695,2016,2025-05-03,1.0,0.15,76.81,65.29
500264,10251,2014,2025-03-22,1.0,0.05,65.22,61.96
500265,10521,2027,2024-12-06,1.0,0.0,58.32,58.32
500266,10079,2027,2025-06-15,1.0,0.05,58.32,55.4
500267,10052,2019,2025-09-04,1.0,0.05,47.93,45.53
500268,10898,2014,2024-04-26,1.0,0.1,65.22,58.7
500269,10921,2009,2024-03-15,2.0,0.0,33.82,67.64
500270,10781,2006,2024-09-26,2.0,0.15,145.53,247.4
500271,10226,2017,2025-09-29,2.0,0.05,68.24,129.66
500272,10051,2019,2024-04-26,1.0,0.15,47.93,40.74
500273,10186,2012,2025-11-17,2.0,0.0,93.71,187.42
500274,10034,2004,2025-11-24,3.0,0.0,83.99,251.97
500275,10803,2016,2025-10-31,2.0,0.0,76.81,153.62
500276,10742,2025,2024-06-13,1.0,0.0,145.48,145.48
500277,10131,2011,2025-08-06,2.0,0.1,132.17,237.91
500278,10632,2022,2024-08-10,1.0,0.0,48.42,48.42
500279,10443,2004,2024-05-06,1.0,0.1,83.99,75.59
500280,10838,2017,2025-10-19,1.0,0.0,68.24,68.24
500281,10759,2008,2024-06-25,1.0,0.0,131.55,131.55
500282,10432,2014,2025-10-26,1.0,0.1,65.22,58.7
500283,10704,2027,2025-11-25,3.0,0.05,58.32,166.21
500284,10497,2002,2025-01-10,1.0,0.0,16.22,16.22
500285,10403,2011,2025-05-13,2.0,0.0,132.17,264.34
500286,10323,2011,2024-03-26,3.0,0.1,132.17,356.86
500287,10210,2024,2025-01-18,1.0,0.15,135.89,115.51
500288,10615,2022,2025-09-25,1.0,0.15,48.42,41.16
500289,10329,2024,2025-10-03,3.0,0.05,135.89,387.29
500290,10372,2006,2025-04-08,3.0,0.0,145.53,436.59
500291,10460,2021,2025-03-27,3.0,0.0,144.34,433.02
500292,10133,2021,2025-06-02,1.0,0.1,144.34,129.91
500293,10835,2014,2025-11-26,1.0,0.15,65.22,55.44
500294,10651,2030,2025-07-04,1.0,0.15,51.91,44.12
500295,10121,2010,2024-04-26,2.0,0.1,91.83,165.29
500296,10606,2026,2025-09-06,3.0,0.15,74.85,190.87
500297,10452,2027,2024-01-09,1.0,0.0,58.32,58.32
500298,10965,2008,2024-08-06,1.0,0.15,131.55,111.82
500299,10129,2007,2025-12-20,2.0,0.1,92.1,165.78
500300,10091,2008,2025-08-13,1.0,0.0,131.55,131.55
500301,10604,2028,2025-02-08,2.0,0.15,86.01,146.22
500302,10575,2008,2025-07-21,1.0,0.1,131.55,118.4
500303,10029,2023,2024-10-31,2.0,0.0,61.98,123.96
500304,10722,2002,2025-04-12,2.0,0.15,16.22,27.57
500305,10524,2027,2024-03-29,2.0,0.15,58.32,99.14
500306,10333,2016,2024-01-11,2.0,0.1,76.81,138.26
500307,10297,2009,2024-11-04,2.0,0.05,33.82,64.26
500308,10130,2013,2025-03-10,2.0,0.05,111.92,212.65
500309,10293,2023,2024-06-13,1.0,0.0,61.98,61.98
500310,10173,2012,2024-08-27,1.0,0.05,93.71,89.02
500311,10720,2027,2024-11-13,1.0,0.0,58.32,58.32
500312,10944,2022,2025-10-18,1.0,0.0,48.42,48.42
500313,10024,2025,2024-12-01,1.0,0.05,145.48,138.21
500314,10099,2029,2024-01-19,2.0,0.0,107.84,215.68
500315,10406,2017,2024-03-12,1.0,0.1,68.24,61.42
500316,10356,2027,2024-06-24,1.0,0.05,58.32,55.4
500317,10139,2002,2024-12-05,1.0,0.0,16.22,16.22
500318,10503,2013,2024-09-05,1.0,0.0,111.92,111.92
500319,10826,2001,2024-07-12,1.0,0.1,50.2,45.18
500320,10174,2026,2025-02-23,2.0,0.05,74.85,142.21
500321,10029,2028,2024-11-21,1.0,0.0,86.01,86.01
500322,10931,2019,2024-11-02,2.0,0.05,47.93,91.07
500323,10496,2011,2024-07-23,1.0,0.0,132.17,132.17
500324,10655,2005,2024-05-03,2.0,0.05,75.13,142.75
500325,10828,2001,2025-07-24,2.0,0.0,50.2,100.4
500326,10351,2020,2025-03-23,3.0,0.0,145.5,436.5
500327,10554,2030,2025-12-14,1.0,0.0,51.91,51.91
500328,10299,2013,2025-05-06,3.0,0.1,111.92,302.18
500329,10720,2008,2025-03-09,3.0,0.05,131.55,374.92
500330,10842,2006,2025-09-16,2.0,0.0,145.53,291.06
500331,10945,2029,2024-05-08,2.0,0.0,107.84,215.68
500332,10192,2017,2025-07-02,1.0,0.1,68.24,61.42
500333,10672,2012,2024-02-17,1.0,0.1,93.71,84.34
500334,10064,2001,2025-05-20,1.0,0.0,50.2,50.2
500335,10755,2003,2024-04-25,1.0,0.1,102.51,92.26
500336,10770,2014,2025-02-20,2.0,0.1,65.22,117.4
500337,10664,2026,2024-08-11,2.0,0.05,74.85,142.21
500338,10215,2008,2025-09-28,2.0,0.0,131.55,263.1
500339,10834,2011,2025-05-18,2.0,0.15,132.17,224.69
500340,10166,2027,2025-11-03,3.0,0.0,58.32,174.96
500341,10543,2014,2024-04-06,1.0,0.0,65.22,65.22
500342,10883,2008,2024-04-17,2.0,0.0,131.55,263.1
500343,10232,2029,2025-09-24,1.0,0.0,107.84,107.84
500344,10794,2003,2025-09-05,1.0,0.0,102.51,102.51
500345,10541,2007,2025-09-07,2.0,0.0,92.1,184.2
500346,10195,2028,2025-11-09,1.0,0.0,86.01,86.01
500347,10506,2019,2025-11-29,1.0,0.0,47.93,47.93
500348,10334,2004,2024-02-02,1.0,0.0,83.99,83.99
500349,10768,2025,2025-05-08,2.0,0.1,145.48,261.86
500350,10793,2016,2024-03-07,1.0,0.15,76.81,65.29
500351,10304,2013,2024-06-28,2.0,0.0,111.92,223.84
500352,10833,2020,2025-03-19,2.0,0.0,145.5,291.0
500353,10437,2019,2025-07-03,2.0,0.0,47.93,95.86
500354,10323,2005,2024-07-20,2.0,0.0,75.13,150.26
500355,10502,2023,2024-02-19,2.0,0.0,61.98,123.96
500356,10858,2005,2025-11-11,1.0,0.0,75.13,75.13
500357,10914,2020,2024-09-20,1.0,0.05,145.5,138.22
500358,10393,2024,2024-05-13,1.0,0.1,135.89,122.3
500359,10806,2004,2024-12-10,2.0,0.05,83.99,159.58
500360,10599,2002,2024-06-25,1.0,0.0,16.22,16.22
500361,10149,2026,2025-01-26,2.0,0.0,74.85,149.7
500362,10761,2013,2024-01-12,1.0,0.1,111.92,100.73
500363,10833,2030,2024-07-20,2.0,0.0,51.91,103.82
500364,10405,2016,2024-01-04,1.0,0.15,76.81,65.29
500365,10283,2022,2024-08-02,3.0,0.1,48.42,130.73
500366,10362,2002,2024-11-03,2.0,0.0,16.22,32.44
500367,10379,2019,2025-06-28,2.0,0.05,47.93,91.07
500368,10198,2017,2025-07-14,1.0,0.0,68.24,68.24
500369,10556,2005,2024-11-23,3.0,0.05,75.13,214.12
500370,10356,2025,2024-07-18,2.0,0.1,145.48,261.86
500371,10540,2018,2025-08-24,2.0,0.15,132.04,224.47
500372,10429,2028,2024-04-19,1.0,0.0,86.01,86.01
500373,10017,2023,2024-10-18,2.0,0.0,61.98,123.96
500374,10639,2021,2024-04-18,2.0,0.0,144.34,288.68
500375,10379,2018,2025-02-12,1.0,0.0,132.04,132.04
500376,10680,2008,2025-07-06,1.0,0.15,131.55,111.82
500377,10506,2027,2024-02-22,1.0,0.1,58.32,52.49
500378,10756,2015,2024-04-22,1.0,0.05,27.47,26.1
500379,10899,2013,2024-10-22,2.0,0.0,111.92,223.84
500380,10076,2013,2025-08-03,1.0,0.0,111.92,111.92
500381,10231,2016,2024-07-08,3.0,0.0,76.81,230.43
500382,10716,2022,2025-12-22,1.0,0.0,48.42,48.42
500383,10962,2020,2024-03-06,1.0,0.0,145.5,145.5
500384,10248,2013,2025-07-28,1.0,0.0,111.92,111.92
500385,10302,2020,2025-04-10,1.0,0.1,145.5,130.95
500386,10726,2002,2024-09-15,3.0,0.0,16.22,48.66
500387,10215,2003,2025-10-08,2.0,0.15,102.51,174.27
500388,10158,2015,2025-09-26,3.0,0.15,27.47,70.05
500389,10069,2023,2024-11-27,2.0,0.0,61.98,123.96
500390,10393,2019,2025-05-16,3.0,0.15,47.93,122.22
500391,10085,2013,2025-11-14,1.0,0.1,111.92,100.73
500392,10267,2005,2024-07-29,2.0,0.0,75.13,150.26
500393,10069,2026,2024-03-30,2.0,0.15,74.85,127.24
500394,10611,2022,2025-11-10,2.0,0.15,48.42,82.31
500395,10347,2006,2024-01-29,1.0,0.05,145.53,138.25
500396,10962,2014,2024-08-26,3.0,0.1,65.22,176.09
500397,10728,2004,2024-12-02,1.0,0.15,83.99,71.39
500398,10927,2022,2024-03-04,1.0,0.0,48.42,48.42
500399,10673,2019,2025-07-07,1.0,0.05,47.93,45.53
500400,10423,2023,2025-05-15,3.0,0.0,61.98,185.94
500401,10606,2007,2025-06-25,1.0,0.1,92.1,82.89
500402,10174,2004,2025-04-14,1.0,0.15,83.99,71.39
500403,10677,2002,2025-08-15,2.0,0.0,16.22,32.44
500404,10115,2027,2024-02-21,1.0,0.1,58.32,52.49
500405,10220,2007,2024-04-22,1.0,0.05,92.1,87.49
500406,10956,2003,2024-10-28,1.0,0.15,102.51,87.13
500407,10031,2015,2024-03-31,1.0,0.0,27.47,27.47
500408,10523,2001,2024-08-17,3.0,0.1,50.2,135.54
500409,10343,2002,2024-05-30,1.0,0.0,16.22,16.22
500410,10377,2010,2024-05-18,2.0,0.0,91.83,183.66
500411,10130,2016,2024-05-15,1.0,0.0,76.81,76.81
500412,11000,2025,2025-04-02,1.0,0.05,145.48,138.21
500413,10617,2028,2025-08-24,3.0,0.05,86.01,245.13
500414,10539,2015,2025-05-09,1.0,0.0,27.47,27.47
500415,10739,2024,2025-06-11,1.0,0.0,135.89,135.89
500416,10002,2015,2024-11-29,1.0,0.05,27.47,26.1
500417,10871,2014,2024-12-28,1.0,0.15,65.22,55.44
500418,10101,2022,2024-06-23,2.0,0.0,48.42,96.84
500419,10533,2014,2025-08-25,1.0,0.0,65.22,65.22
500420,10058,2006,2024-08-01,3.0,0.05,145.53,414.76
500421,10389,2014,2024-12-09,1.0,0.15,65.22,55.44
500422,10692,2017,2024-03-02,1.0,0.0,68.24,68.24
500423,10941,2018,2024-03-02,1.0,0.0,132.04,132.04
500424,10341,2020,2025-11-09,3.0,0.0,145.5,436.5
500425,10861,2019,2025-06-08,3.0,0.05,47.93,136.6
500426,10020,2030,2024-08-04,2.0,0.0,51.91,103.82
500427,10255,2017,2025-08-12,1.0,0.05,68.24,64.83
500428,10317,2016,2025-09-16,1.0,0.1,76.81,69.13
500429,10038,2008,2025-08-01,1.0,0.15,131.55,111.82
500430,10660,2007,2025-11-25,1.0,0.15,92.1,78.28
500431,10537,2020,2025-02-27,1.0,0.15,145.5,123.68
500432,10386,2028,2025-12-17,3.0,0.1,86.01,232.23
500433,10633,2012,2025-02-27,3.0,0.1,93.71,253.02
500434,10928,2009,2025-01-06,1.0,0.0,33.82,33.82
500435,10026,2027,2024-07-25,2.0,0.15,58.32,99.14
500436,10454,2014,2024-10-13,1.0,0.05,65.22,61.96
500437,10681,2020,2024-04-15,1.0,0.1,145.5,130.95
500438,10323,2001,2025-11-19,1.0,0.05,50.2,47.69
500439,10737,2010,2025-12-24,1.0,0.0,91.83,91.83
500440,10513,2017,2025-06-27,1.0,0.15,68.24,58.0
500441,10819,2017,2024-08-30,2.0,0.1,68.24,122.83
500442,10773,2017,2025-05-06,3.0,0.1,68.24,184.25
500443,10013,2004,2025-10-27,1.0,0.0,83.99,83.99
500444,10915,2017,2025-12-09,3.0,0.05,68.24,194.48
500445,10908,2018,2025-05-13,3.0,0.0,132.04,396.12
500446,10560,2020,2025-03-11,3.0,0.0,145.5,436.5
500447,10921,2023,2025-04-29,2.0,0.05,61.98,117.76
500448,10825,2002,2025-03-23,1.0,0.0,16.22,16.22
500449,10371,2008,2025-01-19,2.0,0.05,131.55,249.95
500450,10291,2013,2025-05-25,3.0,0.0,111.92,335.76
500451,10332,2023,2024-06-19,1.0,0.0,61.98,61.98
500452,10606,2025,2024-11-19,3.0,0.0,145.48,436.44
500453,10261,2030,2025-04-19,3.0,0.15,51.91,132.37
500454,10994,2022,2024-08-20,1.0,0.0,48.42,48.42
500455,10790,2020,2025-11-27,1.0,0.0,145.5,145.5
500456,10871,2022,2024-12-25,1.0,0.1,48.42,43.58
500457,10205,2015,2024-10-02,3.0,0.1,27.47,74.17
500458,10697,2020,2024-02-02,1.0,0.0,145.5,145.5
500459,10687,2023,2024-06-26,1.0,0.05,61.98,58.88
500460,10950,2009,2024-03-06,1.0,0.0,33.82,33.82
500461,10387,2003,2025-12-11,2.0,0.15,102.51,174.27
500462,10892,2003,2024-01-28,2.0,0.1,102.51,184.52
500463,10821,2002,2025-10-25,2.0,0.05,16.22,30.82
500464,10468,2001,2025-04-24,2.0,0.15,50.2,85.34
500465,10415,2014,2024-09-25,1.0,0.0,65.22,65.22
500466,10069,2017,2025-08-20,1.0,0.05,68.24,64.83
500467,10472,2013,2024-03-07,1.0,0.15,111.92,95.13
500468,10104,2019,2024-05-13,1.0,0.0,47.93,47.93
500469,10758,2030,2025-01-01,2.0,0.15,51.91,88.25
500470,10161,2023,2024-03-23,2.0,0.15,61.98,105.37
500471,10200,2015,2024-11-24,1.0,0.0,27.47,27.47
500472,10216,2027,2024-04-08,1.0,0.05,58.32,55.4
500473,10946,2025,2025-08-08,1.0,0.0,145.48,145.48
500474,10212,2014,2024-11-23,2.0,0.0,65.22,130.44
500475,10508,2002,2025-06-26,2.0,0.0,16.22,32.44
500476,10016,2007,2024-05-05,2.0,0.15,92.1,156.57
500477,10498,2017,2024-07-29,1.0,0.05,68.24,64.83
500478,10884,2018,2025-12-26,1.0,0.0,132.04,132.04
500479,10332,2006,2024-05-13,2.0,0.1,145.53,261.95
500480,10717,2027,2025-05-18,1.0,0.0,58.32,58.32
500481,10877,2021,2024-06-06,3.0,0.0,144.34,433.02
500482,10551,2008,2025-07-13,2.0,0.0,131.55,263.1
500483,10601,2028,2025-01-17,2.0,0.0,86.01,172.02
500484,10942,2027,2024-01-23,1.0,0.1,58.32,52.49
500485,10256,2002,2025-08-18,2.0,0.0,16.22,32.44
500486,10992,2001,2025-02-23,2.0,0.0,50.2,100.4
500487,10766,2016,2025-04-17,1.0,0.0,76.81,76.81
500488,10728,2007,2024-08-22,3.0,0.1,92.1,248.67
500489,10880,2022,2025-07-26,1.0,0.05,48.42,46.0
500490,10815,2024,2025-03-30,1.0,0.0,135.89,135.89
500491,10172,2011,2025-12-01,3.0,0.0,132.17,396.51
500492,10649,2015,2025-07-24,3.0,0.05,27.47,78.29
500493,11000,2013,2024-06-11,1.0,0.15,111.92,95.13
500494,10498,2030,2024-10-28,2.0,0.0,51.91,103.82
500495,10471,2024,2024-11-02,1.0,0.1,135.89,122.3
500496,10384,2002,2024-01-03,2.0,0.05,16.22,30.82
500497,10690,2014,2024-09-28,1.0,0.0,65.22,65.22
500498,10589,2024,2025-02-25,3.0,0.0,135.89,407.67
500499,10700,2006,2024-05-23,2.0,0.15,145.53,247.4
500500,10507,2009,2025-12-01,2.0,0.05,33.82,64.26
500501,10992,2028,2025-11-23,2.0,0.1,86.01,154.82
500502,10527,2007,2025-06-19,1.0,0.15,92.1,78.28
500503,10804,2018,2024-02-07,1.0,0.15,132.04,112.23
500504,10831,2024,2024-04-17,3.0,0.15,135.89,346.52
500505,10325,2009,2024-10-24,3.0,0.0,33.82,101.46
500506,10214,2023,2024-04-07,1.0,0.0,61.98,61.98
500507,10208,2004,2024-10-08,2.0,0.0,83.99,167.98
500508,10169,2009,2024-04-20,2.0,0.1,33.82,60.88
500509,10330,2004,2025-07-03,3.0,0.0,83.99,251.97
500510,10280,2012,2025-07-06,1.0,0.0,93.71,93.71
500511,10978,2004,2025-08-20,3.0,0.0,83.99,251.97
500512,10305,2025,2024-07-07,2.0,0.0,145.48,290.96
500513,10146,2030,2025-05-03,2.0,0.15,51.91,88.25
500514,10775,2024,2024-12-20,1.0,0.0,135.89,135.89
500515,10516,2020,2024-01-20,2.0,0.0,145.5,291.0
500516,10090,2014,2025-01-28,2.0,0.05,65.22,123.92
500517,10453,2024,2024-09-18,1.0,0.0,135.89,135.89
500518,10060,2024,2025-02-14,1.0,0.1,135.89,122.3
500519,10311,2007,2025-02-07,2.0,0.1,92.1,165.78
500520,10528,2026,2025-11-01,2.0,0.0,74.85,149.7
500521,10227,2013,2025-04-29,2.0,0.15,111.92,190.26
500522,10474,2022,2024-10-31,2.0,0.1,48.42,87.16
500523,10978,2008,2025-09-16,3.0,0.0,131.55,394.65
500524,10541,2023,2025-10-18,3.0,0.0,61.98,185.94
500525,10663,2005,2024-01-19,1.0,0.1,75.13,67.62
500526,10757,2012,2024-07-03,1.0,0.05,93.71,89.02
500527,10782,2013,2025-02-09,1.0,0.1,111.92,100.73
500528,10079,2029,2024-05-11,1.0,0.0,107.84,107.84
500529,10433,2020,2025-04-24,1.0,0.15,145.5,123.68
500530,10801,2014,2024-01-09,1.0,0.0,65.22,65.22
500531,10153,2028,2025-12-06,2.0,0.0,86.01,172.02
500532,10789,2018,2024-11-14,1.0,0.15,132.04,112.23
500533,10401,2027,2025-01-26,3.0,0.15,58.32,148.72
500534,10279,2024,2025-06-03,1.0,0.0,135.89,135.89
500535,10057,2025,2024-05-16,1.0,0.15,145.48,123.66
500536,10977,2020,2025-06-15,2.0,0.05,145.5,276.45
500537,10186,2004,2025-10-13,1.0,0.1,83.99,75.59
500538,10398,2021,2025-01-02,1.0,0.0,144.34,144.34
500539,10605,2018,2025-05-04,3.0,0.0,132.04,396.12
500540,10788,2007,2025-11-20,2.0,0.0,92.1,184.2
500541,10158,2015,2024-01-12,1.0,0.05,27.47,26.1
500542,10787,2021,2025-07-07,1.0,0.05,144.34,137.12
500543,10693,2006,2025-03-22,3.0,0.05,145.53,414.76
500544,10359,2016,2024-04-24,1.0,0.05,76.81,72.97
500545,10440,2020,2025-11-23,2.0,0.0,145.5,291.0
500546,10589,2024,2025-12-07,1.0,0.05,135.89,129.1
500547,10466,2008,2024-07-15,3.0,0.0,131.55,394.65
500548,10663,2028,2024-11-19,1.0,0.0,86.01,86.01
500549,10446,2021,2025-05-27,1.0,0.15,144.34,122.69
500550,10750,2016,2025-09-20,1.0,0.1,76.81,69.13
500551,10801,2028,2025-10-24,2.0,0.0,86.01,172.02
500552,10743,2022,2025-09-22,1.0,0.0,48.42,48.42
500553,10488,2016,2024-06-14,3.0,0.0,76.81,230.43
500554,10530,2003,2024-09-09,3.0,0.15,102.51,261.4
500555,10073,2017,2024-02-14,3.0,0.0,68.24,204.72
500556,10929,2009,2025-04-15,2.0,0.0,33.82,67.64
500557,10928,2025,2025-05-04,2.0,0.0,145.48,290.96
500558,10701,2003,2024-06-30,2.0,0.1,102.51,184.52
500559,10950,2020,2024-03-18,1.0,0.1,145.5,130.95
500560,10017,2029,2025-01-09,1.0,0.15,107.84,91.66
500561,10531,2007,2025-09-20,1.0,0.15,92.1,78.28
500562,10731,2018,2024-03-08,2.0,0.05,132.04,250.88
500563,10326,2012,2025-06-09,1.0,0.0,93.71,93.71
500564,10995,2019,2024-04-02,1.0,0.1,47.93,43.14
500565,10632,2016,2025-10-13,2.0,0.0,76.81,153.62
500566,10613,2022,2024-09-01,3.0,0.0,48.42,145.26
500567,10546,2027,2024-12-07,2.0,0.05,58.32,110.81
500568,10596,2024,2024-10-31,2.0,0.0,135.89,271.78
500569,10921,2017,2025-02-02,2.0,0.0,68.24,136.48
500570,10708,2020,2025-12-04,2.0,0.15,145.5,247.35
500571,10842,2015,2025-03-24,1.0,0.0,27.47,27.47
500572,10202,2001,2024-04-07,1.0,0.0,50.2,50.2
500573,10344,2002,2024-11-27,2.0,0.0,16.22,32.44
500574,10853,2008,2024-07-24,1.0,0.0,131.55,131.55
500575,10523,2022,2025-03-25,2.0,0.0,48.42,96.84
500576,10859,2025,2025-02-22,1.0,0.1,145.48,130.93
500577,10400,2002,2025-10-11,1.0,0.0,16.22,16.22
500578,10218,2019,2024-03-18,1.0,0.0,47.93,47.93
500579,10445,2009,2025-07-03,2.0,0.1,33.82,60.88
500580,10765,2009,2025-03-01,1.0,0.0,33.82,33.82
500581,10222,2013,2025-03-05,3.0,0.05,111.92,318.97
500582,10383,2006,2025-04-30,1.0,0.0,145.53,145.53
500583,10881,2030,2024-05-15,1.0,0.0,51.91,51.91
500584,10592,2015,2025-10-16,1.0,0.0,27.47,27.47
500585,10007,2019,2024-09-11,3.0,0.05,47.93,136.6
500586,10272,2021,2025-07-14,2.0,0.0,144.34,288.68
500587,10739,2015,2024-09-12,2.0,0.05,27.47,52.19
500588,10016,2018,2025-10-08,2.0,0.05,132.04,250.88
500589,10424,2007,2025-12-21,2.0,0.1,92.1,165.78
500590,10524,2026,2025-05-14,2.0,0.05,74.85,142.21
500591,10803,2011,2025-09-05,1.0,0.1,132.17,118.95
500592,10753,2008,2025-04-29,1.0,0.15,131.55,111.82
500593,10021,2006,2024-02-16,3.0,0.1,145.53,392.93
500594,10690,2008,2025-03-19,1.0,0.05,131.55,124.97
500595,10939,2002,2025-08-05,2.0,0.0,16.22,32.44
500596,10228,2019,2025-10-10,1.0,0.05,47.93,45.53
500597,10785,2016,2025-08-02,2.0,0.05,76.81,145.94
500598,10288,2007,2024-01-05,3.0,0.0,92.1,276.3
500599,10809,2010,2024-01-02,1.0,0.0,91.83,91.83
500600,10134,2012,2024-10-17,1.0,0.0,93.71,93.71
500601,10984,2017,2024-04-19,1.0,0.15,68.24,58.0
500602,10283,2007,2025-07-29,1.0,0.0,92.1,92.1
500603,10404,2022,2025-04-05,1.0,0.05,48.42,46.0
500604,10665,2008,2024-09-23,1.0,0.0,131.55,131.55
500605,10066,2007,2024-05-18,2.0,0.0,92.1,184.2
500606,10649,2004,2025-03-10,1.0,0.0,83.99,83.99
500607,10604,2003,2024-02-14,1.0,0.0,102.51,102.51
500608,10437,2019,2025-05-25,2.0,0.0,47.93,95.86
500609,10829,2015,2024-09-19,1.0,0.1,27.47,24.72
500610,10934,2004,2025-12-29,3.0,0.05,83.99,239.37
500611,10259,2025,2025-09-25,1.0,0.0,145.48,145.48
500612,10980,2009,2024-06-01,2.0,0.15,33.82,57.49
500613,10966,2013,2024-08-01,2.0,0.05,111.92,212.65
500614,10103,2018,2024-08-22,1.0,0.1,132.04,118.84
500615,10993,2021,2025-09-15,2.0,0.0,144.34,288.68
500616,10567,2016,2024-12-27,1.0,0.05,76.81,72.97
500617,10769,2001,2024-11-16,3.0,0.0,50.2,150.6
500618,10101,2004,2024-08-10,2.0,0.0,83.99,167.98
500619,10198,2018,2024-07-29,1.0,0.05,132.04,125.44
500620,10813,2008,2025-01-31,1.0,0.0,131.55,131.55
500621,10226,2020,2025-08-06,3.0,0.0,145.5,436.5
500622,10943,2016,2025-05-04,1.0,0.05,76.81,72.97
500623,10463,2021,2025-08-24,3.0,0.0,144.34,433.02
500624,10237,2011,2025-04-09,3.0,0.0,132.17,396.51
500625,10026,2020,2025-12-01,1.0,0.0,145.5,145.5
500626,10121,2021,2025-09-16,2.0,0.05,144.34,274.25
500627,10910,2021,2025-03-28,2.0,0.15,144.34,245.38
500628,10506,2021,2025-02-17,1.0,0.1,144.34,129.91
500629,10182,2027,2025-04-21,2.0,0.05,58.32,110.81
500630,10711,2019,2024-09-13,2.0,0.05,47.93,91.07
500631,10814,2023,2024-05-30,1.0,0.0,61.98,61.98
500632,10767,2019,2024-05-07,1.0,0.1,47.93,43.14
500633,10634,2018,2025-01-27,2.0,0.0,132.04,264.08
500634,10543,2019,2025-04-25,1.0,0.15,47.93,40.74
500635,10984,2011,2025-02-01,1.0,0.0,132.17,132.17
500636,10315,2003,2025-02-06,1.0,0.05,102.51,97.38
500637,10991,2008,2024-10-01,2.0,0.0,131.55,263.1
500638,10797,2020,2024-05-19,1.0,0.15,145.5,123.68
500639,10618,2019,2024-04-13,3.0,0.15,47.93,122.22
500640,10736,2010,2024-08-30,2.0,0.0,91.83,183.66
500641,10273,2016,2024-04-27,1.0,0.05,76.81,72.97
500642,10910,2005,2024-08-02,3.0,0.15,75.13,191.58
500643,10232,2020,2025-04-29,1.0,0.0,145.5,145.5
500644,10420,2009,2025-06-13,1.0,0.0,33.82,33.82
500645,10768,2008,2025-11-22,1.0,0.0,131.55,131.55
500646,10442,2011,2024-08-12,1.0,0.0,132.17,132.17
500647,10496,2016,2024-09-27,1.0,0.0,76.81,76.81
500648,10024,2007,2024-05-14,3.0,0.15,92.1,234.85
500649,10109,2015,2024-04-24,1.0,0.0,27.47,27.47
500650,10703,2024,2025-03-17,1.0,0.15,135.89,115.51
500651,10502,2029,2025-10-06,3.0,0.15,107.84,274.99
500652,10859,2021,2025-10-13,2.0,0.05,144.34,274.25
500653,10025,2020,2024-12-31,2.0,0.1,145.5,261.9
500654,10187,2023,2024-08-20,2.0,0.15,61.98,105.37
500655,10288,2017,2025-04-03,2.0,0.0,68.24,136.48
500656,10628,2006,2025-01-10,2.0,0.15,145.53,247.4
500657,10338,2015,2025-08-27,1.0,0.0,27.47,27.47
500658,10878,2008,2025-09-03,1.0,0.15,131.55,111.82
500659,10914,2007,2024-07-26,1.0,0.0,92.1,92.1
500660,10037,2002,2025-06-04,1.0,0.0,16.22,16.22
500661,10794,2030,2025-04-13,1.0,0.0,51.91,51.91
500662,10137,2013,2025-03-19,2.0,0.0,111.92,223.84
500663,10508,2030,2024-11-17,1.0,0.0,51.91,51.91
500664,10227,2023,2024-04-03,2.0,0.0,61.98,123.96
500665,10320,2029,2025-02-12,2.0,0.1,107.84,194.11
500666,10840,2006,2024-06-07,2.0,0.0,145.53,291.06
500667,10916,2029,2024-04-09,1.0,0.0,107.84,107.84
500668,10182,2005,2024-08-13,2.0,0.15,75.13,127.72
500669,10874,2020,2025-03-17,3.0,0.0,145.5,436.5
500670,10086,2001,2025-12-21,2.0,0.1,50.2,90.36
500671,10467,2029,2025-08-08,1.0,0.05,107.84,102.45
500672,10926,2018,2025-02-05,1.0,0.05,132.04,125.44
500673,10053,2015,2025-07-25,3.0,0.0,27.47,82.41
500674,10860,2023,2024-03-05,1.0,0.1,61.98,55.78
500675,10867,2010,2025-07-14,1.0,0.0,91.83,91.83
500676,10235,2003,2024-10-06,1.0,0.1,102.51,92.26
500677,10959,2005,2025-12-11,1.0,0.0,75.13,75.13
500678,10779,2024,2025-11-01,1.0,0.1,135.89,122.3
500679,10799,2029,2025-06-03,3.0,0.0,107.84,323.52
500680,10433,2013,2024-09-05,1.0,0.0,111.92,111.92
500681,10496,2008,2025-01-03,1.0,0.0,131.55,131.55
500682,10999,2022,2025-09-10,1.0,0.1,48.42,43.58
500683,10100,2021,2024-04-08,3.0,0.05,144.34,411.37
500684,10990,2029,2024-09-25,2.0,0.0,107.84,215.68
500685,10599,2002,2024-03-01,1.0,0.0,16.22,16.22
500686,10403,2009,2025-05-15,1.0,0.15,33.82,28.75
500687,10396,2017,2024-11-04,1.0,0.0,68.24,68.24
500688,10527,2027,2025-05-08,1.0,0.1,58.32,52.49
500689,10415,2018,2025-02-15,1.0,0.0,132.04,132.04
500690,10939,2013,2024-05-20,2.0,0.05,111.92,212.65
500691,10613,2001,2024-11-24,1.0,0.0,50.2,50.2
500692,10677,2012,2025-04-09,1.0,0.1,93.71,84.34
500693,10463,2020,2025-12-03,1.0,0.0,145.5,145.5
500694,10541,2020,2025-09-29,2.0,0.0,145.5,291.0
500695,10626,2021,2024-06-12,2.0,0.0,144.34,288.68
500696,10619,2005,2024-03-01,1.0,0.15,75.13,63.86
500697,10922,2008,2024-02-01,1.0,0.1,131.55,118.4
500698,10364,2027,2024-11-29,1.0,0.0,58.32,58.32
500699,10130,2015,2024-03-17,2.0,0.05,27.47,52.19
500700,10084,2027,2024-11-13,1.0,0.0,58.32,58.32
500701,10271,2003,2025-02-21,1.0,0.1,102.51,92.26
500702,10244,2006,2024-07-09,3.0,0.0,145.53,436.59
500703,10388,2028,2025-05-04,1.0,0.0,86.01,86.01
500704,10214,2013,2024-11-11,2.0,0.0,111.92,223.84
500705,10818,2012,2024-10-23,1.0,0.15,93.71,79.65
500706,10166,2019,2025-05-16,2.0,0.0,47.93,95.86
500707,10791,2029,2024-06-26,2.0,0.15,107.84,183.33
500708,10059,2018,2025-12-20,2.0,0.0,132.04,264.08
500709,10602,2024,2024-08-03,1.0,0.05,135.89,129.1
500710,10883,2001,2025-10-15,1.0,0.0,50.2,50.2
500711,10843,2025,2025-08-20,3.0,0.0,145.48,436.44
500712,10924,2027,2025-11-25,3.0,0.0,58.32,174.96
500713,10504,2007,2024-11-28,2.0,0.05,92.1,174.99
500714,10706,2012,2024-05-08,2.0,0.1,93.71,168.68
500715,10123,2010,2024-09-26,2.0,0.0,91.83,183.66
500716,10648,2029,2025-07-05,1.0,0.15,107.84,91.66
500717,10413,2012,2025-06-19,3.0,0.0,93.71,281.13
500718,10139,2011,2025-01-01,3.0,0.15,132.17,337.03
500719,10229,2004,2025-09-11,1.0,0.15,83.99,71.39
500720,10274,2019,2024-12-14,1.0,0.0,47.93,47.93
500721,10439,2006,2024-05-22,2.0,0.05,145.53,276.51
500722,10562,2025,2024-05-25,2.0,0.15,145.48,247.32
500723,10910,2009,2024-09-02,2.0,0.0,33.82,67.64
500724,10118,2020,2025-03-18,1.0,0.0,145.5,145.5
500725,10714,2010,2025-12-04,1.0,0.15,91.83,78.06
500726,10995,2005,2024-10-17,3.0,0.05,75.13,214.12
500727,10905,2027,2025-11-22,1.0,0.0,58.32,58.32
500728,10483,2013,2024-04-22,1.0,0.0,111.92,111.92
500729,10395,2009,2024-08-02,1.0,0.0,33.82,33.82
500730,10703,2002,2025-10-12,1.0,0.0,16.22,16.22
500731,10876,2018,2024-07-19,2.0,0.05,132.04,250.88
500732,10460,2021,2025-02-09,3.0,0.0,144.34,433.02
500733,10835,2001,2025-02-25,2.0,0.1,50.2,90.36
500734,10693,2024,2024-01-08,2.0,0.0,135.89,271.78
500735,10935,2021,2025-06-09,2.0,0.05,144.34,274.25
500736,10078,2012,2025-08-15,1.0,0.0,93.71,93.71
500737,10952,2010,2024-10-13,1.0,0.1,91.83,82.65
500738,10412,2002,2025-11-02,1.0,0.0,16.22,16.22
500739,10075,2028,2025-01-24,3.0,0.0,86.01,258.03
500740,10295,2009,2025-02-20,1.0,0.15,33.82,28.75
500741,10793,2002,2025-12-14,2.0,0.15,16.22,27.57
500742,10021,2023,2024-05-30,2.0,0.05,61.98,117.76
500743,10906,2024,2025-03-04,2.0,0.0,135.89,271.78
500744,10171,2030,2024-10-20,1.0,0.1,51.91,46.72
500745,10015,2022,2024-11-30,3.0,0.05,48.42,138.0
500746,10211,2014,2024-09-29,2.0,0.0,65.22,130.44
500747,10560,2011,2024-02-13,1.0,0.05,132.17,125.56
500748,10086,2023,2025-04-13,1.0,0.15,61.98,52.68
500749,10149,2011,2024-11-15,2.0,0.1,132.17,237.91
500750,10700,2017,2025-05-07,2.0,0.0,68.24,136.48
500751,10372,2004,2025-06-11,3.0,0.1,83.99,226.77
500752,10480,2013,2024-06-21,2.0,0.0,111.92,223.84
500753,10818,2007,2025-12-31,2.0,0.0,92.1,184.2
500754,10151,2016,2025-10-11,1.0,0.15,76.81,65.29
500755,10141,2001,2024-11-17,2.0,0.15,50.2,85.34
500756,10069,2013,2024-02-14,1.0,0.15,111.92,95.13
500757,10260,2001,2025-06-16,2.0,0.1,50.2,90.36
500758,10988,2011,2025-09-23,2.0,0.0,132.17,264.34
500759,10846,2006,2025-03-30,3.0,0.0,145.53,436.59
500760,10968,2020,2024-03-24,1.0,0.0,145.5,145.5
500761,10521,2003,2025-06-27,2.0,0.0,102.51,205.02
500762,10633,2012,2024-11-18,2.0,0.05,93.71,178.05
500763,10371,2005,2024-08-22,2.0,0.1,75.13,135.23
500764,10419,2009,2025-06-24,3.0,0.1,33.82,91.31
500765,10101,2026,2024-09-09,1.0,0.15,74.85,63.62
500766,10661,2026,2025-03-25,1.0,0.1,74.85,67.36
500767,10954,2012,2024-08-27,3.0,0.1,93.71,253.02
500768,10658,2030,2025-05-05,1.0,0.05,51.91,49.31
500769,10865,2030,2025-04-09,1.0,0.1,51.91,46.72
500770,10968,2028,2024-11-10,3.0,0.0,86.01,258.03
500771,10243,2027,2024-06-24,1.0,0.0,58.32,58.32
500772,10753,2010,2025-12-07,1.0,0.05,91.83,87.24
500773,10512,2019,2024-06-29,2.0,0.05,47.93,91.07
500774,10849,2005,2025-01-20,3.0,0.15,75.13,191.58
500775,10555,2026,2024-10-22,1.0,0.1,74.85,67.36
500776,10095,2005,2024-08-03,1.0,0.0,75.13,75.13
500777,10226,2009,2025-12-16,1.0,0.0,33.82,33.82
500778,10518,2027,2024-03-16,2.0,0.0,58.32,116.64
500779,10214,2028,2024-12-10,3.0,0.0,86.01,258.03
500780,10718,2026,2025-12-15,2.0,0.0,74.85,149.7
500781,10067,2027,2024-05-22,2.0,0.0,58.32,116.64
500782,10396,2020,2025-12-19,1.0,0.0,145.5,145.5
500783,10612,2017,2024-07-18,3.0,0.0,68.24,204.72
500784,10012,2010,2024-06-20,1.0,0.05,91.83,87.24
500785,10237,2021,2025-02-10,2.0,0.05,144.34,274.25
500786,10834,2001,2024-08-16,2.0,0.0,50.2,100.4
500787,10770,2022,2025-02-15,1.0,0.0,48.42,48.42
500788,10399,2028,2025-11-22,1.0,0.1,86.01,77.41
500789,10407,2016,2024-03-03,2.0,0.15,76.81,130.58
500790,10925,2026,2024-11-23,1.0,0.0,74.85,74.85
500791,10849,2026,2025-12-17,3.0,0.1,74.85,202.1
500792,10480,2015,2024-05-13,2.0,0.1,27.47,49.45
500793,10647,2023,2025-08-07,2.0,0.0,61.98,123.96
500794,10222,2017,2025-08-13,1.0,0.0,68.24,68.24
500795,10156,2026,2024-07-08,1.0,0.15,74.85,63.62
500796,10654,2020,2024-12-22,1.0,0.1,145.5,130.95
500797,10428,2025,2024-03-12,1.0,0.05,145.48,138.21
500798,10158,2013,2024-09-20,1.0,0.05,111.92,106.32
500799,10977,2001,2024-11-02,2.0,0.0,50.2,100.4
500800,10416,2025,2025-07-12,1.0,0.15,145.48,123.66
500801,10326,2008,2024-08-12,2.0,0.15,131.55,223.64
500802,10371,2005,2024-11-24,1.0,0.1,75.13,67.62
500803,10344,2006,2025-08-11,1.0,0.0,145.53,145.53
500804,10262,2023,2024-03-15,1.0,0.15,61.98,52.68
500805,10283,2020,2025-05-26,2.0,0.15,145.5,247.35
500806,10850,2030,2024-05-22,3.0,0.05,51.91,147.94
500807,10856,2014,2025-08-08,2.0,0.0,65.22,130.44
500808,10229,2022,2024-04-12,2.0,0.1,48.42,87.16
500809,10888,2023,2025-08-29,2.0,0.1,61.98,111.56
500810,10280,2011,2025-08-04,2.0,0.05,132.17,251.12
500811,10870,2006,2024-03-06,2.0,0.0,145.53,291.06
500812,10290,2011,2024-07-12,1.0,0.0,132.17,132.17
500813,10680,2013,2024-03-03,1.0,0.15,111.92,95.13
500814,10047,2012,2025-06-16,2.0,0.0,93.71,187.42
500815,10975,2022,2024-08-29,1.0,0.05,48.42,46.0
500816,10715,2002,2025-12-16,2.0,0.0,16.22,32.44
500817,10214,2021,2025-02-14,3.0,0.15,144.34,368.07
500818,10758,2003,2024-10-27,1.0,0.05,102.51,97.38
500819,10024,2023,2024-07-14,2.0,0.1,61.98,111.56
500820,10321,2004,2025-03-30,3.0,0.05,83.99,239.37
500821,10274,2017,2025-07-28,1.0,0.0,68.24,68.24
500822,10556,2028,2025-09-11,2.0,0.0,86.01,172.02
500823,10844,2028,2025-09-29,3.0,0.05,86.01,245.13
500824,10313,2022,2024-10-28,1.0,0.0,48.42,48.42
500825,10363,2006,2025-04-01,2.0,0.15,145.53,247.4
500826,10668,2007,2024-07-21,2.0,0.05,92.1,174.99
500827,11000,2015,2025-11-05,3.0,0.0,27.47,82.41
500828,10380,2011,2024-10-29,1.0,0.0,132.17,132.17
500829,10711,2024,2025-09-16,2.0,0.1,135.89,244.6
500830,10919,2003,2024-12-03,1.0,0.1,102.51,92.26
500831,10981,2030,2024-02-02,2.0,0.05,51.91,98.63
500832,10674,2006,2024-04-08,1.0,0.1,145.53,130.98
500833,10907,2026,2024-07-10,2.0,0.1,74.85,134.73
500834,10470,2002,2025-06-25,2.0,0.0,16.22,32.44
500835,10746,2029,2024-02-18,1.0,0.05,107.84,102.45
500836,10675,2014,2024-09-07,1.0,0.0,65.22,65.22
500837,10116,2009,2024-08-14,2.0,0.05,33.82,64.26
500838,10605,2018,2024-09-29,2.0,0.1,132.04,237.67
500839,10042,2019,2025-10-27,2.0,0.05,47.93,91.07
500840,10796,2012,2025-04-30,1.0,0.15,93.71,79.65
500841,10379,2013,2024-11-24,1.0,0.05,111.92,106.32
500842,10722,2026,2024-06-29,3.0,0.0,74.85,224.55
500843,10206,2012,2025-10-27,3.0,0.05,93.71,267.07
500844,10466,2012,2024-01-24,1.0,0.0,93.71,93.71
500845,10732,2018,2025-08-29,1.0,0.0,132.04,132.04
500846,10280,2009,2025-01-05,1.0,0.0,33.82,33.82
500847,10648,2017,2024-09-02,3.0,0.0,68.24,204.72
500848,10618,2021,2024-06-09,1.0,0.05,144.34,137.12
500849,10118,2016,2025-01-08,2.0,0.0,76.81,153.62
500850,10237,2017,2024-10-12,3.0,0.1,68.24,184.25
500851,10309,2021,2025-06-05,1.0,0.15,144.34,122.69
500852,10456,2024,2025-03-26,3.0,0.05,135.89,387.29
500853,10900,2008,2025-11-28,2.0,0.0,131.55,263.1
500854,10475,2011,2025-10-09,1.0,0.15,132.17,112.34
500855,10100,2024,2025-09-14,2.0,0.0,135.89,271.78
500856,10261,2002,2025-08-04,2.0,0.15,16.22,27.57
500857,10993,2008,2024-05-16,1.0,0.05,131.55,124.97
500858,10305,2012,2024-04-06,2.0,0.15,93.71,159.31
500859,10354,2021,2024-04-29,1.0,0.15,144.34,122.69
500860,10286,2001,2025-01-09,3.0,0.1,50.2,135.54
500861,10328,2023,2024-10-01,3.0,0.0,61.98,185.94
500862,10103,2013,2024-06-26,1.0,0.15,111.92,95.13
500863,10063,2022,2024-10-04,2.0,0.0,48.42,96.84
500864,10687,2021,2024-05-18,1.0,0.0,144.34,144.34
500865,10282,2017,2024-05-12,1.0,0.1,68.24,61.42
500866,10441,2014,2024-02-14,1.0,0.15,65.22,55.44
500867,10293,2014,2024-05-03,2.0,0.15,65.22,110.87
500868,10738,2016,2024-05-16,1.0,0.1,76.81,69.13
500869,10007,2017,2025-01-02,1.0,0.05,68.24,64.83
500870,10639,2006,2025-01-08,1.0,0.0,145.53,145.53
500871,10936,2026,2024-05-06,2.0,0.0,74.85,149.7
500872,10092,2028,2025-03-15,2.0,0.0,86.01,172.02
500873,10935,2007,2025-07-30,1.0,0.0,92.1,92.1
500874,10190,2026,2024-02-21,1.0,0.05,74.85,71.11
500875,10871,2026,2024-05-17,2.0,0.0,74.85,149.7
500876,10476,2001,2024-06-07,1.0,0.05,50.2,47.69
500877,10511,2025,2024-02-26,1.0,0.1,145.48,130.93
500878,10462,2015,2025-08-16,3.0,0.0,27.47,82.41
500879,10053,2020,2025-03-04,1.0,0.1,145.5,130.95
500880,10754,2021,2025-03-19,1.0,0.0,144.34,144.34
500881,10486,2018,2024-11-22,2.0,0.0,132.04,264.08
500882,10644,2030,2025-10-02,3.0,0.15,51.91,132.37
500883,10490,2028,2025-09-30,1.0,0.05,86.01,81.71
500884,10978,2026,2024-03-21,1.0,0.05,74.85,71.11
500885,10364,2013,2025-04-19,1.0,0.0,111.92,111.92
500886,10112,2024,2025-01-12,1.0,0.1,135.89,122.3
500887,10409,2030,2024-11-29,3.0,0.0,51.91,155.73
500888,10007,2002,2024-06-24,1.0,0.1,16.22,14.6
500889,10742,2019,2025-10-19,1.0,0.0,47.93,47.93
500890,10668,2015,2025-03-17,1.0,0.1,27.47,24.72
500891,10197,2012,2024-05-06,3.0,0.0,93.71,281.13
500892,10835,2015,2025-11-25,1.0,0.0,27.47,27.47
500893,10876,2025,2024-08-07,2.0,0.1,145.48,261.86
500894,10735,2018,2024-10-05,2.0,0.15,132.04,224.47
500895,10367,2014,2025-04-30,3.0,0.0,65.22,195.66
500896,10250,2006,2025-08-18,1.0,0.0,145.53,145.53
500897,10916,2012,2024-05-21,3.0,0.0,93.71,281.13
500898,10595,2020,2025-08-30,2.0,0.0,145.5,291.0
500899,10240,2023,2025-12-07,3.0,0.05,61.98,176.64
500900,10380,2030,2024-04-20,1.0,0.1,51.91,46.72
500901,10907,2030,2024-02-22,1.0,0.0,51.91,51.91
500902,10872,2006,2025-09-07,2.0,0.0,145.53,291.06
500903,10835,2026,2025-09-05,1.0,0.0,74.85,74.85
500904,10471,2030,2025-10-16,2.0,0.0,51.91,103.82
500905,10775,2009,2025-12-14,3.0,0.1,33.82,91.31
500906,10919,2030,2024-11-15,3.0,0.0,51.91,155.73
500907,10701,2025,2024-07-18,2.0,0.0,145.48,290.96
500908,10455,2026,2025-12-30,2.0,0.0,74.85,149.7
500909,10366,2004,2024-02-16,3.0,0.1,83.99,226.77
500910,10290,2017,2025-05-20,1.0,0.15,68.24,58.0
500911,10874,2002,2025-06-24,2.0,0.0,16.22,32.44
500912,10403,2016,2025-05-29,1.0,0.05,76.81,72.97
500913,10058,2024,2024-01-18,1.0,0.0,135.89,135.89
500914,10521,2014,2024-11-11,1.0,0.0,65.22,65.22
500915,10304,2026,2025-03-12,2.0,0.0,74.85,149.7
500916,10115,2008,2025-01-23,2.0,0.0,131.55,263.1
500917,10210,2014,2024-03-18,1.0,0.15,65.22,55.44
500918,10041,2002,2025-01-06,1.0,0.0,16.22,16.22
500919,10816,2016,2024-06-14,3.0,0.1,76.81,207.39
500920,10173,2004,2025-09-01,1.0,0.0,83.99,83.99
500921,10234,2001,2025-09-09,3.0,0.15,50.2,128.01
500922,10793,2023,2024-01-25,3.0,0.1,61.98,167.35
500923,10884,2020,2025-12-13,2.0,0.0,145.5,291.0
500924,10590,2027,2024-02-05,3.0,0.0,58.32,174.96
500925,10620,2014,2025-05-29,1.0,0.1,65.22,58.7
500926,10793,2008,2025-04-06,3.0,0.0,131.55,394.65
500927,10403,2025,2024-05-18,1.0,0.15,145.48,123.66
500928,10039,2028,2025-07-28,1.0,0.0,86.01,86.01
500929,10119,2025,2025-12-10,2.0,0.0,145.48,290.96
500930,10335,2003,2025-07-25,1.0,0.05,102.51,97.38
500931,10336,2005,2024-09-22,2.0,0.1,75.13,135.23
500932,10539,2006,2024-11-29,1.0,0.15,145.53,123.7
500933,10616,2022,2024-07-07,1.0,0.0,48.42,48.42
500934,10074,2026,2024-03-04,2.0,0.0,74.85,149.7
500935,10191,2008,2024-10-06,2.0,0.1,131.55,236.79
500936,10324,2006,2025-06-26,3.0,0.0,145.53,436.59
500937,10147,2006,2024-06-20,1.0,0.15,145.53,123.7
500938,10767,2004,2025-05-18,1.0,0.15,83.99,71.39
500939,10284,2007,2025-06-17,3.0,0.0,92.1,276.3
500940,10213,2030,2024-10-26,1.0,0.0,51.91,51.91
500941,10635,2030,2024-07-20,2.0,0.0,51.91,103.82
500942,10718,2024,2024-05-15,2.0,0.1,135.89,244.6
500943,10929,2019,2024-09-29,1.0,0.05,47.93,45.53
500944,10752,2007,2025-06-19,2.0,0.0,92.1,184.2
500945,10394,2003,2025-03-18,2.0,0.0,102.51,205.02
500946,10339,2008,2024-03-28,1.0,0.0,131.55,131.55
500947,10798,2001,2024-02-01,1.0,0.1,50.2,45.18
500948,10022,2001,2024-05-01,1.0,0.15,50.2,42.67
500949,10771,2014,2024-03-10,3.0,0.15,65.22,166.31
500950,10869,2006,2025-10-08,2.0,0.15,145.53,247.4
500951,10105,2010,2025-05-11,1.0,0.15,91.83,78.06
500952,10466,2025,2024-05-26,1.0,0.05,145.48,138.21
500953,10459,2028,2024-11-29,1.0,0.0,86.01,86.01
500954,10432,2014,2025-04-26,2.0,0.05,65.22,123.92
500955,10770,2004,2024-09-20,1.0,0.0,83.99,83.99
500956,10716,2006,2024-10-20,1.0,0.0,145.53,145.53
500957,10822,2016,2025-03-05,3.0,0.1,76.81,207.39
500958,10774,2028,2024-03-27,2.0,0.0,86.01,172.02
500959,10619,2021,2024-01-17,3.0,0.0,144.34,433.02
500960,10763,2028,2025-12-29,2.0,0.1,86.01,154.82
500961,10936,2001,2025-09-20,3.0,0.1,50.2,135.54
500962,10221,2006,2024-04-28,2.0,0.1,145.53,261.95
500963,10379,2009,2024-09-27,2.0,0.0,33.82,67.64
500964,10222,2015,2025-01-30,2.0,0.0,27.47,54.94
500965,10258,2012,2024-06-11,1.0,0.0,93.71,93.71
500966,10713,2003,2025-12-01,2.0,0.1,102.51,184.52
500967,10367,2011,2024-04-14,2.0,0.1,132.17,237.91
500968,10770,2015,2025-10-15,2.0,0.0,27.47,54.94
500969,10349,2003,2024-06-16,2.0,0.05,102.51,194.77
500970,10225,2014,2024-10-27,1.0,0.0,65.22,65.22
500971,10714,2002,2024-01-29,1.0,0.0,16.22,16.22
500972,10738,2029,2025-02-28,1.0,0.1,107.84,97.06
500973,10236,2004,2025-07-16,3.0,0.0,83.99,251.97
500974,10183,2026,2024-06-05,1.0,0.05,74.85,71.11
500975,10712,2019,2024-11-20,2.0,0.0,47.93,95.86
500976,10869,2012,2024-12-14,2.0,0.05,93.71,178.05
500977,10758,2002,2024-05-01,3.0,0.0,16.22,48.66
500978,10444,2017,2025-10-14,1.0,0.0,68.24,68.24
500979,10865,2003,2025-06-12,1.0,0.0,102.51,102.51
500980,10623,2010,2025-07-15,1.0,0.15,91.83,78.06
500981,10006,2016,2024-06-13,3.0,0.0,76.81,230.43
500982,10236,2022,2024-03-03,1.0,0.05,48.42,46.0
500983,10127,2009,2024-12-06,2.0,0.1,33.82,60.88
500984,10104,2011,2025-10-28,3.0,0.1,132.17,356.86
500985,10749,2021,2024-11-08,2.0,0.0,144.34,288.68
500986,10915,2015,2025-01-11,2.0,0.0,27.47,54.94
500987,10480,2003,2024-12-12,2.0,0.0,102.51,205.02
500988,10155,2016,2024-05-30,3.0,0.0,76.81,230.43
500989,10257,2030,2025-08-08,1.0,0.0,51.91,51.91
500990,10235,2021,2025-08-04,1.0,0.05,144.34,137.12
500991,10500,2021,2024-06-26,3.0,0.0,144.34,433.02
500992,10289,2021,2024-12-20,3.0,0.05,144.34,411.37
500993,10510,2028,2025-05-29,3.0,0.0,86.01,258.03
500994,10552,2012,2024-11-05,2.0,0.1,93.71,168.68
500995,10800,2023,2024-04-29,1.0,0.1,61.98,55.78
500996,10709,2005,2025-06-03,2.0,0.0,75.13,150.26
500997,10785,2007,2025-04-23,3.0,0.05,92.1,262.48
500998,10894,2009,2025-02-18,1.0,0.05,33.82,32.13
500999,10776,2021,2025-08-10,2.0,0.0,144.34,288.68
501000,10569,2018,2024-12-17,2.0,0.05,132.04,250.88
501001,10298,2021,2025-05-21,1.0,0.15,144.34,122.69
501002,10610,2008,2024-07-14,2.0,0.15,131.55,223.64
501003,10137,2012,2024-07-06,1.0,0.0,93.71,93.71
501004,10376,2020,2025-03-26,3.0,0.15,145.5,371.02
501005,10087,2002,2025-05-11,1.0,0.15,16.22,13.79
501006,10419,2010,2025-05-30,1.0,0.0,91.83,91.83
501007,10754,2019,2025-11-27,2.0,0.15,47.93,81.48
501008,10199,2009,2024-09-30,3.0,0.15,33.82,86.24
501009,10463,2025,2024-02-22,1.0,0.0,145.48,145.48
501010,10437,2024,2024-09-20,2.0,0.0,135.89,271.78
501011,10310,2008,2025-01-03,1.0,0.0,131.55,131.55
501012,10596,2024,2024-05-13,2.0,0.0,135.89,271.78
501013,10754,2024,2024-08-13,2.0,0.15,135.89,231.01
501014,10281,2024,2024-11-06,2.0,0.1,135.89,244.6
501015,10323,2001,2025-07-27,1.0,0.15,50.2,42.67
501016,10764,2006,2024-01-17,3.0,0.0,145.53,436.59
501017,10702,2012,2024-07-14,1.0,0.0,93.71,93.71
501018,10951,2025,2025-03-19,1.0,0.0,145.48,145.48
501019,10942,2024,2024-10-30,1.0,0.0,135.89,135.89
501020,10152,2019,2024-02-18,2.0,0.0,47.93,95.86
501021,10994,2027,2024-05-01,1.0,0.05,58.32,55.4
501022,10302,2017,2025-05-14,2.0,0.15,68.24,116.01
501023,10278,2002,2025-07-16,2.0,0.1,16.22,29.2
501024,10651,2011,2025-04-14,2.0,0.1,132.17,237.91
501025,10688,2018,2024-02-11,1.0,0.15,132.04,112.23
501026,10008,2023,2025-04-01,1.0,0.15,61.98,52.68
501027,10807,2028,2025-06-18,2.0,0.0,86.01,172.02
501028,10235,2022,2025-01-06,2.0,0.0,48.42,96.84
501029,10675,2011,2024-07-01,1.0,0.0,132.17,132.17
501030,10561,2018,2025-06-01,1.0,0.0,132.04,132.04
501031,10302,2008,2025-10-19,1.0,0.0,131.55,131.55
501032,10038,2015,2025-08-13,1.0,0.0,27.47,27.47
501033,10136,2009,2024-08-19,2.0,0.1,33.82,60.88
501034,10822,2015,2024-12-14,1.0,0.0,27.47,27.47
501035,10421,2007,2025-04-24,1.0,0.05,92.1,87.49
501036,10219,2020,2024-07-28,3.0,0.05,145.5,414.67
501037,10348,2013,2025-11-06,3.0,0.0,111.92,335.76
501038,10808,2013,2025-11-11,2.0,0.0,111.92,223.84
501039,10546,2001,2024-10-05,1.0,0.0,50.2,50.2
501040,10864,2020,2025-11-19,1.0,0.0,145.5,145.5
501041,10079,2004,2024-02-23,1.0,0.0,83.99,83.99
501042,10748,2024,2024-01-11,1.0,0.15,135.89,115.51
501043,10895,2004,2025-10-20,2.0,0.0,83.99,167.98
501044,10273,2004,2025-04-09,1.0,0.15,83.99,71.39
501045,10161,2013,2025-08-06,1.0,0.1,111.92,100.73
501046,10687,2002,2024-06-07,1.0,0.05,16.22,15.41
501047,10878,2028,2024-01-20,1.0,0.0,86.01,86.01
501048,10308,2026,2024-02-25,1.0,0.0,74.85,74.85
501049,10374,2023,2025-12-28,2.0,0.05,61.98,117.76
501050,10976,2015,2025-12-22,1.0,0.15,27.47,23.35
501051,10733,2004,2024-01-22,1.0,0.0,83.99,83.99
501052,10009,2027,2024-10-09,2.0,0.0,58.32,116.64
501053,10801,2006,2025-06-24,2.0,0.0,145.53,291.06
501054,10444,2003,2025-02-21,3.0,0.0,102.51,307.53
501055,10113,2007,2025-12-24,1.0,0.1,92.1,82.89
501056,10989,2006,2024-10-12,3.0,0.0,145.53,436.59
501057,10205,2003,2025-06-16,1.0,0.1,102.51,92.26
501058,10405,2004,2025-06-16,1.0,0.15,83.99,71.39
501059,10698,2010,2025-05-26,1.0,0.0,91.83,91.83
501060,10853,2030,2025-01-31,2.0,0.1,51.91,93.44
501061,10197,2021,2024-04-30,2.0,0.15,144.34,245.38
501062,10778,2009,2024-04-07,2.0,0.05,33.82,64.26
501063,10774,2030,2024-04-30,2.0,0.0,51.91,103.82
501064,10760,2006,2025-06-21,2.0,0.0,145.53,291.06
501065,10115,2029,2024-06-02,1.0,0.0,107.84,107.84
501066,10121,2020,2024-09-02,2.0,0.1,145.5,261.9
501067,10653,2027,2025-05-31,1.0,0.0,58.32,58.32
501068,10065,2011,2025-01-28,1.0,0.1,132.17,118.95
501069,10276,2007,2024-05-23,3.0,0.15,92.1,234.85
501070,10825,2018,2025-05-19,2.0,0.15,132.04,224.47
501071,10239,2004,2024-08-08,1.0,0.1,83.99,75.59
501072,10302,2005,2024-06-09,2.0,0.1,75.13,135.23
501073,10392,2004,2024-03-17,1.0,0.05,83.99,79.79
501074,10522,2004,2025-09-03,3.0,0.15,83.99,214.17
501075,10969,2027,2025-11-23,3.0,0.05,58.32,166.21
501076,10369,2013,2025-10-01,1.0,0.1,111.92,100.73
501077,10233,2016,2024-02-02,2.0,0.0,76.81,153.62
501078,10195,2025,2024-11-30,3.0,0.0,145.48,436.44
501079,10907,2014,2025-06-09,2.0,0.15,65.22,110.87
501080,10012,2011,2025-03-16,1.0,0.0,132.17,132.17
501081,10906,2029,2024-12-18,2.0,0.05,107.84,204.9
501082,10921,2002,2024-12-05,3.0,0.15,16.22,41.36
501083,10689,2022,2025-02-04,1.0,0.0,48.42,48.42
501084,10177,2014,2025-01-31,1.0,0.05,65.22,61.96
501085,10217,2024,2024-07-21,1.0,0.15,135.89,115.51
501086,10011,2024,2025-06-14,1.0,0.05,135.89,129.1
501087,10446,2027,2024-04-03,1.0,0.05,58.32,55.4
501088,10630,2007,2024-12-24,1.0,0.1,92.1,82.89
501089,10164,2026,2025-01-31,2.0,0.1,74.85,134.73
501090,10551,2011,2024-03-01,1.0,0.05,132.17,125.56
501091,10053,2004,2025-04-22,2.0,0.05,83.99,159.58
501092,10218,2007,2025-12-27,2.0,0.0,92.1,184.2
501093,10718,2029,2025-09-04,2.0,0.0,107.84,215.68
501094,10999,2016,2024-01-02,3.0,0.0,76.81,230.43
501095,10824,2026,2025-07-09,2.0,0.0,74.85,149.7
501096,10360,2006,2024-11-07,2.0,0.0,145.53,291.06
501097,10385,2027,2024-06-17,2.0,0.0,58.32,116.64
501098,10056,2006,2024-07-11,2.0,0.1,145.53,261.95
501099,10118,2002,2024-02-04,3.0,0.1,16.22,43.79
501100,10900,2024,2024-02-04,2.0,0.0,135.89,271.78
501101,10253,2008,2025-11-19,2.0,0.1,131.55,236.79
501102,10798,2030,2025-02-21,2.0,0.0,51.91,103.82
501103,10780,2027,2025-12-09,3.0,0.15,58.32,148.72
501104,10803,2007,2024-06-07,2.0,0.05,92.1,174.99
501105,10845,2027,2025-05-15,1.0,0.0,58.32,58.32
501106,10180,2025,2025-01-01,2.0,0.0,145.48,290.96
501107,10415,2024,2024-12-06,3.0,0.05,135.89,387.29
501108,10870,2014,2024-12-01,1.0,0.1,65.22,58.7
501109,10235,2009,2025-08-06,1.0,0.05,33.82,32.13
501110,10855,2015,2024-11-23,3.0,0.15,27.47,70.05
501111,10708,2025,2024-04-24,2.0,0.0,145.48,290.96
501112,10820,2022,2025-02-22,2.0,0.1,48.42,87.16
501113,10080,2018,2025-04-13,2.0,0.0,132.04,264.08
501114,10647,2012,2024-05-23,1.0,0.0,93.71,93.71
501115,10022,2023,2025-09-01,1.0,0.15,61.98,52.68
501116,10477,2019,2024-11-05,3.0,0.15,47.93,122.22
501117,10843,2013,2025-02-05,2.0,0.0,111.92,223.84
501118,10440,2007,2024-11-16,2.0,0.0,92.1,184.2
501119,10737,2025,2024-07-31,1.0,0.0,145.48,145.48
501120,10570,2010,2024-11-13,1.0,0.15,91.83,78.06
501121,10093,2030,2024-07-04,2.0,0.0,51.91,103.82
501122,10192,2010,2024-07-24,1.0,0.05,91.83,87.24
501123,10103,2002,2024-12-30,1.0,0.0,16.22,16.22
501124,10396,2014,2024-08-04,1.0,0.0,65.22,65.22
501125,10007,2013,2024-09-03,1.0,0.0,111.92,111.92
501126,10640,2022,2024-08-27,1.0,0.0,48.42,48.42
501127,10567,2029,2025-01-26,1.0,0.05,107.84,102.45
501128,10231,2006,2025-06-04,1.0,0.0,145.53,145.53
501129,10874,2009,2025-08-13,2.0,0.0,33.82,67.64
501130,10574,2013,2024-10-04,3.0,0.0,111.92,335.76
501131,10240,2009,2024-07-21,2.0,0.15,33.82,57.49
501132,10090,2013,2024-08-02,1.0,0.0,111.92,111.92
501133,10232,2005,2025-08-29,3.0,0.05,75.13,214.12
501134,10457,2014,2025-04-23,2.0,0.0,65.22,130.44
501135,10233,2005,2025-05-23,1.0,0.0,75.13,75.13
501136,10354,2009,2024-03-16,3.0,0.15,33.82,86.24
501137,10333,2008,2025-10-31,2.0,0.0,131.55,263.1
501138,10439,2007,2025-10-27,2.0,0.0,92.1,184.2
501139,10375,2008,2024-05-22,1.0,0.0,131.55,131.55
501140,10292,2022,2025-08-13,3.0,0.0,48.42,145.26
501141,10345,2003,2024-11-18,3.0,0.0,102.51,307.53
501142,10664,2023,2025-11-25,1.0,0.05,61.98,58.88
501143,10428,2024,2025-04-06,1.0,0.0,135.89,135.89
501144,10657,2015,2025-12-08,2.0,0.0,27.47,54.94
501145,10130,2008,2025-11-01,1.0,0.1,131.55,118.4
501146,10141,2001,2024-05-26,1.0,0.1,50.2,45.18
501147,10415,2007,2024-02-24,1.0,0.05,92.1,87.49
501148,10093,2019,2024-12-22,1.0,0.15,47.93,40.74
501149,10626,2002,2024-10-04,2.0,0.15,16.22,27.57
501150,10284,2014,2025-08-18,1.0,0.05,65.22,61.96
501151,10956,2018,2025-02-04,3.0,0.0,132.04,396.12
501152,10923,2030,2025-10-30,1.0,0.0,51.91,51.91
501153,10655,2015,2025-05-31,3.0,0.1,27.47,74.17
501154,10223,2014,2025-05-14,1.0,0.1,65.22,58.7
501155,10744,2024,2024-11-07,1.0,0.0,135.89,135.89
501156,10463,2025,2024-09-28,3.0,0.1,145.48,392.8
501157,10545,2019,2025-07-30,2.0,0.1,47.93,86.27
501158,10276,2030,2025-03-25,1.0,0.05,51.91,49.31
501159,10682,2019,2024-04-22,3.0,0.0,47.93,143.79
501160,10140,2022,2024-08-27,2.0,0.15,48.42,82.31
501161,10357,2027,2024-05-24,1.0,0.0,58.32,58.32
501162,10713,2026,2025-01-09,2.0,0.0,74.85,149.7
501163,10023,2017,2024-01-21,1.0,0.0,68.24,68.24
501164,10968,2022,2025-07-30,2.0,0.0,48.42,96.84
501165,10736,2028,2024-10-16,3.0,0.0,86.01,258.03
501166,10880,2019,2025-08-16,2.0,0.0,47.93,95.86
501167,10270,2027,2024-07-16,1.0,0.05,58.32,55.4
501168,10859,2016,2025-01-17,2.0,0.05,76.81,145.94
501169,10665,2020,2025-08-04,3.0,0.05,145.5,414.67
501170,10333,2025,2025-11-29,1.0,0.05,145.48,138.21
501171,10085,2019,2025-11-10,1.0,0.0,47.93,47.93
501172,10621,2001,2025-12-18,2.0,0.0,50.2,100.4
501173,10031,2019,2025-05-07,1.0,0.1,47.93,43.14
501174,10741,2007,2024-06-13,3.0,0.1,92.1,248.67
501175,10240,2029,2025-08-29,2.0,0.1,107.84,194.11
501176,10890,2023,2024-09-06,1.0,0.1,61.98,55.78
501177,10363,2011,2024-03-09,2.0,0.0,132.17,264.34
501178,10822,2005,2024-01-22,1.0,0.0,75.13,75.13
501179,10389,2030,2025-05-27,3.0,0.0,51.91,155.73
501180,10653,2017,2025-08-20,1.0,0.0,68.24,68.24
501181,10668,2011,2025-01-25,1.0,0.0,132.17,132.17
501182,10299,2024,2025-06-20,1.0,0.0,135.89,135.89
501183,10857,2026,2024-04-21,1.0,0.0,74.85,74.85
501184,10371,2008,2025-08-18,1.0,0.1,131.55,118.4
501185,10099,2010,2025-04-05,1.0,0.0,91.83,91.83
501186,10047,2012,2024-03-19,1.0,0.15,93.71,79.65
501187,10999,2010,2025-03-10,1.0,0.05,91.83,87.24
501188,10839,2013,2025-01-15,3.0,0.0,111.92,335.76
501189,10422,2026,2025-10-14,3.0,0.15,74.85,190.87
501190,10480,2018,2025-03-16,1.0,0.05,132.04,125.44
501191,10579,2010,2024-12-05,1.0,0.15,91.83,78.06
501192,10062,2019,2025-02-28,1.0,0.05,47.93,45.53
501193,10109,2020,2024-06-18,2.0,0.0,145.5,291.0
501194,10679,2017,2025-12-10,1.0,0.0,68.24,68.24
501195,10549,2020,2024-09-19,1.0,0.15,145.5,123.68
501196,10119,2016,2025-12-28,2.0,0.0,76.81,153.62
501197,10598,2005,2025-08-02,2.0,0.1,75.13,135.23
501198,10382,2003,2024-08-17,2.0,0.0,102.51,205.02
501199,10392,2030,2024-06-10,1.0,0.0,51.91,51.91
501200,10977,2027,2025-03-03,2.0,0.0,58.32,116.64
501201,10052,2015,2024-05-02,2.0,0.0,27.47,54.94
501202,10603,2026,2024-05-29,1.0,0.15,74.85,63.62
501203,10289,2002,2025-12-06,3.0,0.15,16.22,41.36
501204,10337,2013,2024-04-21,1.0,0.05,111.92,106.32
501205,10810,2022,2025-10-19,1.0,0.0,48.42,48.42
501206,10204,2008,2024-08-09,3.0,0.1,131.55,355.19
501207,10880,2023,2024-03-05,1.0,0.15,61.98,52.68
501208,10238,2027,2025-09-30,2.0,0.0,58.32,116.64
501209,10382,2030,2025-12-31,1.0,0.15,51.91,44.12
501210,10667,2017,2024-12-20,1.0,0.0,68.24,68.24
501211,10752,2004,2025-04-19,1.0,0.15,83.99,71.39
501212,10136,2019,2025-04-30,2.0,0.05,47.93,91.07
501213,10407,2022,2024-01-14,2.0,0.05,48.42,92.0
501214,10508,2025,2024-06-02,1.0,0.05,145.48,138.21
501215,10362,2009,2024-08-27,2.0,0.1,33.82,60.88
501216,10381,2023,2024-07-09,1.0,0.15,61.98,52.68
501217,10881,2015,2025-10-25,2.0,0.0,27.47,54.94
501218,10576,2028,2024-03-27,1.0,0.15,86.01,73.11
501219,10635,2009,2024-01-22,2.0,0.0,33.82,67.64
501220,10254,2024,2025-11-25,2.0,0.05,135.89,258.19
501221,10477,2021,2024-11-15,1.0,0.0,144.34,144.34
501222,10114,2009,2024-06-07,1.0,0.0,33.82,33.82
501223,10020,2014,2025-04-26,2.0,0.0,65.22,130.44
501224,10528,2023,2024-03-17,3.0,0.05,61.98,176.64
501225,10145,2021,2024-11-25,1.0,0.0,144.34,144.34
501226,10208,2016,2025-02-20,2.0,0.05,76.81,145.94
501227,10531,2024,2024-07-22,2.0,0.05,135.89,258.19
501228,10376,2023,2024-08-17,2.0,0.0,61.98,123.96
501229,10504,2025,2024-06-01,1.0,0.0,145.48,145.48
501230,10904,2026,2024-03-13,2.0,0.0,74.85,149.7
501231,10166,2017,2024-08-13,1.0,0.15,68.24,58.0
501232,10550,2013,2025-04-18,3.0,0.0,111.92,335.76
501233,10181,2009,2025-10-05,3.0,0.0,33.82,101.46
501234,10861,2015,2024-12-26,1.0,0.1,27.47,24.72
501235,10617,2007,2025-06-24,2.0,0.05,92.1,174.99
501236,10612,2001,2025-09-01,2.0,0.1,50.2,90.36
501237,10602,2001,2024-02-16,3.0,0.1,50.2,135.54
501238,10927,2005,2024-01-02,2.0,0.15,75.13,127.72
501239,10812,2024,2025-11-09,1.0,0.15,135.89,115.51
501240,10444,2009,2024-09-02,1.0,0.15,33.82,28.75
501241,10332,2012,2024-08-07,1.0,0.1,93.71,84.34
501242,10503,2006,2025-09-06,3.0,0.0,145.53,436.59
501243,10913,2028,2024-10-18,1.0,0.0,86.01,86.01
501244,10079,2013,2025-04-03,1.0,0.1,111.92,100.73
501245,10585,2026,2024-07-23,1.0,0.05,74.85,71.11
501246,10935,2028,2024-07-21,1.0,0.1,86.01,77.41
501247,10938,2008,2025-07-20,1.0,0.1,131.55,118.4
501248,10688,2015,2025-04-27,2.0,0.15,27.47,46.7
501249,10396,2006,2025-05-26,1.0,0.15,145.53,123.7
501250,10608,2027,2024-10-05,1.0,0.15,58.32,49.57
501251,10857,2006,2024-01-17,2.0,0.0,145.53,291.06
501252,10103,2004,2025-06-09,1.0,0.1,83.99,75.59
501253,10402,2011,2024-12-22,1.0,0.05,132.17,125.56
501254,10975,2021,2024-12-22,1.0,0.05,144.34,137.12
501255,10224,2030,2025-08-22,2.0,0.15,51.91,88.25
501256,10518,2018,2024-03-19,1.0,0.15,132.04,112.23
501257,10634,2003,2024-03-08,1.0,0.1,102.51,92.26
501258,10236,2003,2025-12-24,1.0,0.05,102.51,97.38
501259,10427,2030,2024-08-02,2.0,0.1,51.91,93.44
501260,10116,2012,2025-11-28,2.0,0.0,93.71,187.42
501261,10163,2027,2025-03-25,1.0,0.1,58.32,52.49
501262,10226,2021,2025-03-09,1.0,0.15,144.34,122.69
501263,10230,2030,2025-06-29,2.0,0.0,51.91,103.82
501264,10182,2021,2024-04-25,3.0,0.0,144.34,433.02
501265,10249,2006,2025-02-24,2.0,0.05,145.53,276.51
501266,10318,2021,2025-05-14,3.0,0.05,144.34,411.37
501267,10965,2028,2025-12-11,1.0,0.15,86.01,73.11
501268,10210,2006,2025-01-15,1.0,0.15,145.53,123.7
501269,10656,2008,2024-05-23,2.0,0.0,131.55,263.1
501270,10392,2015,2025-09-24,1.0,0.15,27.47,23.35
501271,10857,2018,2024-01-25,1.0,0.0,132.04,132.04
501272,10096,2020,2025-06-23,1.0,0.0,145.5,145.5
501273,10894,2029,2024-03-16,1.0,0.15,107.84,91.66
501274,10858,2016,2025-06-19,1.0,0.0,76.81,76.81
501275,10756,2006,2025-11-04,2.0,0.0,145.53,291.06
501276,10086,2028,2024-02-11,1.0,0.0,86.01,86.01
501277,10415,2021,2025-07-22,3.0,0.0,144.34,433.02
501278,10394,2017,2025-02-17,3.0,0.1,68.24,184.25
501279,10696,2009,2025-02-19,3.0,0.0,33.82,101.46
501280,10633,2019,2025-03-25,2.0,0.1,47.93,86.27
501281,10844,2018,2025-09-02,2.0,0.0,132.04,264.08
501282,10501,2025,2025-10-20,3.0,0.05,145.48,414.62
501283,10604,2023,2025-03-12,1.0,0.05,61.98,58.88
501284,10582,2005,2025-07-06,3.0,0.15,75.13,191.58
501285,10916,2028,2025-12-06,1.0,0.05,86.01,81.71
501286,10133,2006,2024-08-27,1.0,0.1,145.53,130.98
501287,10791,2012,2024-02-12,1.0,0.0,93.71,93.71
501288,10649,2011,2025-12-09,1.0,0.1,132.17,118.95
501289,10314,2016,2024-01-11,2.0,0.1,76.81,138.26
501290,10699,2020,2024-09-22,1.0,0.05,145.5,138.22
501291,10221,2017,2025-08-04,1.0,0.1,68.24,61.42
501292,10976,2020,2025-03-21,2.0,0.0,145.5,291.0
501293,10438,2009,2024-05-19,2.0,0.0,33.82,67.64
501294,10046,2001,2024-07-15,2.0,0.0,50.2,100.4
501295,10790,2026,2024-03-15,1.0,0.0,74.85,74.85
501296,10192,2003,2025-09-07,3.0,0.15,102.51,261.4
501297,10520,2021,2024-08-13,1.0,0.05,144.34,137.12
501298,10379,2023,2025-09-27,2.0,0.05,61.98,117.76
501299,10788,2009,2024-04-12,1.0,0.0,33.82,33.82
501300,10691,2022,2024-09-21,1.0,0.0,48.42,48.42
501301,10334,2019,2024-06-10,1.0,0.15,47.93,40.74
501302,10039,2013,2024-08-21,2.0,0.0,111.92,223.84
501303,10293,2023,2025-05-06,2.0,0.1,61.98,111.56
501304,10690,2014,2024-11-07,1.0,0.0,65.22,65.22
501305,10162,2020,2025-10-13,1.0,0.0,145.5,145.5
501306,10331,2019,2024-08-15,2.0,0.0,47.93,95.86
501307,10886,2030,2024-09-30,2.0,0.05,51.91,98.63
501308,10104,2023,2024-11-13,1.0,0.05,61.98,58.88
501309,10161,2027,2024-03-27,2.0,0.1,58.32,104.98
501310,10799,2027,2024-10-18,1.0,0.0,58.32,58.32
501311,10635,2007,2025-04-14,1.0,0.0,92.1,92.1
501312,10054,2004,2025-12-30,2.0,0.1,83.99,151.18
501313,10940,2012,2025-08-01,1.0,0.05,93.71,89.02
501314,10034,2023,2025-10-09,2.0,0.0,61.98,123.96
501315,10242,2027,2025-02-08,2.0,0.05,58.32,110.81
501316,10967,2014,2025-03-03,2.0,0.05,65.22,123.92
501317,10890,2002,2025-01-10,1.0,0.0,16.22,16.22
501318,10113,2001,2025-07-21,1.0,0.0,50.2,50.2
501319,10318,2028,2024-09-09,1.0,0.0,86.01,86.01
501320,10023,2018,2025-06-17,1.0,0.05,132.04,125.44
501321,10558,2020,2024-11-03,1.0,0.1,145.5,130.95
501322,10824,2008,2025-03-06,1.0,0.0,131.55,131.55
501323,10647,2003,2025-11-06,2.0,0.1,102.51,184.52
501324,10118,2026,2024-09-21,1.0,0.15,74.85,63.62
501325,10985,2006,2024-03-09,2.0,0.1,145.53,261.95
501326,10701,2022,2024-04-17,2.0,0.05,48.42,92.0
501327,10643,2013,2025-02-04,1.0,0.05,111.92,106.32
501328,10934,2009,2025-08-02,1.0,0.0,33.82,33.82
501329,10212,2009,2024-07-18,2.0,0.0,33.82,67.64
501330,10418,2020,2024-07-11,2.0,0.0,145.5,291.0
501331,10113,2009,2025-05-29,2.0,0.05,33.82,64.26
501332,10044,2015,2025-03-18,2.0,0.05,27.47,52.19
501333,10128,2013,2024-01-02,2.0,0.1,111.92,201.46
501334,10876,2022,2024-12-24,1.0,0.05,48.42,46.0
501335,10158,2016,2024-04-25,1.0,0.15,76.81,65.29
501336,10785,2002,2025-08-23,2.0,0.0,16.22,32.44
501337,10827,2026,2024-07-16,2.0,0.0,74.85,149.7
501338,10394,2014,2025-08-27,3.0,0.0,65.22,195.66
501339,10867,2027,2024-10-01,1.0,0.05,58.32,55.4
501340,10852,2006,2024-06-09,1.0,0.15,145.53,123.7
501341,10512,2002,2024-06-22,1.0,0.0,16.22,16.22
501342,10914,2008,2025-06-29,3.0,0.1,131.55,355.19
501343,10045,2004,2025-04-03,2.0,0.0,83.99,167.98
501344,10108,2021,2025-08-08,3.0,0.1,144.34,389.72
501345,10219,2024,2025-03-09,1.0,0.0,135.89,135.89
501346,10443,2014,2025-04-26,3.0,0.15,65.22,166.31
501347,10830,2011,2025-03-31,3.0,0.1,132.17,356.86
501348,10315,2024,2024-07-15,3.0,0.0,135.89,407.67
501349,10177,2028,2025-08-22,2.0,0.05,86.01,163.42
501350,10228,2014,2024-11-05,2.0,0.0,65.22,130.44
501351,10703,2012,2025-07-10,1.0,0.05,93.71,89.02
501352,10983,2016,2025-05-09,2.0,0.15,76.81,130.58
501353,10672,2006,2025-03-15,1.0,0.05,145.53,138.25
501354,10906,2020,2025-10-12,1.0,0.0,145.5,145.5
501355,10267,2001,2024-12-25,1.0,0.15,50.2,42.67
501356,10870,2012,2024-02-06,3.0,0.0,93.71,281.13
501357,10838,2007,2024-02-04,2.0,0.0,92.1,184.2
501358,10379,2008,2024-03-29,3.0,0.0,131.55,394.65
501359,10489,2009,2025-10-20,2.0,0.0,33.82,67.64
501360,10702,2002,2024-01-17,1.0,0.05,16.22,15.41
501361,10687,2017,2025-02-25,1.0,0.1,68.24,61.42
501362,10290,2020,2025-07-07,1.0,0.1,145.5,130.95
501363,10996,2013,2024-05-06,1.0,0.15,111.92,95.13
501364,10357,2005,2024-01-09,1.0,0.0,75.13,75.13
501365,10657,2010,2025-04-17,1.0,0.0,91.83,91.83
501366,10744,2012,2025-04-13,2.0,0.0,93.71,187.42
501367,10872,2017,2025-05-25,1.0,0.0,68.24,68.24
501368,10950,2021,2025-02-06,3.0,0.1,144.34,389.72
501369,10204,2006,2024-06-25,1.0,0.15,145.53,123.7
501370,10213,2003,2025-01-02,1.0,0.0,102.51,102.51
501371,10552,2028,2025-05-03,3.0,0.15,86.01,219.33
501372,10787,2015,2024-01-19,2.0,0.0,27.47,54.94
501373,10323,2007,2024-02-26,1.0,0.05,92.1,87.49
501374,10594,2030,2024-02-05,1.0,0.0,51.91,51.91
501375,10181,2006,2025-09-22,3.0,0.0,145.53,436.59
501376,10499,2004,2025-12-26,2.0,0.05,83.99,159.58
501377,10320,2019,2025-07-27,2.0,0.0,47.93,95.86
501378,10083,2005,2025-08-23,1.0,0.05,75.13,71.37
501379,10303,2003,2024-12-13,2.0,0.0,102.51,205.02
501380,10262,2026,2024-02-02,1.0,0.0,74.85,74.85
501381,10784,2025,2024-05-13,3.0,0.1,145.48,392.8
501382,10200,2009,2025-07-30,1.0,0.15,33.82,28.75
501383,10240,2006,2024-07-18,2.0,0.0,145.53,291.06
501384,10914,2013,2024-09-13,1.0,0.0,111.92,111.92
501385,10692,2027,2024-12-08,1.0,0.1,58.32,52.49
501386,10944,2022,2025-10-29,2.0,0.05,48.42,92.0
501387,10683,2028,2024-08-19,1.0,0.05,86.01,81.71
501388,10295,2030,2024-10-28,1.0,0.0,51.91,51.91
501389,10512,2020,2025-07-01,1.0,0.0,145.5,145.5
501390,10689,2004,2024-01-27,1.0,0.0,83.99,83.99
501391,10881,2002,2025-06-19,1.0,0.15,16.22,13.79
501392,10396,2026,2025-10-15,1.0,0.0,74.85,74.85
501393,10749,2004,2025-04-19,2.0,0.05,83.99,159.58
501394,10138,2008,2025-01-22,1.0,0.0,131.55,131.55
501395,10839,2013,2024-10-12,1.0,0.0,111.92,111.92
501396,10878,2010,2025-03-26,1.0,0.15,91.83,78.06
501397,10823,2018,2024-11-16,2.0,0.0,132.04,264.08
501398,10129,2009,2024-06-05,2.0,0.0,33.82,67.64
501399,10049,2030,2025-04-16,1.0,0.15,51.91,44.12
501400,10676,2001,2025-02-24,1.0,0.05,50.2,47.69
501401,10789,2013,2024-04-23,2.0,0.0,111.92,223.84
501402,10293,2018,2025-10-13,2.0,0.0,132.04,264.08
501403,10628,2015,2025-02-26,1.0,0.15,27.47,23.35
501404,10536,2002,2025-12-22,2.0,0.15,16.22,27.57
501405,10311,2011,2025-08-21,2.0,0.0,132.17,264.34
501406,10537,2029,2024-10-12,2.0,0.1,107.84,194.11
501407,10903,2014,2025-07-26,3.0,0.1,65.22,176.09
501408,10639,2022,2024-02-24,1.0,0.1,48.42,43.58
501409,10234,2015,2025-08-28,1.0,0.0,27.47,27.47
501410,10209,2014,2024-11-21,2.0,0.0,65.22,130.44
501411,10605,2016,2025-04-03,2.0,0.05,76.81,145.94
501412,10094,2023,2024-09-22,1.0,0.0,61.98,61.98
501413,10327,2029,2025-01-17,2.0,0.0,107.84,215.68
501414,10225,2015,2024-08-01,2.0,0.0,27.47,54.94
501415,10967,2019,2024-11-29,3.0,0.1,47.93,129.41
501416,10890,2027,2024-01-11,2.0,0.15,58.32,99.14
501417,10792,2009,2024-12-24,2.0,0.0,33.82,67.64
501418,10011,2005,2024-07-22,2.0,0.0,75.13,150.26
501419,10329,2005,2025-12-09,1.0,0.05,75.13,71.37
501420,10012,2011,2024-02-28,2.0,0.0,132.17,264.34
501421,10035,2028,2025-05-09,1.0,0.0,86.01,86.01
501422,10447,2020,2025-05-25,3.0,0.0,145.5,436.5
501423,10452,2025,2024-08-11,2.0,0.0,145.48,290.96
501424,10740,2024,2025-01-04,2.0,0.0,135.89,271.78
501425,10220,2028,2025-11-23,3.0,0.0,86.01,258.03
501426,10441,2004,2025-02-22,3.0,0.15,83.99,214.17
501427,10653,2020,2025-07-01,2.0,0.0,145.5,291.0
501428,10535,2018,2024-04-13,1.0,0.1,132.04,118.84
501429,10595,2025,2024-06-10,1.0,0.15,145.48,123.66
501430,10229,2003,2024-07-19,1.0,0.1,102.51,92.26
501431,10935,2004,2024-06-09,1.0,0.0,83.99,83.99
501432,10344,2014,2025-11-26,1.0,0.0,65.22,65.22
501433,10080,2007,2024-05-16,2.0,0.1,92.1,165.78
501434,10353,2026,2025-02-02,3.0,0.0,74.85,224.55
501435,10396,2008,2025-01-27,3.0,0.05,131.55,374.92
501436,10290,2024,2024-04-16,3.0,0.0,135.89,407.67
501437,10455,2016,2025-08-06,2.0,0.15,76.81,130.58
501438,10843,2020,2025-08-12,2.0,0.15,145.5,247.35
501439,10671,2015,2024-02-24,1.0,0.0,27.47,27.47
501440,10989,2007,2024-10-04,3.0,0.15,92.1,234.85
501441,10128,2026,2024-04-21,1.0,0.05,74.85,71.11
501442,10702,2017,2024-08-12,1.0,0.05,68.24,64.83
501443,10909,2022,2024-03-16,3.0,0.0,48.42,145.26
501444,10543,2022,2025-05-21,2.0,0.15,48.42,82.31
501445,10898,2022,2024-01-15,2.0,0.0,48.42,96.84
501446,10359,2012,2025-04-27,2.0,0.05,93.71,178.05
501447,10527,2018,2024-07-08,3.0,0.0,132.04,396.12
501448,10313,2024,2024-12-30,2.0,0.0,135.89,271.78
501449,10075,2014,2024-08-27,1.0,0.0,65.22,65.22
501450,10546,2015,2025-02-05,2.0,0.05,27.47,52.19
501451,10871,2015,2024-10-31,3.0,0.05,27.47,78.29
501452,10196,2005,2024-04-01,1.0,0.05,75.13,71.37
501453,10843,2016,2025-01-27,2.0,0.15,76.81,130.58
501454,10029,2005,2024-07-03,2.0,0.0,75.13,150.26
501455,10706,2002,2024-01-18,1.0,0.05,16.22,15.41
501456,10016,2020,2024-01-13,3.0,0.0,145.5,436.5
501457,10423,2028,2024-06-15,2.0,0.15,86.01,146.22
501458,10589,2025,2024-05-26,2.0,0.1,145.48,261.86
501459,10805,2009,2024-10-09,3.0,0.1,33.82,91.31
501460,10593,2022,2025-07-03,1.0,0.0,48.42,48.42
501461,10405,2027,2025-08-05,1.0,0.15,58.32,49.57
501462,10940,2009,2024-06-18,2.0,0.1,33.82,60.88
501463,10636,2004,2024-06-19,1.0,0.0,83.99,83.99
501464,10531,2015,2024-12-12,3.0,0.0,27.47,82.41
501465,10967,2011,2025-05-14,2.0,0.1,132.17,237.91
501466,10614,2001,2025-04-05,3.0,0.0,50.2,150.6
501467,10904,2018,2024-10-24,3.0,0.0,132.04,396.12
501468,10077,2029,2024-05-22,1.0,0.1,107.84,97.06
501469,10229,2001,2025-11-26,2.0,0.0,50.2,100.4
501470,10962,2008,2024-02-23,1.0,0.15,131.55,111.82
501471,10297,2025,2024-04-28,1.0,0.1,145.48,130.93
501472,10510,2016,2024-12-31,2.0,0.0,76.81,153.62
501473,10715,2026,2025-11-02,2.0,0.15,74.85,127.24
501474,10984,2028,2024-05-16,1.0,0.0,86.01,86.01
501475,10966,2022,2025-02-18,2.0,0.0,48.42,96.84
501476,10573,2018,2024-03-18,2.0,0.0,132.04,264.08
501477,10538,2022,2025-07-11,1.0,0.0,48.42,48.42
501478,10583,2009,2024-01-19,3.0,0.05,33.82,96.39
501479,10615,2012,2025-02-07,2.0,0.05,93.71,178.05
501480,10979,2019,2024-07-24,2.0,0.0,47.93,95.86
501481,10326,2025,2025-05-14,3.0,0.15,145.48,370.97
501482,10363,2018,2024-11-20,1.0,0.0,132.04,132.04
501483,10669,2027,2025-08-18,2.0,0.0,58.32,116.64
501484,10875,2005,2025-07-16,2.0,0.15,75.13,127.72
501485,10359,2027,2024-10-08,1.0,0.0,58.32,58.32
501486,10706,2002,2024-06-15,3.0,0.0,16.22,48.66
501487,10787,2007,2024-08-31,3.0,0.0,92.1,276.3
501488,10324,2027,2025-04-24,3.0,0.1,58.32,157.46
501489,10698,2010,2024-06-13,2.0,0.0,91.83,183.66
501490,10326,2015,2024-11-20,3.0,0.0,27.47,82.41
501491,10625,2025,2025-07-22,2.0,0.15,145.48,247.32
501492,10825,2007,2025-07-05,1.0,0.1,92.1,82.89
501493,10165,2028,2025-10-02,1.0,0.0,86.01,86.01
501494,10573,2005,2025-09-26,3.0,0.05,75.13,214.12
501495,10604,2015,2025-11-29,1.0,0.0,27.47,27.47
501496,10798,2020,2024-07-27,3.0,0.0,145.5,436.5
501497,10455,2028,2024-11-11,2.0,0.0,86.01,172.02
501498,10969,2020,2024-10-31,1.0,0.1,145.5,130.95
501499,10153,2015,2024-08-27,1.0,0.0,27.47,27.47
501500,10737,2010,2025-12-28,1.0,0.0,91.83,91.83
501501,10127,2024,2024-08-12,2.0,0.1,135.89,244.6
501502,10193,2026,2024-03-29,1.0,0.15,74.85,63.62
501503,10627,2029,2025-06-21,1.0,0.0,107.84,107.84
501504,10774,2026,2025-03-05,2.0,0.15,74.85,127.24
501505,10530,2014,2024-08-08,1.0,0.0,65.22,65.22
501506,10010,2026,2024-10-02,1.0,0.05,74.85,71.11
501507,10092,2026,2025-10-09,1.0,0.15,74.85,63.62
501508,10139,2010,2024-03-07,2.0,0.0,91.83,183.66
501509,10481,2017,2025-08-15,1.0,0.0,68.24,68.24
501510,10449,2021,2025-02-27,2.0,0.0,144.34,288.68
501511,10333,2014,2024-09-12,3.0,0.05,65.22,185.88
501512,10869,2002,2024-05-05,1.0,0.0,16.22,16.22
501513,10340,2016,2024-05-26,2.0,0.05,76.81,145.94
501514,10961,2013,2025-09-07,2.0,0.0,111.92,223.84
501515,10052,2027,2025-01-20,1.0,0.1,58.32,52.49
501516,10707,2009,2025-03-23,1.0,0.1,33.82,30.44
501517,10466,2007,2025-01-22,3.0,0.1,92.1,248.67
501518,10718,2016,2025-01-18,2.0,0.0,76.81,153.62
501519,10799,2010,2024-10-04,1.0,0.1,91.83,82.65
501520,10475,2024,2025-01-17,2.0,0.0,135.89,271.78
501521,10401,2022,2024-05-04,1.0,0.0,48.42,48.42
501522,10439,2009,2024-09-24,1.0,0.1,33.82,30.44
501523,10878,2022,2024-04-21,1.0,0.0,48.42,48.42
501524,10605,2023,2025-01-16,3.0,0.0,61.98,185.94
501525,10932,2007,2025-08-24,2.0,0.0,92.1,184.2
501526,10997,2016,2024-06-07,1.0,0.15,76.81,65.29
501527,10922,2009,2025-12-29,1.0,0.0,33.82,33.82
501528,10821,2027,2025-07-02,2.0,0.15,58.32,99.14
501529,10657,2024,2025-08-22,1.0,0.0,135.89,135.89
501530,10598,2029,2024-04-28,1.0,0.0,107.84,107.84
501531,10509,2017,2024-11-24,2.0,0.0,68.24,136.48
501532,10153,2020,2025-11-25,1.0,0.15,145.5,123.68
501533,10514,2007,2024-03-09,3.0,0.05,92.1,262.48
501534,10503,2011,2025-03-10,2.0,0.1,132.17,237.91
501535,10854,2008,2024-12-25,2.0,0.15,131.55,223.64
501536,10901,2007,2025-11-02,1.0,0.0,92.1,92.1
501537,10772,2028,2025-03-19,2.0,0.0,86.01,172.02
501538,10676,2019,2024-06-13,1.0,0.0,47.93,47.93
501539,10006,2020,2024-12-27,1.0,0.1,145.5,130.95
501540,10500,2012,2025-08-08,2.0,0.0,93.71,187.42
501541,10661,2007,2024-04-29,2.0,0.1,92.1,165.78
501542,10717,2008,2024-07-14,2.0,0.05,131.55,249.95
501543,10118,2007,2025-08-24,1.0,0.0,92.1,92.1
501544,10485,2006,2025-08-11,2.0,0.0,145.53,291.06
501545,10601,2025,2025-10-13,1.0,0.05,145.48,138.21
501546,10666,2009,2024-08-29,3.0,0.0,33.82,101.46
501547,10951,2027,2025-05-24,1.0,0.1,58.32,52.49
501548,10679,2013,2025-10-28,3.0,0.05,111.92,318.97
501549,10468,2007,2025-07-19,2.0,0.0,92.1,184.2
501550,10161,2008,2024-05-22,1.0,0.0,131.55,131.55
501551,10270,2022,2024-02-01,2.0,0.1,48.42,87.16
501552,10056,2017,2024-08-11,2.0,0.1,68.24,122.83
501553,10228,2017,2024-09-23,1.0,0.15,68.24,58.0
501554,10849,2016,2024-10-09,1.0,0.05,76.81,72.97
501555,10149,2022,2025-01-16,1.0,0.0,48.42,48.42
501556,10046,2002,2025-07-10,2.0,0.15,16.22,27.57
501557,10144,2030,2024-03-03,1.0,0.1,51.91,46.72
501558,10750,2008,2025-12-14,1.0,0.05,131.55,124.97
501559,10784,2017,2025-06-05,3.0,0.0,68.24,204.72
501560,10632,2013,2024-03-12,2.0,0.1,111.92,201.46
501561,10340,2018,2025-08-25,2.0,0.05,132.04,250.88
501562,10413,2024,2025-06-20,2.0,0.0,135.89,271.78
501563,10732,2028,2024-05-20,1.0,0.05,86.01,81.71
501564,10520,2022,2024-11-12,1.0,0.1,48.42,43.58
501565,10344,2028,2024-12-06,1.0,0.0,86.01,86.01
501566,10387,2010,2025-08-13,2.0,0.05,91.83,174.48
501567,10473,2002,2025-12-27,3.0,0.0,16.22,48.66
501568,10275,2002,2025-06-12,1.0,0.0,16.22,16.22
501569,10353,2027,2025-06-25,1.0,0.05,58.32,55.4
501570,10066,2014,2025-02-20,1.0,0.0,65.22,65.22
501571,10079,2016,2025-04-12,3.0,0.0,76.81,230.43
501572,10598,2007,2025-01-10,1.0,0.05,92.1,87.49
501573,10636,2021,2024-10-18,2.0,0.1,144.34,259.81
501574,10202,2021,2024-02-13,1.0,0.0,144.34,144.34
501575,10978,2024,2024-02-23,3.0,0.0,135.89,407.67
501576,10662,2012,2024-08-20,1.0,0.0,93.71,93.71
501577,10558,2028,2024-07-31,1.0,0.15,86.01,73.11
501578,10113,2023,2024-01-09,3.0,0.15,61.98,158.05
501579,10091,2028,2025-09-26,2.0,0.05,86.01,163.42
501580,10141,2014,2025-04-28,2.0,0.1,65.22,117.4
501581,10289,2025,2024-02-12,1.0,0.0,145.48,145.48
501582,10901,2004,2024-11-29,2.0,0.0,83.99,167.98
501583,10730,2026,2024-08-21,1.0,0.15,74.85,63.62
501584,10589,2004,2024-03-11,1.0,0.0,83.99,83.99
501585,10411,2018,2024-01-17,1.0,0.0,132.04,132.04
501586,10377,2003,2024-03-10,3.0,0.0,102.51,307.53
501587,10384,2001,2024-02-23,1.0,0.0,50.2,50.2
501588,10846,2017,2025-11-16,3.0,0.0,68.24,204.72
501589,10152,2007,2025-01-14,1.0,0.0,92.1,92.1
501590,10835,2030,2025-04-08,2.0,0.0,51.91,103.82
501591,10751,2016,2025-06-11,3.0,0.15,76.81,195.87
501592,10627,2030,2025-11-10,3.0,0.1,51.91,140.16
501593,10319,2005,2024-03-04,3.0,0.15,75.13,191.58
501594,10369,2019,2024-09-18,2.0,0.1,47.93,86.27
501595,10606,2007,2025-05-15,3.0,0.1,92.1,248.67
501596,10995,2014,2024-05-01,1.0,0.15,65.22,55.44
501597,10560,2002,2024-08-28,2.0,0.05,16.22,30.82
501598,10703,2003,2025-04-10,2.0,0.0,102.51,205.02
501599,10462,2017,2024-04-17,1.0,0.0,68.24,68.24
501600,10012,2016,2024-06-29,2.0,0.05,76.81,145.94
501601,10156,2008,2024-01-17,2.0,0.0,131.55,263.1
501602,10684,2018,2024-12-21,2.0,0.0,132.04,264.08
501603,10477,2015,2024-11-05,1.0,0.0,27.47,27.47
501604,10939,2007,2025-12-28,1.0,0.15,92.1,78.28
501605,10401,2027,2025-08-12,2.0,0.05,58.32,110.81
501606,10808,2009,2025-08-28,2.0,0.0,33.82,67.64
501607,10177,2006,2024-06-30,1.0,0.15,145.53,123.7
501608,10341,2018,2024-06-23,3.0,0.05,132.04,376.31
501609,10057,2018,2024-12-20,1.0,0.1,132.04,118.84
501610,10855,2025,2024-12-20,2.0,0.05,145.48,276.41
501611,10852,2026,2024-08-07,1.0,0.0,74.85,74.85
501612,10448,2024,2025-10-17,2.0,0.0,135.89,271.78
501613,10203,2014,2024-11-11,3.0,0.0,65.22,195.66
501614,10697,2014,2025-03-10,1.0,0.05,65.22,61.96
501615,10633,2014,2024-10-09,2.0,0.1,65.22,117.4
501616,10738,2025,2024-09-16,1.0,0.0,145.48,145.48
501617,10202,2004,2025-07-13,1.0,0.0,83.99,83.99
501618,10330,2004,2024-01-06,1.0,0.1,83.99,75.59
501619,10363,2015,2025-07-28,1.0,0.1,27.47,24.72
501620,10892,2015,2025-08-19,1.0,0.1,27.47,24.72
501621,10454,2018,2025-10-07,1.0,0.0,132.04,132.04
501622,10356,2014,2025-01-29,1.0,0.0,65.22,65.22
501623,10216,2026,2024-12-02,1.0,0.0,74.85,74.85
501624,10972,2001,2024-03-04,2.0,0.0,50.2,100.4
501625,10555,2010,2024-02-14,1.0,0.0,91.83,91.83
501626,10887,2029,2024-06-02,1.0,0.05,107.84,102.45
501627,10023,2020,2025-11-14,1.0,0.15,145.5,123.68
501628,10155,2010,2024-06-05,1.0,0.0,91.83,91.83
501629,10186,2010,2025-04-23,3.0,0.15,91.83,234.17
501630,10249,2027,2024-10-02,2.0,0.15,58.32,99.14
501631,10749,2024,2024-12-24,2.0,0.15,135.89,231.01
501632,10805,2002,2025-03-02,3.0,0.15,16.22,41.36
501633,10134,2029,2025-06-16,1.0,0.0,107.84,107.84
501634,10321,2028,2025-04-28,1.0,0.15,86.01,73.11
501635,10390,2027,2024-08-02,1.0,0.0,58.32,58.32
501636,10434,2008,2024-03-20,1.0,0.05,131.55,124.97
501637,10022,2001,2024-05-19,2.0,0.0,50.2,100.4
501638,10873,2001,2024-04-08,2.0,0.15,50.2,85.34
501639,10600,2004,2025-10-26,1.0,0.1,83.99,75.59
501640,10665,2007,2024-07-17,2.0,0.0,92.1,184.2
501641,10125,2009,2024-06-05,3.0,0.05,33.82,96.39
501642,10079,2016,2024-02-20,1.0,0.15,76.81,65.29
501643,10858,2005,2025-04-24,3.0,0.0,75.13,225.39
501644,10968,2002,2024-08-16,2.0,0.0,16.22,32.44
501645,10051,2028,2025-04-02,2.0,0.1,86.01,154.82
501646,10728,2023,2025-06-06,2.0,0.0,61.98,123.96
501647,10176,2011,2024-05-29,1.0,0.0,132.17,132.17
501648,10870,2018,2024-02-28,1.0,0.0,132.04,132.04
501649,10253,2025,2024-06-11,1.0,0.1,145.48,130.93
501650,10966,2025,2025-04-22,2.0,0.05,145.48,276.41
501651,10246,2019,2024-04-17,2.0,0.1,47.93,86.27
501652,10739,2013,2025-03-03,1.0,0.05,111.92,106.32
501653,10106,2024,2025-01-30,2.0,0.1,135.89,244.6
501654,10193,2011,2024-07-05,1.0,0.0,132.17,132.17
501655,10316,2020,2025-07-12,2.0,0.0,145.5,291.0
501656,10302,2019,2025-03-22,1.0,0.0,47.93,47.93
501657,10548,2017,2025-10-03,2.0,0.0,68.24,136.48
501658,10954,2005,2025-03-24,1.0,0.0,75.13,75.13
501659,10716,2013,2024-03-28,2.0,0.0,111.92,223.84
501660,10934,2030,2024-09-06,1.0,0.0,51.91,51.91
501661,10779,2027,2025-03-16,1.0,0.0,58.32,58.32
501662,10268,2020,2024-09-14,2.0,0.05,145.5,276.45
501663,10170,2001,2024-10-04,1.0,0.0,50.2,50.2
501664,10551,2010,2025-03-14,2.0,0.1,91.83,165.29
501665,10455,2008,2025-05-31,1.0,0.05,131.55,124.97
501666,10651,2024,2025-07-31,2.0,0.15,135.89,231.01
501667,10292,2029,2024-07-21,2.0,0.1,107.84,194.11
501668,10564,2008,2025-07-29,2.0,0.0,131.55,263.1
501669,10799,2019,2025-10-17,1.0,0.0,47.93,47.93
501670,10801,2006,2024-06-29,1.0,0.05,145.53,138.25
501671,10141,2012,2025-11-17,3.0,0.0,93.71,281.13
501672,10146,2028,2024-11-21,2.0,0.1,86.01,154.82
501673,10425,2007,2025-09-15,2.0,0.15,92.1,156.57
501674,10314,2016,2025-11-18,2.0,0.05,76.81,145.94
501675,10184,2009,2025-04-20,1.0,0.0,33.82,33.82
501676,10664,2021,2025-10-27,1.0,0.0,144.34,144.34
501677,10713,2025,2025-02-04,3.0,0.0,145.48,436.44
501678,10128,2022,2024-08-05,1.0,0.1,48.42,43.58
501679,10287,2010,2025-03-29,1.0,0.05,91.83,87.24
501680,10823,2010,2025-02-08,1.0,0.05,91.83,87.24
501681,10253,2010,2024-08-28,2.0,0.0,91.83,183.66
501682,10778,2020,2024-07-05,2.0,0.0,145.5,291.0
501683,10700,2029,2024-02-18,1.0,0.0,107.84,107.84
501684,10386,2016,2025-01-21,2.0,0.0,76.81,153.62
501685,10230,2001,2024-07-27,2.0,0.05,50.2,95.38
501686,10271,2017,2024-06-06,1.0,0.1,68.24,61.42
501687,10771,2030,2024-08-13,1.0,0.05,51.91,49.31
501688,10811,2026,2024-05-24,1.0,0.0,74.85,74.85
501689,10415,2021,2025-02-23,2.0,0.0,144.34,288.68
501690,10198,2029,2024-04-21,1.0,0.0,107.84,107.84
501691,10323,2014,2025-04-10,2.0,0.05,65.22,123.92
501692,10056,2019,2024-05-12,2.0,0.0,47.93,95.86
501693,10831,2021,2025-09-17,1.0,0.15,144.34,122.69
501694,10203,2021,2025-08-24,2.0,0.0,144.34,288.68
501695,10783,2017,2025-11-04,2.0,0.0,68.24,136.48
501696,10621,2014,2024-11-30,1.0,0.0,65.22,65.22
501697,10628,2008,2024-03-16,3.0,0.0,131.55,394.65
501698,10604,2021,2025-02-16,3.0,0.0,144.34,433.02
501699,10138,2021,2025-06-03,3.0,0.0,144.34,433.02
501700,10422,2009,2025-09-17,1.0,0.05,33.82,32.13
501701,10815,2008,2024-02-06,2.0,0.0,131.55,263.1
501702,10057,2013,2025-09-17,1.0,0.0,111.92,111.92
501703,10562,2017,2024-08-11,2.0,0.15,68.24,116.01
501704,10071,2019,2025-12-24,2.0,0.05,47.93,91.07
501705,10911,2028,2025-06-14,1.0,0.15,86.01,73.11
501706,10914,2007,2024-08-29,1.0,0.0,92.1,92.1
501707,10594,2017,2024-05-14,3.0,0.0,68.24,204.72
501708,10372,2001,2025-01-26,3.0,0.15,50.2,128.01
501709,10617,2005,2024-04-12,2.0,0.0,75.13,150.26
501710,10600,2025,2025-10-14,3.0,0.0,145.48,436.44
501711,10514,2006,2025-11-12,3.0,0.0,145.53,436.59
501712,10872,2026,2025-05-13,2.0,0.0,74.85,149.7
501713,10084,2002,2025-05-26,2.0,0.0,16.22,32.44
501714,10994,2027,2025-12-04,1.0,0.0,58.32,58.32
501715,10043,2025,2025-06-21,1.0,0.15,145.48,123.66
501716,10666,2016,2025-06-29,3.0,0.0,76.81,230.43
501717,10839,2022,2024-12-09,2.0,0.0,48.42,96.84
501718,10934,2005,2024-01-07,2.0,0.0,75.13,150.26
501719,10606,2005,2024-07-13,3.0,0.0,75.13,225.39
501720,10810,2012,2024-05-17,1.0,0.0,93.71,93.71
501721,10133,2003,2025-04-18,1.0,0.15,102.51,87.13
501722,10395,2030,2024-08-04,2.0,0.1,51.91,93.44
501723,10065,2016,2024-12-15,2.0,0.05,76.81,145.94
501724,10290,2006,2024-07-02,3.0,0.15,145.53,371.1
501725,10376,2015,2024-06-17,2.0,0.15,27.47,46.7
501726,10769,2015,2024-02-08,1.0,0.05,27.47,26.1
501727,10467,2029,2025-11-06,1.0,0.0,107.84,107.84
501728,10898,2016,2025-04-16,1.0,0.15,76.81,65.29
501729,10213,2020,2025-03-28,3.0,0.0,145.5,436.5
501730,10148,2013,2025-05-05,1.0,0.0,111.92,111.92
501731,10573,2012,2024-05-22,3.0,0.15,93.71,238.96
501732,10471,2010,2024-04-13,3.0,0.05,91.83,261.72
501733,10149,2014,2025-12-12,2.0,0.15,65.22,110.87
501734,10088,2002,2025-12-13,1.0,0.0,16.22,16.22
501735,10324,2029,2024-02-12,1.0,0.0,107.84,107.84
501736,10895,2003,2024-05-27,3.0,0.0,102.51,307.53
501737,10396,2009,2024-03-07,1.0,0.0,33.82,33.82
501738,10790,2011,2024-07-12,1.0,0.15,132.17,112.34
501739,10404,2011,2024-10-25,2.0,0.0,132.17,264.34
501740,10082,2025,2024-02-08,2.0,0.1,145.48,261.86
501741,10641,2022,2025-05-17,2.0,0.0,48.42,96.84
501742,10286,2010,2025-10-15,1.0,0.0,91.83,91.83
501743,10382,2026,2025-09-10,1.0,0.0,74.85,74.85
501744,10865,2014,2025-03-04,1.0,0.0,65.22,65.22
501745,10792,2009,2025-10-26,2.0,0.0,33.82,67.64
501746,10270,2020,2024-12-18,3.0,0.05,145.5,414.67
501747,10292,2027,2024-11-22,1.0,0.0,58.32,58.32
501748,10453,2021,2024-02-08,2.0,0.0,144.34,288.68
501749,10715,2010,2024-04-07,1.0,0.15,91.83,78.06
501750,10024,2022,2024-04-18,2.0,0.0,48.42,96.84
501751,10956,2029,2025-09-23,3.0,0.1,107.84,291.17
501752,10863,2009,2024-05-31,2.0,0.15,33.82,57.49
501753,10311,2029,2024-03-15,3.0,0.1,107.84,291.17
501754,10461,2005,2024-02-27,2.0,0.05,75.13,142.75
501755,10208,2008,2024-12-01,2.0,0.1,131.55,236.79
501756,10792,2011,2024-09-09,2.0,0.0,132.17,264.34
501757,10717,2001,2024-09-11,1.0,0.05,50.2,47.69
501758,10664,2021,2025-01-20,2.0,0.0,144.34,288.68
501759,10438,2010,2025-04-01,1.0,0.1,91.83,82.65
501760,10538,2001,2024-09-16,2.0,0.0,50.2,100.4
501761,10706,2026,2025-04-10,1.0,0.0,74.85,74.85
501762,10336,2030,2024-02-04,2.0,0.0,51.91,103.82
501763,10422,2022,2025-05-10,3.0,0.0,48.42,145.26
501764,10750,2007,2024-11-22,2.0,0.05,92.1,174.99
501765,10321,2028,2024-08-26,1.0,0.05,86.01,81.71
501766,10497,2014,2025-11-22,2.0,0.15,65.22,110.87
501767,10587,2005,2025-09-08,3.0,0.0,75.13,225.39
501768,10947,2017,2025-06-25,1.0,0.0,68.24,68.24
501769,10163,2022,2025-04-11,1.0,0.0,48.42,48.42
501770,10811,2026,2024-10-31,1.0,0.1,74.85,67.36
501771,10541,2021,2024-04-27,1.0,0.15,144.34,122.69
501772,10165,2006,2024-07-26,3.0,0.05,145.53,414.76
501773,10849,2016,2025-11-28,3.0,0.0,76.81,230.43
501774,10698,2011,2025-04-26,1.0,0.0,132.17,132.17
501775,10566,2010,2025-10-12,2.0,0.05,91.83,174.48
501776,10295,2015,2025-02-07,1.0,0.0,27.47,27.47
501777,10042,2007,2025-11-07,1.0,0.0,92.1,92.1
501778,10924,2023,2025-08-10,2.0,0.0,61.98,123.96
501779,10285,2002,2024-08-21,1.0,0.1,16.22,14.6
501780,10939,2012,2024-10-11,2.0,0.1,93.71,168.68
501781,10387,2019,2025-04-25,2.0,0.05,47.93,91.07
501782,10138,2012,2024-01-10,3.0,0.0,93.71,281.13
501783,10187,2016,2025-12-16,1.0,0.1,76.81,69.13
501784,10910,2006,2025-01-14,3.0,0.0,145.53,436.59
501785,10716,2003,2025-08-26,3.0,0.05,102.51,292.15
501786,10431,2002,2025-01-16,1.0,0.0,16.22,16.22
501787,10554,2020,2025-10-24,1.0,0.1,145.5,130.95
501788,10862,2005,2024-12-26,3.0,0.0,75.13,225.39
501789,10416,2011,2024-06-25,3.0,0.15,132.17,337.03
501790,10800,2026,2025-04-30,2.0,0.05,74.85,142.21
501791,10426,2025,2025-02-09,3.0,0.15,145.48,370.97
501792,10416,2003,2024-02-03,1.0,0.0,102.51,102.51
501793,10026,2003,2025-04-10,1.0,0.0,102.51,102.51
501794,10371,2022,2025-11-27,1.0,0.15,48.42,41.16
501795,10385,2005,2024-06-06,1.0,0.0,75.13,75.13
501796,10056,2022,2025-07-19,1.0,0.1,48.42,43.58
501797,10253,2023,2024-07-21,2.0,0.0,61.98,123.96
501798,10634,2011,2024-06-24,2.0,0.05,132.17,251.12
501799,10106,2003,2024-09-01,1.0,0.0,102.51,102.51
501800,10130,2013,2024-09-26,1.0,0.1,111.92,100.73
501801,10849,2021,2025-03-22,1.0,0.0,144.34,144.34
501802,10670,2008,2024-03-15,1.0,0.0,131.55,131.55
501803,10376,2020,2024-04-06,2.0,0.0,145.5,291.0
501804,10743,2010,2024-06-22,1.0,0.05,91.83,87.24
501805,10967,2002,2025-02-10,1.0,0.1,16.22,14.6
501806,10308,2004,2024-06-04,1.0,0.0,83.99,83.99
501807,10091,2018,2024-07-02,1.0,0.0,132.04,132.04
501808,10393,2019,2024-11-19,2.0,0.15,47.93,81.48
501809,10534,2004,2024-10-16,1.0,0.0,83.99,83.99
501810,10802,2020,2024-09-15,3.0,0.0,145.5,436.5
501811,10110,2026,2025-08-10,2.0,0.1,74.85,134.73
501812,10561,2009,2024-06-23,2.0,0.1,33.82,60.88
501813,10641,2016,2024-11-26,2.0,0.0,76.81,153.62
501814,10585,2026,2024-08-19,2.0,0.15,74.85,127.24
501815,10340,2006,2024-06-10,2.0,0.0,145.53,291.06
501816,10565,2025,2024-07-05,1.0,0.0,145.48,145.48
501817,10979,2004,2024-05-23,1.0,0.1,83.99,75.59
501818,10356,2009,2024-10-09,3.0,0.0,33.82,101.46
501819,10892,2027,2025-10-02,3.0,0.1,58.32,157.46
501820,10168,2013,2025-11-09,1.0,0.0,111.92,111.92
501821,10557,2009,2024-01-28,3.0,0.15,33.82,86.24
501822,10452,2006,2024-09-03,1.0,0.1,145.53,130.98
501823,10905,2021,2025-05-02,3.0,0.15,144.34,368.07
501824,10105,2019,2025-10-09,2.0,0.05,47.93,91.07
501825,10150,2014,2024-07-21,1.0,0.0,65.22,65.22
501826,10146,2021,2024-01-22,1.0,0.15,144.34,122.69
501827,10716,2015,2025-08-14,1.0,0.0,27.47,27.47
501828,10874,2003,2025-11-01,2.0,0.05,102.51,194.77
501829,10299,2005,2024-04-04,2.0,0.0,75.13,150.26
501830,10167,2021,2024-01-09,1.0,0.0,144.34,144.34
501831,10713,2018,2025-04-17,3.0,0.0,132.04,396.12
501832,10646,2014,2024-12-05,3.0,0.0,65.22,195.66
501833,10723,2016,2024-09-16,2.0,0.05,76.81,145.94
501834,10048,2014,2024-02-25,3.0,0.05,65.22,185.88
501835,10638,2009,2025-07-02,2.0,0.0,33.82,67.64
501836,10239,2015,2024-01-07,1.0,0.0,27.47,27.47
501837,10007,2007,2025-01-12,2.0,0.15,92.1,156.57
501838,10464,2014,2025-07-08,1.0,0.0,65.22,65.22
501839,10453,2006,2024-02-20,3.0,0.05,145.53,414.76
501840,10784,2021,2024-04-22,2.0,0.0,144.34,288.68
501841,10897,2015,2024-05-26,2.0,0.05,27.47,52.19
501842,10371,2020,2024-08-18,2.0,0.0,145.5,291.0
501843,10549,2008,2025-12-24,1.0,0.05,131.55,124.97
501844,10487,2002,2025-05-12,2.0,0.1,16.22,29.2
501845,10211,2008,2024-11-02,2.0,0.05,131.55,249.95
501846,10165,2001,2025-06-26,1.0,0.1,50.2,45.18
501847,10125,2026,2025-04-06,1.0,0.0,74.85,74.85
501848,10337,2017,2025-09-20,2.0,0.15,68.24,116.01
501849,10192,2019,2024-08-14,3.0,0.1,47.93,129.41
501850,10730,2005,2024-02-29,3.0,0.05,75.13,214.12
501851,10214,2030,2024-03-17,3.0,0.15,51.91,132.37
501852,10574,2022,2025-03-04,3.0,0.15,48.42,123.47
501853,10328,2020,2025-12-29,2.0,0.05,145.5,276.45
501854,10957,2016,2024-05-12,3.0,0.05,76.81,218.91
501855,10381,2007,2025-05-13,1.0,0.0,92.1,92.1
501856,10673,2007,2025-08-16,2.0,0.0,92.1,184.2
501857,10578,2018,2024-11-01,1.0,0.1,132.04,118.84
501858,10798,2018,2024-03-08,1.0,0.0,132.04,132.04
501859,10239,2002,2024-08-18,3.0,0.1,16.22,43.79
501860,10532,2015,2024-11-29,1.0,0.05,27.47,26.1
501861,10700,2014,2024-10-04,1.0,0.0,65.22,65.22
501862,10082,2018,2025-08-07,3.0,0.0,132.04,396.12
501863,10363,2029,2025-12-22,1.0,0.1,107.84,97.06
501864,10505,2009,2024-05-24,2.0,0.1,33.82,60.88
501865,10202,2014,2024-09-08,2.0,0.1,65.22,117.4
501866,10920,2005,2025-11-22,2.0,0.1,75.13,135.23
501867,10504,2011,2024-03-21,2.0,0.0,132.17,264.34
501868,10644,2008,2024-02-27,1.0,0.0,131.55,131.55
501869,10037,2005,2025-01-01,1.0,0.0,75.13,75.13
501870,10644,2029,2024-11-04,2.0,0.1,107.84,194.11
501871,10589,2011,2024-06-23,1.0,0.0,132.17,132.17
501872,10601,2005,2025-04-07,2.0,0.1,75.13,135.23
501873,10973,2017,2025-11-09,2.0,0.1,68.24,122.83
501874,10402,2022,2025-08-19,3.0,0.1,48.42,130.73
501875,10765,2004,2025-05-08,1.0,0.15,83.99,71.39
501876,10856,2015,2025-07-14,2.0,0.0,27.47,54.94
501877,10706,2019,2025-10-01,2.0,0.05,47.93,91.07
501878,10176,2022,2025-11-12,1.0,0.0,48.42,48.42
501879,10545,2002,2025-01-09,2.0,0.0,16.22,32.44
501880,10570,2024,2024-12-15,2.0,0.0,135.89,271.78
501881,10467,2017,2024-03-08,1.0,0.0,68.24,68.24
501882,10201,2012,2024-11-26,1.0,0.1,93.71,84.34
501883,10540,2025,2024-07-13,2.0,0.1,145.48,261.86
501884,10547,2024,2024-06-04,2.0,0.15,135.89,231.01
501885,10999,2017,2024-06-09,2.0,0.15,68.24,116.01
501886,10637,2010,2025-11-27,2.0,0.05,91.83,174.48
501887,10394,2028,2024-09-23,2.0,0.0,86.01,172.02
501888,10833,2025,2024-06-17,1.0,0.0,145.48,145.48
501889,10042,2018,2024-05-25,1.0,0.05,132.04,125.44
501890,10597,2019,2024-07-05,1.0,0.0,47.93,47.93
501891,10393,2018,2025-02-27,1.0,0.05,132.04,125.44
501892,10700,2013,2025-04-02,3.0,0.05,111.92,318.97
501893,10623,2014,2024-12-11,1.0,0.1,65.22,58.7
501894,10783,2024,2025-07-08,2.0,0.05,135.89,258.19
501895,10995,2016,2025-05-31,3.0,0.1,76.81,207.39
501896,10441,2018,2025-12-06,1.0,0.0,132.04,132.04
501897,10837,2026,2024-04-14,1.0,0.15,74.85,63.62
501898,10617,2018,2024-09-04,2.0,0.0,132.04,264.08
501899,10506,2016,2024-01-24,3.0,0.1,76.81,207.39
501900,10918,2017,2025-06-09,2.0,0.15,68.24,116.01
501901,10320,2007,2024-05-24,1.0,0.0,92.1,92.1
501902,10553,2012,2025-12-31,2.0,0.15,93.71,159.31
501903,10215,2002,2025-11-26,3.0,0.05,16.22,46.23
501904,10071,2010,2024-07-12,2.0,0.0,91.83,183.66
501905,10568,2005,2025-04-10,3.0,0.05,75.13,214.12
501906,10919,2021,2025-01-10,1.0,0.15,144.34,122.69
501907,10236,2003,2025-11-08,2.0,0.0,102.51,205.02
501908,10281,2019,2025-11-23,1.0,0.05,47.93,45.53
501909,10987,2013,2025-09-21,2.0,0.0,111.92,223.84
501910,10617,2012,2024-09-23,1.0,0.0,93.71,93.71
501911,10902,2003,2025-01-13,2.0,0.0,102.51,205.02
501912,10887,2006,2025-07-04,1.0,0.0,145.53,145.53
501913,10162,2014,2025-07-10,3.0,0.15,65.22,166.31
501914,10191,2004,2024-03-15,2.0,0.1,83.99,151.18
501915,10009,2013,2025-03-14,1.0,0.1,111.92,100.73
501916,10060,2019,2024-08-14,1.0,0.05,47.93,45.53
501917,10893,2018,2024-11-04,2.0,0.15,132.04,224.47
501918,10817,2029,2024-12-14,2.0,0.0,107.84,215.68
501919,10225,2003,2025-04-21,1.0,0.05,102.51,97.38
501920,10819,2020,2024-11-11,2.0,0.0,145.5,291.0
501921,10700,2006,2025-06-09,2.0,0.1,145.53,261.95
501922,10582,2016,2025-03-01,1.0,0.0,76.81,76.81
501923,10805,2020,2025-06-08,2.0,0.1,145.5,261.9
501924,10287,2024,2025-07-16,1.0,0.1,135.89,122.3
501925,10994,2003,2024-09-06,2.0,0.1,102.51,184.52
501926,10169,2012,2025-09-23,1.0,0.15,93.71,79.65
501927,10062,2019,2025-07-23,1.0,0.0,47.93,47.93
501928,10349,2019,2024-07-01,2.0,0.15,47.93,81.48
501929,10442,2024,2024-04-16,3.0,0.0,135.89,407.67
501930,10014,2004,2024-07-10,1.0,0.15,83.99,71.39
501931,10164,2001,2024-05-17,1.0,0.05,50.2,47.69
501932,10420,2002,2025-12-01,1.0,0.0,16.22,16.22
501933,10757,2013,2024-04-30,1.0,0.05,111.92,106.32
501934,10847,2030,2024-03-13,1.0,0.15,51.91,44.12
501935,10520,2026,2024-05-11,1.0,0.0,74.85,74.85
501936,10666,2029,2025-04-02,2.0,0.0,107.84,215.68
501937,10548,2013,2025-04-24,3.0,0.05,111.92,318.97
501938,10560,2030,2024-02-22,1.0,0.0,51.91,51.91
501939,10597,2002,2025-07-28,2.0,0.0,16.22,32.44
501940,10028,2030,2024-04-29,1.0,0.1,51.91,46.72
501941,10708,2019,2024-09-21,3.0,0.0,47.93,143.79
501942,10446,2022,2024-08-27,3.0,0.0,48.42,145.26
501943,10208,2024,2024-12-17,1.0,0.0,135.89,135.89
501944,10470,2016,2024-09-12,1.0,0.0,76.81,76.81
501945,10716,2012,2025-11-16,3.0,0.1,93.71,253.02
501946,10976,2001,2024-11-05,1.0,0.1,50.2,45.18
501947,10819,2009,2025-08-30,2.0,0.0,33.82,67.64
501948,10104,2017,2025-05-10,2.0,0.05,68.24,129.66
501949,10742,2010,2024-02-27,2.0,0.0,91.83,183.66
501950,10426,2018,2025-02-07,1.0,0.1,132.04,118.84
501951,10101,2019,2024-03-08,3.0,0.0,47.93,143.79
501952,10541,2007,2024-02-16,2.0,0.0,92.1,184.2
501953,10639,2025,2025-08-29,1.0,0.05,145.48,138.21
501954,10850,2019,2025-10-12,2.0,0.0,47.93,95.86
501955,10522,2024,2025-01-04,1.0,0.1,135.89,122.3
501956,10106,2015,2025-08-28,1.0,0.0,27.47,27.47
501957,10679,2009,2024-08-20,2.0,0.0,33.82,67.64
501958,10978,2010,2025-02-06,2.0,0.0,91.83,183.66
501959,10769,2023,2025-07-15,2.0,0.0,61.98,123.96
501960,10807,2020,2024-01-24,2.0,0.0,145.5,291.0
501961,10277,2020,2025-07-28,1.0,0.1,145.5,130.95
501962,10065,2004,2024-09-24,1.0,0.15,83.99,71.39
501963,10783,2006,2024-04-28,2.0,0.0,145.53,291.06
501964,10900,2004,2025-08-23,3.0,0.15,83.99,214.17
501965,10188,2005,2025-08-24,2.0,0.0,75.13,150.26
501966,10317,2009,2024-02-25,2.0,0.05,33.82,64.26
501967,10916,2012,2024-06-02,1.0,0.0,93.71,93.71
501968,10138,2023,2024-08-27,1.0,0.0,61.98,61.98
501969,10343,2008,2024-09-22,1.0,0.0,131.55,131.55
501970,10105,2021,2024-09-25,2.0,0.0,144.34,288.68
501971,10546,2005,2024-04-23,2.0,0.0,75.13,150.26
501972,10380,2029,2024-06-15,1.0,0.0,107.84,107.84
501973,10110,2011,2025-10-30,2.0,0.0,132.17,264.34
501974,10944,2023,2024-01-09,2.0,0.05,61.98,117.76
501975,10545,2011,2025-12-15,3.0,0.0,132.17,396.51
501976,10354,2013,2024-08-05,1.0,0.15,111.92,95.13
501977,10743,2014,2025-03-07,2.0,0.0,65.22,130.44
501978,10317,2028,2024-10-19,1.0,0.0,86.01,86.01
501979,10266,2008,2024-02-20,2.0,0.1,131.55,236.79
501980,10694,2025,2024-04-17,1.0,0.15,145.48,123.66
501981,10852,2030,2024-01-10,1.0,0.0,51.91,51.91
501982,10065,2018,2025-12-01,2.0,0.0,132.04,264.08
501983,10333,2019,2025-04-01,1.0,0.0,47.93,47.93
501984,10513,2012,2024-11-19,3.0,0.1,93.71,253.02
501985,10133,2012,2024-11-05,1.0,0.0,93.71,93.71
501986,10592,2018,2025-09-14,1.0,0.1,132.04,118.84
501987,10783,2010,2024-05-25,2.0,0.0,91.83,183.66
501988,10753,2007,2025-02-16,1.0,0.1,92.1,82.89
501989,10540,2028,2024-04-24,1.0,0.0,86.01,86.01
501990,10735,2018,2025-07-29,1.0,0.0,132.04,132.04
501991,10535,2012,2025-02-03,1.0,0.0,93.71,93.71
501992,10496,2014,2024-10-02,1.0,0.05,65.22,61.96
501993,10621,2015,2024-05-04,1.0,0.1,27.47,24.72
501994,10619,2016,2024-03-27,2.0,0.1,76.81,138.26
501995,10657,2002,2025-08-05,1.0,0.1,16.22,14.6
501996,10369,2030,2024-02-17,2.0,0.15,51.91,88.25
501997,10866,2030,2025-12-12,2.0,0.0,51.91,103.82
501998,10909,2018,2024-07-20,2.0,0.15,132.04,224.47
501999,10910,2012,2024-10-03,2.0,0.0,93.71,187.42
502000,10651,2016,2025-07-03,1.0,0.05,76.81,72.97
502001,10796,2013,2025-12-16,1.0,0.0,111.92,111.92
502002,10810,2020,2024-05-10,2.0,0.0,145.5,291.0
502003,10992,2017,2025-03-24,3.0,0.0,68.24,204.72
502004,10099,2018,2025-01-24,2.0,0.05,132.04,250.88
502005,10317,2003,2025-07-30,1.0,0.1,102.51,92.26
502006,10123,2023,2024-09-20,1.0,0.15,61.98,52.68
502007,10320,2010,2025-09-24,1.0,0.1,91.83,82.65
502008,10799,2001,2024-10-05,1.0,0.0,50.2,50.2
502009,10593,2006,2025-12-15,1.0,0.15,145.53,123.7
502010,10495,2003,2024-02-16,2.0,0.1,102.51,184.52
502011,10457,2019,2024-06-17,1.0,0.0,47.93,47.93
502012,10522,2004,2025-03-21,2.0,0.1,83.99,151.18
502013,10520,2029,2025-09-14,1.0,0.15,107.84,91.66
502014,10917,2020,2024-02-16,2.0,0.0,145.5,291.0
502015,10717,2023,2025-12-25,1.0,0.0,61.98,61.98
502016,10315,2003,2025-06-24,2.0,0.0,102.51,205.02
502017,10946,2008,2024-03-28,2.0,0.0,131.55,263.1
502018,10709,2008,2025-01-20,3.0,0.15,131.55,335.45
502019,10710,2027,2025-10-31,1.0,0.15,58.32,49.57
502020,10542,2029,2024-09-22,1.0,0.1,107.84,97.06
502021,10479,2007,2024-01-23,1.0,0.0,92.1,92.1
502022,10913,2002,2025-12-04,1.0,0.0,16.22,16.22
502023,10971,2021,2025-03-26,2.0,0.0,144.34,288.68
502024,10020,2006,2024-08-20,2.0,0.0,145.53,291.06
502025,10560,2028,2024-07-05,2.0,0.1,86.01,154.82
502026,10969,2016,2024-11-22,1.0,0.0,76.81,76.81
502027,10130,2010,2024-07-02,2.0,0.0,91.83,183.66
502028,10293,2004,2025-02-01,2.0,0.1,83.99,151.18
502029,10897,2013,2025-04-26,1.0,0.05,111.92,106.32
502030,10132,2010,2025-02-07,1.0,0.0,91.83,91.83
502031,10356,2021,2025-04-08,1.0,0.05,144.34,137.12
502032,10054,2014,2025-02-21,2.0,0.0,65.22,130.44
502033,10890,2009,2024-07-21,3.0,0.1,33.82,91.31
502034,10793,2011,2024-03-06,1.0,0.0,132.17,132.17
502035,10387,2023,2025-07-09,2.0,0.1,61.98,111.56
502036,10265,2018,2024-01-18,1.0,0.0,132.04,132.04
502037,10982,2011,2024-07-02,2.0,0.0,132.17,264.34
502038,10215,2017,2025-01-26,1.0,0.0,68.24,68.24
502039,10460,2002,2024-02-14,2.0,0.0,16.22,32.44
502040,10458,2003,2025-12-01,2.0,0.15,102.51,174.27
502041,10802,2011,2025-04-27,2.0,0.0,132.17,264.34
502042,10043,2018,2024-09-20,2.0,0.15,132.04,224.47
502043,10586,2027,2024-06-23,2.0,0.1,58.32,104.98
502044,10862,2003,2025-03-17,1.0,0.1,102.51,92.26
502045,10278,2026,2025-07-20,2.0,0.1,74.85,134.73
502046,10838,2015,2024-08-08,2.0,0.0,27.47,54.94
502047,10754,2011,2025-07-12,3.0,0.1,132.17,356.86
502048,10130,2011,2025-01-29,3.0,0.15,132.17,337.03
502049,10350,2028,2024-07-14,1.0,0.15,86.01,73.11
502050,10706,2030,2025-02-13,1.0,0.0,51.91,51.91
502051,10544,2028,2025-04-16,3.0,0.05,86.01,245.13
502052,10106,2025,2024-12-13,1.0,0.0,145.48,145.48
502053,10912,2020,2025-04-07,2.0,0.1,145.5,261.9
502054,10716,2028,2024-03-02,1.0,0.0,86.01,86.01
502055,10001,2025,2024-06-15,1.0,0.0,145.48,145.48
502056,10757,2011,2025-11-03,2.0,0.1,132.17,237.91
502057,10584,2019,2024-05-31,1.0,0.05,47.93,45.53
502058,10432,2028,2024-04-21,3.0,0.15,86.01,219.33
502059,10306,2001,2025-05-03,1.0,0.1,50.2,45.18
502060,10909,2027,2025-07-03,2.0,0.0,58.32,116.64
502061,10527,2005,2024-01-04,2.0,0.0,75.13,150.26
502062,10053,2010,2025-04-28,1.0,0.05,91.83,87.24
502063,10940,2010,2024-01-14,2.0,0.1,91.83,165.29
502064,10520,2014,2024-06-11,3.0,0.0,65.22,195.66
502065,10330,2002,2024-12-10,1.0,0.1,16.22,14.6
502066,10558,2004,2025-03-25,1.0,0.05,83.99,79.79
502067,10325,2002,2024-11-28,1.0,0.0,16.22,16.22
502068,10114,2018,2024-09-21,1.0,0.15,132.04,112.23
502069,10147,2013,2024-03-24,3.0,0.15,111.92,285.4
502070,10166,2019,2024-11-30,2.0,0.05,47.93,91.07
502071,10379,2005,2025-01-15,2.0,0.0,75.13,150.26
502072,10139,2020,2024-08-07,1.0,0.15,145.5,123.68
502073,10629,2002,2025-10-20,1.0,0.1,16.22,14.6
502074,10299,2011,2025-03-30,2.0,0.0,132.17,264.34
502075,10276,2030,2025-11-04,2.0,0.0,51.91,103.82
502076,10916,2030,2024-03-30,1.0,0.15,51.91,44.12
502077,10789,2026,2024-11-29,3.0,0.05,74.85,213.32
502078,10850,2018,2024-11-06,1.0,0.05,132.04,125.44
502079,10825,2030,2025-12-28,1.0,0.05,51.91,49.31
502080,10178,2006,2025-02-24,1.0,0.0,145.53,145.53
502081,10842,2023,2025-09-01,2.0,0.0,61.98,123.96
502082,10354,2028,2025-12-26,1.0,0.0,86.01,86.01
502083,10154,2010,2024-12-20,1.0,0.0,91.83,91.83
502084,10926,2022,2024-04-10,1.0,0.05,48.42,46.0
502085,10201,2023,2024-05-25,1.0,0.0,61.98,61.98
502086,10878,2017,2024-01-11,1.0,0.0,68.24,68.24
502087,10115,2022,2024-02-14,3.0,0.05,48.42,138.0
502088,10671,2011,2025-01-21,1.0,0.0,132.17,132.17
502089,10554,2019,2025-05-10,2.0,0.05,47.93,91.07
502090,10759,2017,2025-05-08,1.0,0.0,68.24,68.24
502091,10068,2024,2024-06-18,2.0,0.1,135.89,244.6
502092,10445,2004,2025-10-04,1.0,0.0,83.99,83.99
502093,10445,2026,2025-06-15,1.0,0.1,74.85,67.36
502094,10326,2024,2024-12-02,1.0,0.0,135.89,135.89
502095,10846,2026,2025-05-28,2.0,0.0,74.85,149.7
502096,10708,2014,2024-05-10,2.0,0.0,65.22,130.44
502097,10602,2027,2025-06-23,2.0,0.0,58.32,116.64
502098,10623,2020,2025-05-29,2.0,0.15,145.5,247.35
502099,10880,2004,2024-09-07,1.0,0.15,83.99,71.39
502100,10359,2028,2024-05-18,1.0,0.1,86.01,77.41
502101,10145,2014,2024-10-02,2.0,0.0,65.22,130.44
502102,10275,2026,2025-04-09,1.0,0.15,74.85,63.62
502103,10509,2004,2024-05-21,1.0,0.0,83.99,83.99
502104,10179,2006,2024-09-13,1.0,0.15,145.53,123.7
502105,10753,2030,2025-04-01,1.0,0.15,51.91,44.12
502106,10838,2009,2025-03-10,1.0,0.05,33.82,32.13
502107,10831,2021,2025-08-30,3.0,0.15,144.34,368.07
502108,10477,2012,2024-06-22,1.0,0.0,93.71,93.71
502109,10843,2029,2025-04-18,1.0,0.15,107.84,91.66
502110,10976,2026,2025-02-27,2.0,0.0,74.85,149.7
502111,10414,2030,2025-03-15,2.0,0.15,51.91,88.25
502112,10153,2008,2024-02-27,1.0,0.0,131.55,131.55
502113,10104,2024,2025-05-13,2.0,0.15,135.89,231.01
502114,10075,2004,2025-09-06,2.0,0.1,83.99,151.18
502115,10128,2027,2024-06-18,1.0,0.05,58.32,55.4
502116,10711,2026,2025-08-05,3.0,0.0,74.85,224.55
502117,10666,2025,2025-07-15,2.0,0.15,145.48,247.32
502118,10568,2025,2025-03-04,1.0,0.15,145.48,123.66
502119,10790,2005,2025-02-23,1.0,0.0,75.13,75.13
502120,10345,2006,2024-12-13,1.0,0.0,145.53,145.53
502121,10531,2005,2025-06-01,1.0,0.1,75.13,67.62
502122,10159,2019,2025-03-31,1.0,0.05,47.93,45.53
502123,10538,2027,2025-12-15,1.0,0.0,58.32,58.32
502124,10426,2008,2024-07-21,1.0,0.0,131.55,131.55
502125,10681,2009,2024-06-28,1.0,0.0,33.82,33.82
502126,10996,2015,2024-02-27,1.0,0.1,27.47,24.72
502127,10023,2004,2025-11-29,2.0,0.1,83.99,151.18
502128,10047,2025,2025-08-27,2.0,0.15,145.48,247.32
502129,10525,2009,2025-05-16,2.0,0.05,33.82,64.26
502130,10729,2007,2024-04-22,3.0,0.0,92.1,276.3
502131,10834,2008,2024-05-28,2.0,0.0,131.55,263.1
502132,10706,2015,2025-12-16,3.0,0.15,27.47,70.05
502133,10144,2019,2025-01-13,2.0,0.05,47.93,91.07
502134,10585,2015,2024-12-14,1.0,0.05,27.47,26.1
502135,10668,2005,2024-12-24,2.0,0.05,75.13,142.75
502136,10589,2019,2024-02-26,2.0,0.0,47.93,95.86
502137,10419,2007,2024-11-12,3.0,0.05,92.1,262.48
502138,10681,2006,2024-07-04,2.0,0.0,145.53,291.06
502139,10973,2027,2024-02-24,1.0,0.1,58.32,52.49
502140,10799,2019,2024-02-07,2.0,0.05,47.93,91.07
502141,10085,2025,2025-12-24,1.0,0.0,145.48,145.48
502142,10416,2028,2024-09-27,1.0,0.0,86.01,86.01
502143,10694,2017,2025-05-23,1.0,0.0,68.24,68.24
502144,10482,2010,2024-08-16,1.0,0.0,91.83,91.83
502145,10456,2019,2025-03-04,1.0,0.15,47.93,40.74
502146,10827,2011,2025-12-24,1.0,0.0,132.17,132.17
502147,10297,2015,2024-01-02,2.0,0.0,27.47,54.94
502148,10112,2010,2024-01-24,1.0,0.0,91.83,91.83
502149,10962,2011,2025-05-18,2.0,0.1,132.17,237.91
502150,10230,2023,2025-03-24,1.0,0.15,61.98,52.68
502151,10096,2003,2025-05-11,2.0,0.15,102.51,174.27
502152,10950,2030,2025-03-01,1.0,0.0,51.91,51.91
502153,10680,2003,2025-12-01,2.0,0.0,102.51,205.02
502154,10378,2018,2024-01-19,1.0,0.0,132.04,132.04
502155,10156,2025,2025-03-21,1.0,0.15,145.48,123.66
502156,10421,2011,2025-07-15,3.0,0.0,132.17,396.51
502157,10105,2020,2025-07-13,2.0,0.15,145.5,247.35
502158,10705,2026,2025-09-19,2.0,0.05,74.85,142.21
502159,10330,2029,2024-02-09,1.0,0.0,107.84,107.84
502160,10439,2022,2025-12-30,3.0,0.15,48.42,123.47
502161,10132,2018,2024-07-29,1.0,0.0,132.04,132.04
502162,10867,2025,2024-07-30,2.0,0.15,145.48,247.32
502163,10382,2015,2025-07-19,1.0,0.0,27.47,27.47
502164,10138,2007,2024-10-08,2.0,0.0,92.1,184.2
502165,10943,2010,2024-05-13,1.0,0.0,91.83,91.83
502166,10843,2021,2025-03-25,1.0,0.0,144.34,144.34
502167,10270,2023,2024-09-21,1.0,0.0,61.98,61.98
502168,10550,2030,2024-04-21,2.0,0.1,51.91,93.44
502169,10396,2020,2025-07-09,1.0,0.0,145.5,145.5
502170,10557,2029,2024-08-26,1.0,0.0,107.84,107.84
502171,10913,2010,2025-04-02,3.0,0.0,91.83,275.49
502172,10464,2013,2025-05-31,2.0,0.0,111.92,223.84
502173,10675,2015,2024-06-22,1.0,0.0,27.47,27.47
502174,10450,2023,2024-07-12,2.0,0.0,61.98,123.96
502175,10331,2018,2025-05-30,2.0,0.0,132.04,264.08
502176,10253,2023,2025-07-22,1.0,0.0,61.98,61.98
502177,10681,2004,2025-02-13,1.0,0.05,83.99,79.79
502178,10963,2020,2025-11-19,1.0,0.0,145.5,145.5
502179,10285,2017,2025-09-20,1.0,0.0,68.24,68.24
502180,10274,2028,2024-03-25,1.0,0.0,86.01,86.01
502181,10020,2003,2025-11-02,2.0,0.1,102.51,184.52
502182,10239,2021,2024-03-21,1.0,0.1,144.34,129.91
502183,10270,2021,2025-08-01,1.0,0.0,144.34,144.34
502184,10418,2002,2024-07-28,3.0,0.0,16.22,48.66
502185,10945,2004,2025-06-06,2.0,0.15,83.99,142.78
502186,10310,2001,2024-07-18,2.0,0.15,50.2,85.34
502187,10031,2015,2025-07-25,1.0,0.1,27.47,24.72
502188,10826,2025,2024-08-22,3.0,0.0,145.48,436.44
502189,10104,2001,2024-09-01,3.0,0.15,50.2,128.01
502190,10682,2006,2025-01-28,1.0,0.05,145.53,138.25
502191,10186,2007,2025-07-20,1.0,0.0,92.1,92.1
502192,10128,2019,2025-03-22,1.0,0.1,47.93,43.14
502193,10210,2012,2025-01-28,3.0,0.1,93.71,253.02
502194,10414,2001,2024-01-10,1.0,0.0,50.2,50.2
502195,10281,2007,2025-09-05,2.0,0.0,92.1,184.2
502196,10959,2019,2025-12-16,1.0,0.1,47.93,43.14
502197,10253,2013,2024-06-02,3.0,0.1,111.92,302.18
502198,10019,2026,2024-04-20,2.0,0.15,74.85,127.24
502199,10712,2012,2024-09-23,1.0,0.05,93.71,89.02
502200,10732,2012,2025-01-08,2.0,0.0,93.71,187.42
502201,10136,2022,2024-06-01,2.0,0.0,48.42,96.84
502202,10223,2013,2025-08-18,1.0,0.05,111.92,106.32
502203,10003,2028,2025-02-19,1.0,0.0,86.01,86.01
502204,10963,2014,2025-10-08,1.0,0.0,65.22,65.22
502205,10236,2022,2024-11-22,2.0,0.1,48.42,87.16
502206,10854,2030,2025-11-03,3.0,0.15,51.91,132.37
502207,10465,2012,2025-07-05,3.0,0.05,93.71,267.07
502208,10228,2020,2024-06-25,2.0,0.0,145.5,291.0
502209,10913,2012,2025-06-09,1.0,0.0,93.71,93.71
502210,10654,2027,2024-11-11,1.0,0.0,58.32,58.32
502211,10499,2006,2024-03-08,1.0,0.0,145.53,145.53
502212,10521,2027,2025-07-07,1.0,0.1,58.32,52.49
502213,10702,2010,2024-07-03,1.0,0.1,91.83,82.65
502214,10862,2020,2024-02-05,2.0,0.0,145.5,291.0
502215,10917,2029,2025-05-20,1.0,0.0,107.84,107.84
502216,10972,2024,2024-03-17,1.0,0.0,135.89,135.89
502217,10677,2009,2025-04-17,1.0,0.0,33.82,33.82
502218,10992,2002,2025-08-05,1.0,0.1,16.22,14.6
502219,10139,2007,2025-06-07,2.0,0.0,92.1,184.2
502220,10276,2009,2024-10-10,1.0,0.0,33.82,33.82
502221,10291,2025,2025-06-20,1.0,0.0,145.48,145.48
502222,10053,2012,2024-10-01,3.0,0.0,93.71,281.13
502223,10687,2005,2025-06-23,2.0,0.0,75.13,150.26
502224,10110,2001,2024-02-24,1.0,0.0,50.2,50.2
502225,10715,2022,2024-02-25,2.0,0.1,48.42,87.16
502226,10948,2015,2024-10-04,3.0,0.1,27.47,74.17
502227,10648,2008,2025-03-19,1.0,0.0,131.55,131.55
502228,10004,2001,2025-02-22,1.0,0.0,50.2,50.2
502229,10667,2018,2025-09-24,1.0,0.05,132.04,125.44
502230,10684,2013,2024-08-13,1.0,0.15,111.92,95.13
502231,10936,2029,2025-07-24,1.0,0.15,107.84,91.66
502232,10870,2001,2024-09-12,2.0,0.05,50.2,95.38
502233,10047,2005,2024-06-25,1.0,0.0,75.13,75.13
502234,10094,2018,2025-07-20,3.0,0.15,132.04,336.7
502235,10940,2016,2024-05-26,1.0,0.15,76.81,65.29
502236,10560,2026,2025-10-26,1.0,0.05,74.85,71.11
502237,10752,2010,2025-01-20,2.0,0.05,91.83,174.48
502238,10859,2030,2024-09-19,1.0,0.0,51.91,51.91
502239,10213,2004,2025-06-15,2.0,0.0,83.99,167.98
502240,10436,2001,2025-01-06,3.0,0.1,50.2,135.54
502241,10852,2023,2025-11-14,2.0,0.0,61.98,123.96
502242,10508,2008,2024-07-16,3.0,0.15,131.55,335.45
502243,10836,2005,2025-08-08,1.0,0.1,75.13,67.62
502244,10651,2002,2025-08-20,2.0,0.0,16.22,32.44
502245,10205,2024,2024-10-11,1.0,0.0,135.89,135.89
502246,10381,2017,2024-10-29,1.0,0.05,68.24,64.83
502247,10073,2007,2024-05-12,1.0,0.1,92.1,82.89
502248,10516,2017,2024-04-30,1.0,0.0,68.24,68.24
502249,10076,2028,2025-12-29,1.0,0.05,86.01,81.71
502250,10841,2006,2024-05-16,1.0,0.0,145.53,145.53
502251,10077,2029,2025-09-20,1.0,0.1,107.84,97.06
502252,10816,2022,2025-07-27,1.0,0.0,48.42,48.42
502253,10768,2015,2025-06-13,2.0,0.15,27.47,46.7
502254,10410,2005,2024-02-04,3.0,0.0,75.13,225.39
502255,10614,2015,2025-06-16,2.0,0.05,27.47,52.19
502256,10106,2018,2024-07-27,2.0,0.0,132.04,264.08
502257,10845,2018,2025-11-05,3.0,0.15,132.04,336.7
502258,10551,2025,2024-10-26,2.0,0.05,145.48,276.41
502259,10476,2021,2025-06-06,2.0,0.05,144.34,274.25
502260,10826,2021,2024-04-04,1.0,0.15,144.34,122.69
502261,10275,2023,2025-02-18,1.0,0.05,61.98,58.88
502262,10088,2006,2025-01-06,2.0,0.1,145.53,261.95
502263,10723,2002,2025-02-13,1.0,0.0,16.22,16.22
502264,10881,2027,2025-01-18,1.0,0.0,58.32,58.32
502265,10077,2017,2025-03-17,2.0,0.0,68.24,136.48
502266,10077,2021,2025-03-23,1.0,0.0,144.34,144.34
502267,10442,2004,2025-09-11,1.0,0.05,83.99,79.79
502268,10540,2012,2025-09-09,2.0,0.0,93.71,187.42
502269,10245,2019,2024-03-12,2.0,0.0,47.93,95.86
502270,10578,2002,2024-03-25,1.0,0.0,16.22,16.22
502271,10778,2026,2024-07-28,1.0,0.05,74.85,71.11
502272,10382,2002,2024-09-16,2.0,0.1,16.22,29.2
502273,10982,2014,2024-08-27,2.0,0.15,65.22,110.87
502274,10717,2015,2024-10-29,3.0,0.05,27.47,78.29
502275,10570,2020,2024-08-20,2.0,0.05,145.5,276.45
502276,10713,2002,2024-10-09,1.0,0.0,16.22,16.22
502277,10737,2004,2025-01-29,1.0,0.15,83.99,71.39
502278,10142,2019,2025-02-22,3.0,0.1,47.93,129.41
502279,10893,2009,2024-07-25,3.0,0.0,33.82,101.46
502280,10368,2007,2024-09-21,1.0,0.15,92.1,78.28
502281,10084,2030,2024-11-07,2.0,0.1,51.91,93.44
502282,10143,2013,2025-11-28,2.0,0.05,111.92,212.65
502283,10352,2027,2025-09-18,2.0,0.05,58.32,110.81
502284,10545,2012,2024-03-20,2.0,0.05,93.71,178.05
502285,10913,2003,2024-12-08,1.0,0.05,102.51,97.38
502286,10152,2013,2025-07-16,2.0,0.05,111.92,212.65
502287,10158,2015,2024-04-05,2.0,0.15,27.47,46.7
502288,10446,2014,2024-12-17,3.0,0.15,65.22,166.31
502289,10653,2024,2024-03-03,1.0,0.15,135.89,115.51
502290,10958,2009,2024-05-22,1.0,0.1,33.82,30.44
502291,10763,2013,2024-04-21,1.0,0.05,111.92,106.32
502292,10303,2023,2025-09-08,1.0,0.0,61.98,61.98
502293,10624,2022,2025-06-11,1.0,0.15,48.42,41.16
502294,10656,2004,2025-11-02,2.0,0.0,83.99,167.98
502295,10450,2021,2024-06-06,1.0,0.0,144.34,144.34
502296,10721,2008,2025-06-23,1.0,0.0,131.55,131.55
502297,10224,2003,2025-08-20,1.0,0.15,102.51,87.13
502298,10043,2002,2024-01-10,2.0,0.0,16.22,32.44
502299,10264,2019,2024-10-03,3.0,0.0,47.93,143.79
502300,10756,2028,2024-08-15,2.0,0.1,86.01,154.82
502301,10003,2023,2024-07-05,1.0,0.0,61.98,61.98
502302,10637,2008,2025-08-14,2.0,0.05,131.55,249.95
502303,10268,2017,2024-08-04,2.0,0.15,68.24,116.01
502304,10596,2013,2025-03-09,1.0,0.15,111.92,95.13
502305,10016,2007,2025-07-23,1.0,0.05,92.1,87.49
502306,10334,2009,2025-10-18,2.0,0.1,33.82,60.88
502307,10464,2012,2024-12-22,1.0,0.0,93.71,93.71
502308,10059,2029,2025-01-27,1.0,0.15,107.84,91.66
502309,10177,2014,2025-08-02,,0.0,65.22,195.66
502310,10063,2014,2024-10-02,1.0,0.0,65.22,65.22
502311,10958,2015,2025-05-09,1.0,0.0,27.47,27.47
502312,10561,2003,2025-09-09,2.0,0.15,102.51,174.27
502313,10307,2015,2025-03-27,1.0,0.1,27.47,24.72
502314,10246,2019,2025-02-24,1.0,0.0,47.93,47.93
502315,10289,2024,2025-12-01,2.0,0.0,135.89,271.78
502316,10798,2020,2024-06-13,2.0,0.0,145.5,291.0
502317,10955,2014,2025-07-17,1.0,0.0,65.22,65.22
502318,10332,2008,2025-09-30,3.0,0.0,131.55,394.65
502319,10527,2005,2025-08-15,3.0,0.0,75.13,225.39
502320,10850,2030,2024-07-02,1.0,0.0,51.91,51.91
502321,10255,2019,2024-11-06,1.0,0.05,47.93,45.53
502322,10604,2004,2024-01-18,1.0,0.0,83.99,83.99
502323,10510,2014,2025-03-22,2.0,0.15,65.22,110.87
502324,10791,2016,2024-06-19,1.0,0.0,76.81,76.81
502325,10718,2020,2024-10-07,3.0,0.15,145.5,371.02
502326,10606,2024,2024-12-06,1.0,0.0,135.89,135.89
502327,10737,2006,2025-12-27,2.0,0.0,145.53,291.06
502328,10813,2023,2025-12-11,1.0,0.1,61.98,55.78
502329,10830,2025,2025-06-03,2.0,0.15,145.48,247.32
502330,10463,2006,2024-01-12,1.0,0.05,145.53,138.25
502331,10199,2003,2025-06-08,2.0,0.0,102.51,205.02
502332,10271,2015,2025-09-14,2.0,0.05,27.47,52.19
502333,10746,2029,2024-05-13,2.0,0.0,107.84,215.68
502334,10558,2003,2025-10-02,2.0,0.0,102.51,205.02
502335,10064,2011,2024-05-28,1.0,0.1,132.17,118.95
502336,10230,2003,2025-07-20,3.0,0.05,102.51,292.15
502337,10942,2028,2024-03-20,2.0,0.0,86.01,172.02
502338,10952,2010,2024-12-12,2.0,0.1,91.83,165.29
502339,10249,2018,2025-09-01,1.0,0.0,132.04,132.04
502340,10246,2001,2024-09-06,3.0,0.0,50.2,150.6
502341,10940,2016,2025-10-01,1.0,0.0,76.81,76.81
502342,10587,2016,2025-06-26,1.0,0.0,76.81,76.81
502343,10157,2027,2024-01-25,1.0,0.1,58.32,52.49
502344,10735,2010,2025-04-16,1.0,0.05,91.83,87.24
502345,10702,2001,2024-07-20,1.0,0.0,50.2,50.2
502346,10985,2004,2024-05-11,2.0,0.0,83.99,167.98
502347,10564,2003,2025-09-26,1.0,0.0,102.51,102.51
502348,10950,2005,2024-12-22,3.0,0.0,75.13,225.39
502349,10088,2012,2024-05-30,1.0,0.15,93.71,79.65
502350,10313,2025,2025-06-10,1.0,0.0,145.48,145.48
502351,10851,2012,2024-10-31,3.0,0.0,93.71,281.13
502352,10066,2013,2025-06-25,1.0,0.0,111.92,111.92
502353,10662,2024,2024-02-20,3.0,0.05,135.89,387.29
502354,10020,2012,2025-04-09,2.0,0.15,93.71,159.31
502355,10033,2025,2024-08-28,1.0,0.05,145.48,138.21
502356,10840,2016,2025-04-27,3.0,0.1,76.81,207.39
502357,10793,2013,2025-03-31,3.0,0.1,111.92,302.18
502358,10558,2005,2024-10-10,2.0,0.05,75.13,142.75
502359,10073,2024,2024-12-01,2.0,0.0,135.89,271.78
502360,10866,2004,2024-12-18,2.0,0.15,83.99,142.78
502361,10825,2021,2025-10-30,2.0,0.1,144.34,259.81
502362,10343,2015,2025-10-11,2.0,0.0,27.47,54.94
502363,10133,2012,2024-11-23,1.0,0.05,93.71,89.02
502364,10055,2019,2024-12-02,2.0,0.0,47.93,95.86
502365,10061,2021,2025-10-28,2.0,0.0,144.34,288.68
502366,10857,2028,2024-03-22,2.0,0.0,86.01,172.02
502367,10520,2019,2024-03-28,2.0,0.05,47.93,91.07
502368,10272,2021,2024-09-15,1.0,0.0,144.34,144.34
502369,10246,2011,2024-07-04,2.0,0.0,132.17,264.34
502370,10176,2030,2025-11-23,2.0,0.15,51.91,88.25
502371,10628,2021,2025-11-29,3.0,0.1,144.34,389.72
502372,10317,2006,2024-05-03,2.0,0.15,145.53,247.4
502373,10783,2009,2024-04-06,1.0,0.0,33.82,33.82
502374,10705,2001,2025-08-28,3.0,0.15,50.2,128.01
502375,10662,2012,2025-05-30,2.0,0.0,93.71,187.42
502376,10131,2026,2025-03-19,1.0,0.1,74.85,67.36
502377,10102,2014,2025-05-29,1.0,0.0,65.22,65.22
502378,10310,2006,2025-01-06,3.0,0.05,145.53,414.76
502379,10782,2001,2024-11-01,1.0,0.0,50.2,50.2
502380,10292,2022,2024-12-23,2.0,0.1,48.42,87.16
502381,10722,2002,2024-05-28,3.0,0.05,16.22,46.23
502382,10495,2024,2024-10-12,2.0,0.0,135.89,271.78
502383,10361,2011,2025-10-19,3.0,0.0,132.17,396.51
502384,10338,2003,2024-09-19,2.0,0.0,102.51,205.02
502385,10579,2010,2025-07-28,2.0,0.0,91.83,183.66
502386,10010,2030,2025-05-06,1.0,0.1,51.91,46.72
502387,10049,2006,2024-02-01,2.0,0.05,145.53,276.51
502388,10487,2006,2025-12-03,3.0,0.0,145.53,436.59
502389,10623,2020,2024-09-25,3.0,0.0,145.5,436.5
502390,10321,2021,2024-01-13,2.0,0.05,144.34,274.25
502391,10731,2002,2024-07-10,1.0,0.0,16.22,16.22
502392,10569,2026,2025-02-04,1.0,0.05,74.85,71.11
502393,10795,2026,2025-06-21,1.0,0.15,74.85,63.62
502394,10971,2024,2024-04-01,2.0,0.0,135.89,271.78
502395,10625,2010,2025-08-23,2.0,0.05,91.83,174.48
502396,10133,2023,2025-05-16,3.0,0.0,61.98,185.94
502397,10583,2026,2024-10-28,2.0,0.1,74.85,134.73
502398,10083,2006,2024-04-21,2.0,0.15,145.53,247.4
502399,10057,2023,2024-03-21,1.0,0.0,61.98,61.98
502400,10376,2028,2025-10-14,2.0,0.0,86.01,172.02
502401,10349,2017,2025-03-09,2.0,0.0,68.24,136.48
502402,10271,2030,2025-02-21,2.0,0.05,51.91,98.63
502403,10483,2014,2024-08-02,1.0,0.0,65.22,65.22
502404,10111,2005,2025-03-23,1.0,0.0,75.13,75.13
502405,10869,2023,2024-01-19,1.0,0.0,61.98,61.98
502406,10887,2017,2024-02-24,1.0,0.1,68.24,61.42
502407,10076,2002,2025-09-01,2.0,0.15,16.22,27.57
502408,10158,2009,2024-08-28,1.0,0.0,33.82,33.82
502409,10532,2012,2025-02-22,1.0,0.15,93.71,79.65
502410,10933,2019,2025-05-01,2.0,0.05,47.93,91.07
502411,10643,2022,2025-03-20,3.0,0.0,48.42,145.26
502412,10329,2007,2025-07-20,1.0,0.15,92.1,78.28
502413,10122,2009,2025-08-22,2.0,0.15,33.82,57.49
502414,10041,2021,2024-05-03,1.0,0.15,144.34,122.69
502415,10167,2016,2025-02-24,1.0,0.15,76.81,65.29
502416,10922,2020,2025-07-20,3.0,0.15,145.5,371.02
502417,10642,2011,2024-08-04,2.0,0.0,132.17,264.34
502418,10023,2012,2025-02-24,3.0,0.05,93.71,267.07
502419,10279,2015,2025-12-10,1.0,0.15,27.47,23.35
502420,10763,2018,2025-07-05,1.0,0.15,132.04,112.23
502421,10469,2019,2024-08-16,1.0,0.05,47.93,45.53
502422,10400,2016,2024-08-25,2.0,0.0,76.81,153.62
502423,10009,2015,2025-10-06,1.0,0.0,27.47,27.47
502424,10013,2005,2024-11-26,1.0,0.0,75.13,75.13
502425,10924,2011,2025-04-14,1.0,0.0,132.17,132.17
502426,10923,2015,2025-11-11,1.0,0.1,27.47,24.72
502427,10819,2029,2025-05-02,2.0,0.0,107.84,215.68
502428,10832,2018,2025-07-03,1.0,0.05,132.04,125.44
502429,10052,2013,2025-08-02,3.0,0.15,111.92,285.4
502430,10209,2004,2025-09-15,1.0,0.05,83.99,79.79
502431,10550,2017,2025-02-19,1.0,0.1,68.24,61.42
502432,10612,2004,2024-08-07,1.0,0.0,83.99,83.99
502433,10705,2016,2025-12-22,1.0,0.0,76.81,76.81
502434,10402,2023,2025-01-16,2.0,0.05,61.98,117.76
502435,10191,2015,2024-03-28,3.0,0.0,27.47,82.41
502436,10051,2014,2025-04-06,1.0,0.0,65.22,65.22
502437,10393,2012,2025-02-15,1.0,0.1,93.71,84.34
502438,10653,2003,2025-11-22,3.0,0.15,102.51,261.4
502439,10680,2010,2025-06-09,3.0,0.0,91.83,275.49
502440,10823,2008,2025-03-23,2.0,0.0,131.55,263.1
502441,10621,2006,2024-10-27,1.0,0.0,145.53,145.53
502442,10719,2022,2025-02-12,3.0,0.0,48.42,145.26
502443,10939,2014,2025-09-29,3.0,0.1,65.22,176.09
502444,10300,2017,2025-01-10,2.0,0.15,68.24,116.01
502445,10622,2021,2024-08-21,3.0,0.15,144.34,368.07
502446,10196,2019,2025-09-30,1.0,0.0,47.93,47.93
502447,10417,2016,2025-10-12,2.0,0.0,76.81,153.62
502448,10664,2015,2024-02-19,2.0,0.0,27.47,54.94
502449,10420,2026,2024-07-05,2.0,0.15,74.85,127.24
502450,10755,2015,2024-07-24,3.0,0.1,27.47,74.17
502451,10640,2001,2024-03-19,2.0,0.0,50.2,100.4
502452,10617,2024,2025-04-26,1.0,0.15,135.89,115.51
502453,10522,2023,2025-01-21,1.0,0.15,61.98,52.68
502454,10356,2023,2024-07-13,2.0,0.05,61.98,117.76
502455,10148,2012,2024-04-13,1.0,0.0,93.71,93.71
502456,10365,2010,2025-09-09,3.0,0.05,91.83,261.72
502457,10364,2014,2025-01-11,1.0,0.05,65.22,61.96
502458,10971,2010,2024-10-14,1.0,0.1,91.83,82.65
502459,10652,2010,2025-04-27,2.0,0.15,91.83,156.11
502460,10702,2020,2025-12-24,1.0,0.0,145.5,145.5
502461,10402,2029,2024-09-07,3.0,0.1,107.84,291.17
502462,10606,2011,2024-07-20,2.0,0.0,132.17,264.34
502463,10492,2022,2025-06-20,1.0,0.0,48.42,48.42
502464,10229,2016,2025-04-06,1.0,0.15,76.81,65.29
502465,10575,2029,2024-10-27,1.0,0.0,107.84,107.84
502466,10852,2009,2025-04-23,2.0,0.0,33.82,67.64
502467,10537,2015,2024-03-24,2.0,0.1,27.47,49.45
502468,10268,2014,2025-04-03,1.0,0.1,65.22,58.7
502469,10405,2019,2025-11-22,1.0,0.05,47.93,45.53
502470,10793,2009,2024-10-25,2.0,0.15,33.82,57.49
502471,10011,2004,2024-12-30,1.0,0.0,83.99,83.99
502472,10320,2021,2025-12-19,3.0,0.15,144.34,368.07
502473,10713,2007,2024-02-10,2.0,0.0,92.1,184.2
502474,10126,2022,2025-09-17,3.0,0.0,48.42,145.26
502475,10306,2026,2024-12-06,2.0,0.15,74.85,127.24
502476,10702,2008,2025-05-31,1.0,0.05,131.55,124.97
502477,10511,2024,2024-04-18,1.0,0.0,135.89,135.89
502478,10089,2008,2024-11-12,1.0,0.0,131.55,131.55
502479,10355,2019,2024-04-24,2.0,0.0,47.93,95.86
502480,10628,2015,2024-06-16,2.0,0.0,27.47,54.94
502481,10352,2016,2024-09-18,2.0,0.05,76.81,145.94
502482,10689,2030,2025-09-10,2.0,0.0,51.91,103.82
502483,10014,2026,2024-08-12,2.0,0.0,74.85,149.7
502484,10257,2022,2024-09-19,1.0,0.1,48.42,43.58
502485,10209,2023,2024-09-08,1.0,0.0,61.98,61.98
502486,10281,2009,2025-06-10,1.0,0.0,33.82,33.82
502487,10443,2026,2025-12-11,2.0,0.1,74.85,134.73
502488,10840,2026,2024-05-06,2.0,0.0,74.85,149.7
502489,10837,2030,2024-07-25,3.0,0.0,51.91,155.73
502490,10389,2012,2024-05-20,2.0,0.1,93.71,168.68
502491,10617,2016,2024-03-03,1.0,0.0,76.81,76.81
502492,10483,2004,2024-10-10,1.0,0.1,83.99,75.59
502493,10147,2005,2024-02-24,1.0,0.0,75.13,75.13
502494,10279,2008,2024-12-12,1.0,0.0,131.55,131.55
502495,10521,2001,2025-06-08,3.0,0.15,50.2,128.01
502496,10630,2028,2024-05-16,3.0,0.05,86.01,245.13
502497,10606,2006,2024-11-26,1.0,0.0,145.53,145.53
502498,10434,2015,2024-05-24,2.0,0.15,27.47,46.7
502499,10144,2004,2025-03-12,3.0,0.0,83.99,251.97
502500,10289,2021,2024-10-09,1.0,0.15,144.34,122.69
502501,10386,2011,2024-05-16,2.0,0.0,132.17,264.34
502502,10014,2005,2025-05-04,1.0,0.1,75.13,67.62
502503,10257,2018,2025-12-22,2.0,0.15,132.04,224.47
502504,10346,2024,2025-02-05,1.0,0.05,135.89,129.1
502505,10698,2015,2025-03-25,1.0,0.0,27.47,27.47
502506,10345,2018,2025-09-27,2.0,0.0,132.04,264.08
502507,10400,2020,2025-09-20,3.0,0.05,145.5,414.67
502508,10207,2028,2025-10-31,2.0,0.0,86.01,172.02
502509,10858,2013,2024-09-27,2.0,0.0,111.92,223.84
502510,10943,2005,2024-01-18,1.0,0.15,75.13,63.86
502511,10172,2030,2024-09-26,2.0,0.1,51.91,93.44
502512,10464,2001,2025-04-27,1.0,0.05,50.2,47.69
502513,10270,2022,2024-08-07,1.0,0.0,48.42,48.42
502514,10221,2018,2024-11-15,1.0,0.1,132.04,118.84
502515,10152,2014,2024-08-26,2.0,0.0,65.22,130.44
502516,10623,2005,2025-06-29,3.0,0.1,75.13,202.85
502517,10183,2006,2024-10-12,2.0,0.0,145.53,291.06
502518,10399,2027,2024-02-07,2.0,0.0,58.32,116.64
502519,10851,2024,2024-04-13,3.0,0.0,135.89,407.67
502520,10072,2025,2025-12-24,2.0,0.0,145.48,290.96
502521,10418,2029,2025-03-06,1.0,0.0,107.84,107.84
502522,10898,2028,2025-10-16,3.0,0.1,86.01,232.23
502523,10283,2016,2024-08-27,2.0,0.0,76.81,153.62
502524,10074,2022,2025-10-07,2.0,0.0,48.42,96.84
502525,10355,2021,2024-05-05,1.0,0.05,144.34,137.12
502526,10727,2012,2025-07-19,3.0,0.1,93.71,253.02
502527,10497,2020,2025-08-23,1.0,0.1,145.5,130.95
502528,10328,2018,2025-09-02,3.0,0.0,132.04,396.12
502529,10988,2002,2025-08-30,1.0,0.0,16.22,16.22
502530,10535,2023,2024-07-07,1.0,0.15,61.98,52.68
502531,10580,2021,2024-09-13,1.0,0.0,144.34,144.34
502532,10910,2023,2025-08-08,2.0,0.1,61.98,111.56
502533,10447,2013,2025-06-14,2.0,0.0,111.92,223.84
502534,10373,2027,2025-11-07,3.0,0.1,58.32,157.46
502535,10362,2017,2025-01-27,2.0,0.0,68.24,136.48
502536,10093,2017,2025-10-20,1.0,0.0,68.24,68.24
502537,10321,2016,2025-04-13,1.0,0.0,76.81,76.81
502538,10324,2021,2024-09-10,3.0,0.1,144.34,389.72
502539,10384,2018,2025-11-03,2.0,0.1,132.04,237.67
502540,10575,2008,2025-07-15,2.0,0.0,131.55,263.1
502541,10736,2030,2024-06-25,3.0,0.0,51.91,155.73
502542,10737,2003,2025-04-11,1.0,0.05,102.51,97.38
502543,10881,2017,2025-07-31,2.0,0.1,68.24,122.83
502544,10346,2029,2024-10-16,3.0,0.05,107.84,307.34
502545,10849,2018,2024-02-20,3.0,0.0,132.04,396.12
502546,10103,2026,2024-01-05,1.0,0.0,74.85,74.85
502547,10215,2026,2025-09-23,1.0,0.05,74.85,71.11
502548,10192,2023,2025-05-15,2.0,0.15,61.98,105.37
502549,10672,2006,2025-11-07,1.0,0.0,145.53,145.53
502550,10884,2028,2024-08-11,3.0,0.05,86.01,245.13
502551,10719,2008,2025-10-30,1.0,0.0,131.55,131.55
502552,10781,2023,2024-09-19,3.0,0.0,61.98,185.94
502553,10194,2030,2025-11-16,2.0,0.0,51.91,103.82
502554,10380,2026,2025-06-19,1.0,0.05,74.85,71.11
502555,10403,2013,2025-01-11,1.0,0.05,111.92,106.32
502556,10664,2008,2024-03-02,1.0,0.05,131.55,124.97
502557,10749,2019,2024-12-22,3.0,0.15,47.93,122.22
502558,10600,2006,2025-10-08,1.0,0.0,145.53,145.53
502559,10011,2029,2024-01-25,2.0,0.15,107.84,183.33
502560,10187,2023,2024-10-20,2.0,0.05,61.98,117.76
502561,10726,2015,2025-07-11,3.0,0.1,27.47,74.17
502562,10015,2010,2025-11-22,1.0,0.05,91.83,87.24
502563,10778,2027,2024-12-22,1.0,0.1,58.32,52.49
502564,10297,2017,2025-07-29,1.0,0.0,68.24,68.24
502565,10411,2001,2024-01-30,1.0,0.1,50.2,45.18
502566,10956,2007,2024-12-23,2.0,0.0,92.1,184.2
502567,10585,2029,2024-12-31,1.0,0.0,107.84,107.84
502568,10052,2027,2025-08-31,1.0,0.15,58.32,49.57
502569,10640,2013,2025-02-13,1.0,0.15,111.92,95.13
502570,10028,2003,2024-09-23,2.0,0.0,102.51,205.02
502571,10577,2019,2024-10-18,2.0,0.0,47.93,95.86
502572,10017,2015,2025-07-21,1.0,0.05,27.47,26.1
502573,10351,2005,2024-06-02,3.0,0.0,75.13,225.39
502574,10428,2011,2024-08-07,1.0,0.0,132.17,132.17
502575,10650,2022,2024-06-22,2.0,0.1,48.42,87.16
502576,10831,2018,2025-08-31,2.0,0.0,132.04,264.08
502577,10229,2003,2025-09-27,1.0,0.15,102.51,87.13
502578,10766,2006,2024-01-13,2.0,0.1,145.53,261.95
502579,10989,2003,2025-05-31,1.0,0.15,102.51,87.13
502580,10210,2030,2024-12-28,2.0,0.0,51.91,103.82
502581,10431,2005,2025-08-02,1.0,0.1,75.13,67.62
502582,10294,2009,2025-10-19,1.0,0.15,33.82,28.75
502583,10743,2028,2025-04-22,2.0,0.0,86.01,172.02
502584,10753,2019,2025-07-31,2.0,0.0,47.93,95.86
502585,10582,2028,2024-03-23,1.0,0.0,86.01,86.01
502586,10104,2027,2025-09-09,2.0,0.15,58.32,99.14
502587,10204,2013,2025-11-24,2.0,0.05,111.92,212.65
502588,10053,2029,2024-12-06,2.0,0.1,107.84,194.11
502589,10974,2006,2025-03-17,1.0,0.0,145.53,145.53
502590,10940,2011,2025-09-09,1.0,0.1,132.17,118.95
502591,10375,2021,2024-08-14,2.0,0.05,144.34,274.25
502592,10842,2021,2025-01-06,1.0,0.05,144.34,137.12
502593,10054,2027,2024-01-29,1.0,0.05,58.32,55.4
502594,10276,2030,2024-01-17,3.0,0.15,51.91,132.37
502595,10335,2014,2024-10-04,2.0,0.0,65.22,130.44
502596,10031,2006,2024-11-29,1.0,0.15,145.53,123.7
502597,10135,2006,2025-04-28,2.0,0.0,145.53,291.06
502598,10058,2017,2025-07-20,3.0,0.0,68.24,204.72
502599,10105,2011,2024-10-15,1.0,0.05,132.17,125.56
502600,10266,2015,2024-04-24,1.0,0.0,27.47,27.47
502601,10522,2009,2024-02-08,1.0,0.0,33.82,33.82
502602,10496,2021,2025-03-30,2.0,0.0,144.34,288.68
502603,10253,2017,2024-06-15,1.0,0.0,68.24,68.24
502604,10295,2024,2025-11-25,1.0,0.0,135.89,135.89
502605,10668,2007,2024-07-24,2.0,0.1,92.1,165.78
502606,10158,2007,2024-09-02,2.0,0.15,92.1,156.57
502607,10549,2030,2024-11-29,3.0,0.05,51.91,147.94
502608,10631,2021,2025-01-31,1.0,0.0,144.34,144.34
502609,10067,2001,2025-05-22,1.0,0.0,50.2,50.2
502610,10754,2025,2024-05-01,3.0,0.15,145.48,370.97
502611,10299,2027,2024-09-16,2.0,0.1,58.32,104.98
502612,10463,2025,2025-12-23,2.0,0.0,145.48,290.96
502613,10725,2008,2025-02-14,1.0,0.1,131.55,118.4
502614,10820,2005,2024-11-06,2.0,0.0,75.13,150.26
502615,10101,2030,2025-12-07,1.0,0.15,51.91,44.12
502616,10056,2019,2024-03-09,1.0,0.15,47.93,40.74
502617,10332,2008,2024-04-24,3.0,0.1,131.55,355.19
502618,10836,2017,2024-08-08,2.0,0.0,68.24,136.48
502619,10751,2019,2024-08-08,1.0,0.05,47.93,45.53
502620,10393,2012,2025-04-18,3.0,0.0,93.71,281.13
502621,10743,2027,2025-12-31,1.0,0.0,58.32,58.32
502622,10874,2023,2025-01-21,1.0,0.0,61.98,61.98
502623,10381,2030,2024-10-25,2.0,0.1,51.91,93.44
502624,10092,2015,2025-08-29,3.0,0.15,27.47,70.05
502625,10791,2004,2024-09-10,2.0,0.0,83.99,167.98
502626,10447,2023,2025-02-09,1.0,0.15,61.98,52.68
502627,10109,2012,2025-05-07,2.0,0.0,93.71,187.42
502628,10317,2027,2024-12-23,1.0,0.15,58.32,49.57
502629,10168,2013,2025-03-04,2.0,0.15,111.92,190.26
502630,10812,2014,2024-08-03,3.0,0.15,65.22,166.31
502631,10982,2005,2025-01-15,1.0,0.15,75.13,63.86
502632,10920,2022,2024-08-02,2.0,0.0,48.42,96.84
502633,10435,2016,2024-04-08,2.0,0.1,76.81,138.26
502634,10442,2030,2025-06-12,1.0,0.0,51.91,51.91
502635,10218,2007,2025-10-28,1.0,0.0,92.1,92.1
502636,10222,2015,2025-06-12,2.0,0.05,27.47,52.19
502637,10673,2013,2025-12-11,2.0,0.1,111.92,201.46
502638,10528,2026,2025-09-12,1.0,0.1,74.85,67.36
502639,10278,2016,2025-06-19,1.0,0.05,76.81,72.97
502640,10569,2012,2025-07-08,1.0,0.0,93.71,93.71
502641,10574,2007,2025-07-03,3.0,0.05,92.1,262.48
502642,10875,2016,2024-11-24,1.0,0.0,76.81,76.81
502643,10466,2023,2024-06-14,1.0,0.0,61.98,61.98
502644,10839,2023,2024-04-26,2.0,0.0,61.98,123.96
502645,10754,2027,2024-05-30,1.0,0.0,58.32,58.32
502646,10602,2013,2025-06-02,1.0,0.0,111.92,111.92
502647,10584,2029,2024-02-02,1.0,0.15,107.84,91.66
502648,10838,2023,2025-10-19,1.0,0.15,61.98,52.68
502649,10030,2003,2024-10-20,3.0,0.05,102.51,292.15
502650,10359,2015,2025-11-20,2.0,0.0,27.47,54.94
502651,10919,2028,2024-06-26,1.0,0.0,86.01,86.01
502652,10288,2003,2024-03-02,1.0,0.0,102.51,102.51
502653,10086,2007,2025-08-12,1.0,0.15,92.1,78.28
502654,10234,2030,2025-02-20,2.0,0.1,51.91,93.44
502655,10747,2018,2025-01-18,1.0,0.1,132.04,118.84
502656,10313,2014,2025-08-21,1.0,0.0,65.22,65.22
502657,10365,2018,2025-12-04,1.0,0.15,132.04,112.23
502658,10777,2019,2024-01-08,2.0,0.0,47.93,95.86
502659,10799,2014,2024-03-26,1.0,0.0,65.22,65.22
502660,10839,2020,2025-02-02,1.0,0.15,145.5,123.68
502661,10905,2006,2025-01-28,2.0,0.0,145.53,291.06
502662,10269,2029,2024-02-17,2.0,0.0,107.84,215.68
502663,10698,2008,2024-12-07,2.0,0.15,131.55,223.64
502664,10131,2026,2025-05-13,2.0,0.05,74.85,142.21
502665,10803,2026,2025-08-29,1.0,0.0,74.85,74.85
502666,10993,2007,2025-04-23,3.0,0.1,92.1,248.67
502667,10789,2020,2025-03-02,2.0,0.0,145.5,291.0
502668,10832,2018,2025-03-02,1.0,0.1,132.04,118.84
502669,10351,2018,2025-05-30,1.0,0.0,132.04,132.04
502670,10180,2015,2024-05-09,3.0,0.0,27.47,82.41
502671,10802,2020,2024-09-06,2.0,0.05,145.5,276.45
502672,10480,2022,2024-05-11,1.0,0.0,48.42,48.42
502673,10889,2019,2025-11-20,1.0,0.0,47.93,47.93
502674,10163,2022,2024-11-19,1.0,0.1,48.42,43.58
502675,10783,2021,2025-06-27,3.0,0.1,144.34,389.72
502676,10888,2021,2024-03-07,1.0,0.0,144.34,144.34
502677,10096,2002,2025-12-19,1.0,0.0,16.22,16.22
502678,10774,2008,2024-04-11,1.0,0.0,131.55,131.55
502679,10510,2021,2024-02-01,2.0,0.15,144.34,245.38
502680,10365,2011,2024-07-10,2.0,0.0,132.17,264.34
502681,10981,2018,2025-08-01,2.0,0.0,132.04,264.08
502682,10353,2023,2025-02-19,1.0,0.0,61.98,61.98
502683,10800,2013,2025-12-15,2.0,0.15,111.92,190.26
502684,10436,2009,2025-05-15,1.0,0.15,33.82,28.75
502685,10083,2009,2025-08-18,2.0,0.1,33.82,60.88
502686,10225,2017,2024-02-16,2.0,0.15,68.24,116.01
502687,10412,2007,2024-03-30,2.0,0.05,92.1,174.99
502688,10735,2009,2025-11-29,1.0,0.1,33.82,30.44
502689,10981,2022,2025-01-10,1.0,0.1,48.42,43.58
502690,10118,2001,2025-12-02,2.0,0.05,50.2,95.38
502691,10482,2002,2024-09-03,1.0,0.1,16.22,14.6
502692,10192,2004,2025-07-12,2.0,0.0,83.99,167.98
502693,10591,2014,2024-09-14,1.0,0.1,65.22,58.7
502694,10590,2004,2024-12-18,1.0,0.05,83.99,79.79
502695,10659,2002,2025-07-27,2.0,0.0,16.22,32.44
502696,10107,2008,2024-04-15,1.0,0.0,131.55,131.55
502697,10382,2018,2024-12-03,1.0,0.0,132.04,132.04
502698,10783,2019,2025-06-10,2.0,0.05,47.93,91.07
502699,10390,2014,2024-10-28,1.0,0.05,65.22,61.96
502700,10244,2020,2024-03-18,2.0,0.0,145.5,291.0
502701,10585,2025,2025-05-26,2.0,0.05,145.48,276.41
502702,10869,2010,2024-08-18,1.0,0.15,91.83,78.06
502703,10468,2017,2025-11-10,1.0,0.0,68.24,68.24
502704,10866,2008,2025-08-01,3.0,0.05,131.55,374.92
502705,10934,2028,2024-02-02,1.0,0.0,86.01,86.01
502706,10538,2014,2025-08-31,1.0,0.1,65.22,58.7
502707,10210,2021,2024-02-28,1.0,0.0,144.34,144.34
502708,10604,2023,2024-04-14,1.0,0.0,61.98,61.98
502709,10637,2008,2024-11-08,2.0,0.15,131.55,223.64
502710,10947,2005,2025-10-08,2.0,0.15,75.13,127.72
502711,10073,2016,2025-12-30,3.0,0.0,76.81,230.43
502712,10992,2008,2024-03-08,1.0,0.15,131.55,111.82
502713,10635,2010,2025-11-21,1.0,0.0,91.83,91.83
502714,10309,2027,2025-01-09,2.0,0.0,58.32,116.64
502715,10696,2008,2024-08-23,2.0,0.1,131.55,236.79
502716,10699,2009,2025-10-05,2.0,0.0,33.82,67.64
502717,10710,2018,2024-04-22,2.0,0.0,132.04,264.08
502718,10590,2003,2025-01-24,2.0,0.0,102.51,205.02
502719,10860,2017,2025-02-12,1.0,0.05,68.24,64.83
502720,10186,2020,2024-02-24,2.0,0.1,145.5,261.9
502721,10856,2015,2024-08-27,1.0,0.0,27.47,27.47
502722,10253,2021,2024-10-22,1.0,0.0,144.34,144.34
502723,10013,2027,2024-04-22,2.0,0.0,58.32,116.64
502724,10299,2017,2024-03-29,2.0,0.05,68.24,129.66
502725,10076,2008,2025-04-21,1.0,0.05,131.55,124.97
502726,10051,2002,2024-10-31,1.0,0.0,16.22,16.22
502727,10787,2017,2024-11-01,3.0,0.0,68.24,204.72
502728,10149,2018,2024-10-17,1.0,0.15,132.04,112.23
502729,10731,2029,2024-07-27,1.0,0.0,107.84,107.84
502730,10122,2005,2025-08-05,1.0,0.15,75.13,63.86
502731,10211,2009,2025-01-05,2.0,0.05,33.82,64.26
502732,10280,2009,2024-08-08,3.0,0.05,33.82,96.39
502733,10538,2002,2024-08-19,2.0,0.0,16.22,32.44
502734,10685,2002,2024-12-15,1.0,0.0,16.22,16.22
502735,10156,2019,2024-09-12,3.0,0.05,47.93,136.6
502736,10238,2023,2025-03-28,3.0,0.0,61.98,185.94
502737,10376,2027,2024-05-22,1.0,0.0,58.32,58.32
502738,10082,2003,2024-03-10,1.0,0.0,102.51,102.51
502739,10492,2017,2024-03-30,1.0,0.05,68.24,64.83
502740,10356,2014,2024-05-16,1.0,0.0,65.22,65.22
502741,10925,2014,2025-10-17,2.0,0.0,65.22,130.44
502742,10273,2014,2025-11-30,2.0,0.1,65.22,117.4
502743,10580,2006,2025-06-07,2.0,0.0,145.53,291.06
502744,10044,2003,2025-10-22,2.0,0.0,102.51,205.02
502745,10573,2001,2025-03-18,1.0,0.1,50.2,45.18
502746,10123,2030,2024-02-08,1.0,0.0,51.91,51.91
502747,10349,2016,2024-07-27,3.0,0.0,76.81,230.43
502748,10708,2029,2024-07-29,1.0,0.0,107.84,107.84
502749,10330,2004,2025-05-28,1.0,0.0,83.99,83.99
502750,10409,2029,2024-12-26,1.0,0.15,107.84,91.66
502751,10991,2001,2025-07-31,2.0,0.0,50.2,100.4
502752,10323,2017,2024-01-02,1.0,0.15,68.24,58.0
502753,10111,2028,2025-01-16,3.0,0.1,86.01,232.23
502754,10770,2018,2025-06-21,1.0,0.15,132.04,112.23
502755,10089,2026,2025-01-29,2.0,0.0,74.85,149.7
502756,10433,2008,2024-02-20,1.0,0.0,131.55,131.55
502757,10710,2002,2025-01-31,2.0,0.0,16.22,32.44
502758,10794,2027,2024-02-02,3.0,0.05,58.32,166.21
502759,10712,2018,2025-06-29,2.0,0.0,132.04,264.08
502760,10099,2027,2025-12-13,1.0,0.05,58.32,55.4
502761,10539,2027,2024-08-22,2.0,0.1,58.32,104.98
502762,10601,2016,2024-01-27,2.0,0.0,76.81,153.62
502763,10146,2026,2025-07-08,1.0,0.0,74.85,74.85
502764,10694,2010,2025-03-10,1.0,0.0,91.83,91.83
502765,10257,2008,2024-03-02,3.0,0.0,131.55,394.65
502766,10189,2012,2025-07-07,1.0,0.0,93.71,93.71
502767,10240,2022,2025-03-17,1.0,0.1,48.42,43.58
502768,10871,2016,2024-05-10,2.0,0.0,76.81,153.62
502769,10899,2012,2024-12-20,1.0,0.15,93.71,79.65
502770,10503,2011,2024-07-17,1.0,0.0,132.17,132.17
502771,10708,2020,2025-10-25,3.0,0.0,145.5,436.5
502772,10809,2019,2025-12-17,1.0,0.0,47.93,47.93
502773,10677,2001,2025-11-25,3.0,0.05,50.2,143.07
502774,10819,2027,2025-01-06,2.0,0.0,58.32,116.64
502775,10271,2003,2025-12-20,1.0,0.1,102.51,92.26
502776,10520,2012,2024-05-27,1.0,0.0,93.71,93.71
502777,10550,2030,2025-12-17,1.0,0.0,51.91,51.91
502778,10114,2009,2025-05-13,1.0,0.15,33.82,28.75
502779,10339,2021,2024-02-18,1.0,0.05,144.34,137.12
502780,10568,2029,2025-10-13,1.0,0.05,107.84,102.45
502781,10943,2022,2024-06-21,2.0,0.0,48.42,96.84
502782,10986,2005,2025-09-05,1.0,0.05,75.13,71.37
502783,10359,2001,2025-11-30,2.0,0.0,50.2,100.4
502784,10650,2010,2024-11-11,1.0,0.1,91.83,82.65
502785,10614,2017,2025-01-11,3.0,0.0,68.24,204.72
502786,10334,2004,2025-06-17,2.0,0.0,83.99,167.98
502787,10689,2015,2025-02-24,1.0,0.05,27.47,26.1
502788,10169,2019,2025-01-31,1.0,0.05,47.93,45.53
502789,10339,2027,2025-06-06,2.0,0.15,58.32,99.14
502790,10798,2008,2024-07-06,1.0,0.0,131.55,131.55
502791,10261,2028,2025-10-07,2.0,0.0,86.01,172.02
502792,10887,2028,2024-02-03,2.0,0.0,86.01,172.02
502793,10735,2023,2024-03-10,1.0,0.0,61.98,61.98
502794,10199,2015,2025-08-15,1.0,0.1,27.47,24.72
502795,10211,2027,2024-07-10,2.0,0.15,58.32,99.14
502796,10287,2007,2024-04-11,1.0,0.05,92.1,87.49
502797,10692,2015,2025-04-30,1.0,0.1,27.47,24.72
502798,10762,2008,2024-10-12,2.0,0.0,131.55,263.1
502799,10743,2030,2025-01-25,2.0,0.0,51.91,103.82
502800,10472,2026,2025-07-19,1.0,0.0,74.85,74.85
502801,10482,2023,2024-06-09,2.0,0.0,61.98,123.96
502802,10023,2010,2025-07-08,1.0,0.05,91.83,87.24
502803,10560,2018,2024-02-17,2.0,0.05,132.04,250.88
502804,10109,2004,2024-06-08,3.0,0.1,83.99,226.77
502805,10296,2015,2025-03-22,1.0,0.0,27.47,27.47
502806,10006,2011,2025-11-27,1.0,0.15,132.17,112.34
502807,10550,2022,2025-06-07,1.0,0.0,48.42,48.42
502808,10681,2003,2025-10-28,3.0,0.0,102.51,307.53
502809,10868,2015,2024-06-04,1.0,0.05,27.47,26.1
502810,10795,2003,2024-12-05,1.0,0.15,102.51,87.13
502811,10203,2015,2024-12-31,2.0,0.0,27.47,54.94
502812,10325,2006,2025-11-30,2.0,0.1,145.53,261.95
502813,10825,2001,2025-07-28,2.0,0.0,50.2,100.4
502814,10785,2014,2024-05-28,1.0,0.0,65.22,65.22
502815,10244,2016,2024-05-24,3.0,0.0,76.81,230.43
502816,10327,2001,2024-04-13,1.0,0.0,50.2,50.2
502817,10987,2021,2024-04-03,1.0,0.05,144.34,137.12
502818,10047,2017,2024-10-13,1.0,0.05,68.24,64.83
502819,10761,2026,2025-02-28,1.0,0.0,74.85,74.85
502820,10591,2008,2024-04-29,2.0,0.15,131.55,223.64
502821,10622,2018,2024-01-30,1.0,0.0,132.04,132.04
502822,10013,2016,2025-05-26,1.0,0.05,76.81,72.97
502823,10907,2006,2024-01-31,1.0,0.0,145.53,145.53
502824,10380,2010,2025-01-01,1.0,0.0,91.83,91.83
502825,10365,2010,2024-05-18,2.0,0.05,91.83,174.48
502826,10602,2005,2025-04-20,3.0,0.0,75.13,225.39
502827,10342,2026,2025-07-17,2.0,0.1,74.85,134.73
502828,10860,2028,2025-01-27,1.0,0.0,86.01,86.01
502829,10792,2012,2025-03-11,3.0,0.1,93.71,253.02
502830,10221,2020,2024-08-22,1.0,0.05,145.5,138.22
502831,10073,2017,2024-02-25,2.0,0.0,68.24,136.48
502832,10746,2014,2024-10-19,1.0,0.05,65.22,61.96
502833,10772,2014,2024-11-08,1.0,0.1,65.22,58.7
502834,10625,2003,2025-07-02,1.0,0.0,102.51,102.51
502835,10046,2029,2024-03-30,1.0,0.15,107.84,91.66
502836,10504,2012,2024-07-31,1.0,0.15,93.71,79.65
502837,10274,2020,2024-11-14,2.0,0.05,145.5,276.45
502838,10555,2018,2025-04-10,3.0,0.0,132.04,396.12
502839,10208,2012,2024-03-28,3.0,0.1,93.71,253.02
502840,10929,2002,2025-02-13,1.0,0.05,16.22,15.41
502841,10861,2002,2024-08-28,1.0,0.1,16.22,14.6
502842,10615,2027,2025-12-01,2.0,0.1,58.32,104.98
502843,10124,2017,2024-02-27,2.0,0.0,68.24,136.48
502844,10010,2010,2024-04-23,3.0,0.15,91.83,234.17
502845,10329,2018,2024-03-11,2.0,0.15,132.04,224.47
502846,10187,2022,2025-11-23,1.0,0.0,48.42,48.42
502847,10543,2019,2024-07-03,2.0,0.0,47.93,95.86
502848,10668,2026,2025-12-04,1.0,0.15,74.85,63.62
502849,10060,2021,2024-10-03,3.0,0.1,144.34,389.72
502850,10761,2001,2024-08-21,2.0,0.0,50.2,100.4
502851,10899,2024,2024-02-24,2.0,0.0,135.89,271.78
502852,10886,2029,2024-09-14,1.0,0.0,107.84,107.84
502853,10951,2004,2024-03-31,1.0,0.0,83.99,83.99
502854,10782,2025,2025-10-25,1.0,0.1,145.48,130.93
502855,10442,2004,2025-03-11,3.0,0.05,83.99,239.37
502856,10217,2030,2025-09-17,1.0,0.1,51.91,46.72
502857,10911,2002,2025-02-12,2.0,0.15,16.22,27.57
502858,10002,2019,2024-09-26,2.0,0.05,47.93,91.07
502859,10536,2021,2025-10-31,1.0,0.0,144.34,144.34
502860,10718,2012,2025-01-01,2.0,0.0,93.71,187.42
502861,10832,2010,2024-12-17,3.0,0.0,91.83,275.49
502862,10711,2013,2024-10-26,3.0,0.1,111.92,302.18
502863,10356,2029,2024-06-08,1.0,0.1,107.84,97.06
502864,10626,2030,2025-05-02,1.0,0.0,51.91,51.91
502865,10792,2022,2025-06-10,1.0,0.0,48.42,48.42
502866,10667,2023,2024-12-21,2.0,0.0,61.98,123.96
502867,10165,2020,2025-09-13,1.0,0.1,145.5,130.95
502868,10998,2023,2025-02-05,1.0,0.15,61.98,52.68
502869,10734,2015,2025-02-09,2.0,0.0,27.47,54.94
502870,10091,2026,2024-04-06,1.0,0.1,74.85,67.36
502871,10167,2003,2025-12-08,3.0,0.0,102.51,307.53
502872,10959,2023,2025-07-24,1.0,0.0,61.98,61.98
502873,10207,2020,2025-01-27,1.0,0.05,145.5,138.22
502874,10282,2029,2024-12-18,1.0,0.0,107.84,107.84
502875,10065,2013,2025-10-28,1.0,0.1,111.92,100.73
502876,10888,2008,2025-07-30,1.0,0.0,131.55,131.55
502877,10516,2025,2025-11-01,2.0,0.0,145.48,290.96
502878,10157,2007,2025-09-25,2.0,0.15,92.1,156.57
502879,10761,2024,2024-10-15,3.0,0.1,135.89,366.9
502880,10769,2008,2025-06-07,3.0,0.05,131.55,374.92
502881,10747,2018,2025-12-27,1.0,0.0,132.04,132.04
502882,10306,2009,2024-06-11,1.0,0.0,33.82,33.82
502883,10878,2006,2025-09-09,1.0,0.0,145.53,145.53
502884,10982,2027,2025-10-21,2.0,0.1,58.32,104.98
502885,10395,2004,2024-07-01,1.0,0.0,83.99,83.99
502886,10074,2015,2025-07-03,2.0,0.15,27.47,46.7
502887,10187,2005,2024-03-23,2.0,0.15,75.13,127.72
502888,10574,2026,2025-06-08,1.0,0.0,74.85,74.85
502889,10337,2005,2024-01-05,1.0,0.1,75.13,67.62
502890,10676,2007,2025-05-10,2.0,0.1,92.1,165.78
502891,10568,2030,2025-07-09,2.0,0.1,51.91,93.44
502892,10623,2009,2024-02-21,2.0,0.05,33.82,64.26
502893,10730,2007,2024-09-18,3.0,0.0,92.1,276.3
502894,10240,2009,2024-05-14,2.0,0.15,33.82,57.49
502895,10533,2020,2025-08-22,2.0,0.1,145.5,261.9
502896,10141,2010,2024-12-28,3.0,0.05,91.83,261.72
502897,10265,2030,2025-07-22,3.0,0.1,51.91,140.16
502898,10139,2026,2024-08-05,2.0,0.1,74.85,134.73
502899,10459,2004,2024-03-09,3.0,0.05,83.99,239.37
502900,10070,2006,2025-07-10,1.0,0.0,145.53,145.53
502901,10385,2024,2024-05-23,1.0,0.0,135.89,135.89
502902,10630,2014,2024-12-12,1.0,0.15,65.22,55.44
502903,10198,2009,2025-07-08,1.0,0.0,33.82,33.82
502904,10205,2001,2025-10-13,1.0,0.1,50.2,45.18
502905,10726,2017,2025-08-08,1.0,0.0,68.24,68.24
502906,10568,2013,2024-07-13,2.0,0.15,111.92,190.26
502907,10799,2024,2025-10-29,2.0,0.0,135.89,271.78
502908,10982,2027,2024-09-03,2.0,0.1,58.32,104.98
502909,10805,2007,2024-11-10,1.0,0.0,92.1,92.1
502910,10687,2009,2025-12-31,1.0,0.05,33.82,32.13
502911,10859,2011,2025-01-19,1.0,0.15,132.17,112.34
502912,10882,2003,2024-10-04,3.0,0.0,102.51,307.53
502913,10974,2026,2024-03-13,2.0,0.0,74.85,149.7
502914,10640,2012,2024-05-09,2.0,0.15,93.71,159.31
502915,10431,2021,2024-12-24,2.0,0.0,144.34,288.68
502916,10890,2003,2025-11-29,2.0,0.0,102.51,205.02
502917,10325,2015,2025-06-09,1.0,0.0,27.47,27.47
502918,10442,2021,2024-08-08,2.0,0.05,144.34,274.25
502919,10804,2010,2024-01-07,2.0,0.0,91.83,183.66
502920,10288,2001,2025-09-16,1.0,0.1,50.2,45.18
502921,10226,2014,2024-08-16,1.0,0.0,65.22,65.22
502922,10064,2027,2024-01-18,1.0,0.0,58.32,58.32
502923,10967,2020,2025-08-08,3.0,0.0,145.5,436.5
502924,10938,2006,2024-01-13,,0.15,145.53,247.4
502925,10560,2002,2025-08-21,3.0,0.0,16.22,48.66
502926,10714,2029,2025-05-14,1.0,0.0,107.84,107.84
502927,10498,2023,2025-11-23,1.0,0.0,61.98,61.98
502928,10849,2008,2025-09-26,1.0,0.0,131.55,131.55
502929,10926,2001,2025-12-17,2.0,0.0,50.2,100.4
502930,10917,2029,2025-05-17,2.0,0.0,107.84,215.68
502931,10060,2004,2024-03-11,1.0,0.1,83.99,75.59
502932,10397,2027,2024-04-18,2.0,0.0,58.32,116.64
502933,10257,2004,2024-07-20,2.0,0.1,83.99,151.18
502934,10577,2029,2024-02-22,2.0,0.0,107.84,215.68
502935,10239,2005,2025-07-03,2.0,0.15,75.13,127.72
502936,10801,2030,2025-09-21,2.0,0.1,51.91,93.44
502937,10038,2028,2024-09-16,2.0,0.0,86.01,172.02
502938,10025,2028,2025-04-27,2.0,0.15,86.01,146.22
502939,10410,2020,2024-09-21,1.0,0.0,145.5,145.5
502940,10461,2009,2024-10-30,2.0,0.05,33.82,64.26
502941,10571,2023,2025-07-30,1.0,0.1,61.98,55.78
502942,10988,2013,2025-07-08,1.0,0.1,111.92,100.73
502943,10417,2018,2025-07-09,3.0,0.15,132.04,336.7
502944,10357,2017,2024-05-05,1.0,0.05,68.24,64.83
502945,10383,2025,2024-09-27,2.0,0.05,145.48,276.41
502946,10809,2001,2025-04-25,3.0,0.0,50.2,150.6
502947,10158,2022,2024-05-12,2.0,0.15,48.42,82.31
502948,10569,2015,2024-01-03,1.0,0.0,27.47,27.47
502949,10433,2002,2024-04-25,2.0,0.05,16.22,30.82
502950,10048,2016,2025-04-26,2.0,0.1,76.81,138.26
502951,10328,2020,2024-01-02,2.0,0.05,145.5,276.45
502952,10433,2022,2024-11-27,1.0,0.0,48.42,48.42
502953,10431,2005,2025-07-31,2.0,0.0,75.13,150.26
502954,10056,2027,2025-09-29,1.0,0.1,58.32,52.49
502955,10577,2022,2025-01-26,2.0,0.1,48.42,87.16
502956,10268,2019,2024-05-23,2.0,0.1,47.93,86.27
502957,10069,2005,2024-11-24,2.0,0.0,75.13,150.26
502958,10728,2002,2025-09-20,1.0,0.1,16.22,14.6
502959,10902,2007,2025-01-12,2.0,0.15,92.1,156.57
502960,10601,2003,2024-03-31,2.0,0.0,102.51,205.02
502961,10449,2017,2024-02-12,1.0,0.0,68.24,68.24
502962,10793,2030,2024-02-05,2.0,0.05,51.91,98.63
502963,10257,2024,2025-05-09,2.0,0.1,135.89,244.6
502964,10672,2024,2025-07-07,2.0,0.0,135.89,271.78
502965,10490,2003,2024-05-04,1.0,0.15,102.51,87.13
502966,10746,2013,2024-02-27,2.0,0.0,111.92,223.84
502967,10643,2007,2025-04-01,3.0,0.05,92.1,262.48
502968,10049,2025,2024-08-23,3.0,0.15,145.48,370.97
502969,10659,2024,2025-08-31,3.0,0.0,135.89,407.67
502970,10316,2003,2025-01-27,1.0,0.1,102.51,92.26
502971,10413,2015,2025-05-07,2.0,0.0,27.47,54.94
502972,10434,2029,2024-12-09,1.0,0.0,107.84,107.84
502973,10002,2018,2025-10-06,2.0,0.15,132.04,224.47
502974,10841,2029,2024-06-25,1.0,0.0,107.84,107.84
502975,10952,2010,2024-02-22,3.0,0.0,91.83,275.49
502976,10145,2023,2025-07-04,1.0,0.0,61.98,61.98
502977,10956,2007,2025-04-23,1.0,0.15,92.1,78.28
502978,10366,2009,2025-05-04,2.0,0.0,33.82,67.64
502979,10420,2005,2024-01-06,2.0,0.15,75.13,127.72
502980,10573,2020,2025-12-26,2.0,0.0,145.5,291.0
502981,10785,2008,2025-09-24,3.0,0.1,131.55,355.19
502982,10561,2014,2024-07-28,2.0,0.0,65.22,130.44
502983,10844,2004,2024-08-05,1.0,0.0,83.99,83.99
502984,10444,2020,2025-06-20,1.0,0.0,145.5,145.5
502985,10916,2028,2024-12-08,3.0,0.1,86.01,232.23
502986,10434,2014,2025-12-18,2.0,0.0,65.22,130.44
502987,10643,2012,2025-02-05,3.0,0.0,93.71,281.13
502988,10555,2002,2025-04-07,3.0,0.0,16.22,48.66
502989,10057,2013,2025-12-31,2.0,0.0,111.92,223.84
502990,10562,2001,2024-07-30,3.0,0.05,50.2,143.07
502991,10964,2020,2024-01-27,1.0,0.05,145.5,138.22
502992,10977,2007,2024-09-09,2.0,0.05,92.1,174.99
502993,10178,2028,2024-01-04,1.0,0.15,86.01,73.11
502994,10293,2025,2024-01-03,2.0,0.1,145.48,261.86
502995,10046,2009,2025-08-27,1.0,0.0,33.82,33.82
502996,10170,2028,2024-01-03,3.0,0.05,86.01,245.13
502997,10271,2026,2024-05-30,1.0,0.0,74.85,74.85
502998,10417,2017,2025-08-06,1.0,0.0,68.24,68.24
502999,10848,2021,2024-01-05,2.0,0.05,144.34,274.25
503000,10139,2023,2025-05-12,1.0,0.0,61.98,61.98
503001,10247,2013,2025-07-04,1.0,0.1,111.92,100.73
503002,10148,2023,2025-04-13,3.0,0.15,61.98,158.05
503003,10230,2010,2024-03-11,1.0,0.1,91.83,82.65
503004,10792,2016,2024-07-20,1.0,0.1,76.81,69.13
503005,10637,2006,2024-11-04,2.0,0.05,145.53,276.51
503006,10704,2016,2024-09-09,1.0,0.1,76.81,69.13
503007,10374,2011,2024-10-14,3.0,0.15,132.17,337.03
503008,10080,2026,2024-10-19,1.0,0.0,74.85,74.85
503009,10606,2020,2024-06-03,1.0,0.15,145.5,123.68
503010,10738,2003,2024-05-13,1.0,0.0,102.51,102.51
503011,10065,2028,2025-08-09,1.0,0.15,86.01,73.11
503012,10088,2029,2024-10-01,3.0,0.0,107.84,323.52
503013,10088,2009,2025-11-28,2.0,0.0,33.82,67.64
503014,10713,2015,2025-05-24,1.0,0.05,27.47,26.1
503015,10726,2028,2024-12-19,2.0,0.0,86.01,172.02
503016,10204,2013,2024-01-06,2.0,0.15,111.92,190.26
503017,10913,2010,2024-10-20,1.0,0.0,91.83,91.83
503018,10382,2020,2024-12-26,1.0,0.1,145.5,130.95
503019,10601,2024,2025-08-21,1.0,0.0,135.89,135.89
503020,10476,2013,2024-08-02,1.0,0.0,111.92,111.92
503021,10573,2017,2025-02-10,1.0,0.15,68.24,58.0
503022,10783,2007,2025-03-12,2.0,0.0,92.1,184.2
503023,10606,2028,2024-01-16,2.0,0.15,86.01,146.22
503024,10819,2006,2024-09-30,1.0,0.05,145.53,138.25
503025,10539,2013,2025-07-17,3.0,0.0,111.92,335.76
503026,10214,2028,2024-02-15,1.0,0.1,86.01,77.41
503027,10074,2017,2025-12-04,2.0,0.0,68.24,136.48
503028,10061,2015,2025-09-26,2.0,0.0,27.47,54.94
503029,10698,2004,2025-02-16,2.0,0.0,83.99,167.98
503030,10543,2028,2024-07-06,1.0,0.0,86.01,86.01
503031,10219,2015,2025-12-27,2.0,0.1,27.47,49.45
503032,10012,2014,2025-10-23,3.0,0.05,65.22,185.88
503033,10814,2021,2024-06-19,1.0,0.0,144.34,144.34
503034,10415,2011,2025-12-22,3.0,0.0,132.17,396.51
503035,10032,2024,2025-08-17,1.0,0.0,135.89,135.89
503036,10160,2004,2025-02-05,1.0,0.1,83.99,75.59
503037,10237,2003,2025-12-09,2.0,0.0,102.51,205.02
503038,10739,2002,2024-09-03,2.0,0.0,16.22,32.44
503039,10181,2020,2025-07-06,3.0,0.0,145.5,436.5
503040,10829,2027,2025-11-11,2.0,0.0,58.32,116.64
503041,10558,2010,2024-02-13,2.0,0.0,91.83,183.66
503042,10341,2030,2025-12-24,2.0,0.0,51.91,103.82
503043,10458,2013,2024-06-28,2.0,0.0,111.92,223.84
503044,10080,2020,2025-04-02,2.0,0.0,145.5,291.0
503045,10647,2029,2025-06-19,1.0,0.0,107.84,107.84
503046,10772,2026,2025-08-30,1.0,0.05,74.85,71.11
503047,10987,2021,2025-11-03,2.0,0.0,144.34,288.68
503048,10820,2029,2024-09-01,2.0,0.1,107.84,194.11
503049,10759,2023,2024-01-18,1.0,0.05,61.98,58.88
503050,10473,2025,2024-04-22,3.0,0.15,145.48,370.97
503051,10671,2018,2025-09-07,1.0,0.15,132.04,112.23
503052,10715,2021,2025-08-21,2.0,0.0,144.34,288.68
503053,10112,2016,2025-07-01,1.0,0.05,76.81,72.97
503054,10980,2011,2024-01-31,2.0,0.05,132.17,251.12
503055,10292,2010,2024-07-11,3.0,0.0,91.83,275.49
503056,10950,2009,2025-03-13,1.0,0.15,33.82,28.75
503057,10822,2012,2024-06-28,1.0,0.0,93.71,93.71
503058,10631,2030,2025-09-08,1.0,0.0,51.91,51.91
503059,10383,2029,2025-11-08,2.0,0.1,107.84,194.11
503060,10017,2019,2025-04-19,1.0,0.0,47.93,47.93
503061,10493,2001,2025-09-26,2.0,0.0,50.2,100.4
503062,10331,2018,2024-05-14,1.0,0.15,132.04,112.23
503063,10926,2014,2024-11-08,3.0,0.0,65.22,195.66
503064,10739,2022,2024-01-26,2.0,0.15,48.42,82.31
503065,10873,2021,2025-01-06,1.0,0.15,144.34,122.69
503066,10486,2001,2025-06-09,1.0,0.05,50.2,47.69
503067,10406,2017,2024-11-15,3.0,0.0,68.24,204.72
503068,10117,2011,2024-08-18,3.0,0.0,132.17,396.51
503069,10555,2020,2024-04-12,1.0,0.15,145.5,123.68
503070,10880,2028,2025-03-26,1.0,0.15,86.01,73.11
503071,10115,2015,2025-01-13,2.0,0.0,27.47,54.94
503072,10795,2004,2024-07-22,1.0,0.1,83.99,75.59
503073,10549,2015,2024-09-24,3.0,0.0,27.47,82.41
503074,10814,2022,2025-04-07,1.0,0.15,48.42,41.16
503075,10625,2022,2024-12-31,1.0,0.15,48.42,41.16
503076,10547,2026,2024-04-14,2.0,0.0,74.85,149.7
503077,10644,2014,2024-04-21,2.0,0.0,65.22,130.44
503078,10336,2022,2025-03-04,3.0,0.1,48.42,130.73
503079,10336,2001,2025-04-14,1.0,0.1,50.2,45.18
503080,10981,2026,2025-08-04,1.0,0.0,74.85,74.85
503081,10922,2009,2025-11-11,3.0,0.15,33.82,86.24
503082,10889,2027,2025-07-15,2.0,0.15,58.32,99.14
503083,10740,2007,2024-09-07,1.0,0.0,92.1,92.1
503084,10147,2023,2025-04-27,1.0,0.15,61.98,52.68
503085,10122,2011,2024-11-27,1.0,0.1,132.17,118.95
503086,10081,2023,2025-08-10,2.0,0.0,61.98,123.96
503087,10685,2002,2024-07-20,2.0,0.1,16.22,29.2
503088,10666,2002,2025-03-30,2.0,0.15,16.22,27.57
503089,10662,2006,2025-05-19,2.0,0.15,145.53,247.4
503090,10375,2023,2025-06-30,1.0,0.05,61.98,58.88
503091,10570,2019,2024-04-21,1.0,0.0,47.93,47.93
503092,10063,2029,2025-06-28,1.0,0.0,107.84,107.84
503093,10504,2020,2024-07-28,2.0,0.1,145.5,261.9
503094,10668,2014,2025-10-06,1.0,0.0,65.22,65.22
503095,10449,2028,2025-09-10,1.0,0.0,86.01,86.01
503096,10428,2003,2024-02-03,2.0,0.15,102.51,174.27
503097,10868,2007,2025-07-09,1.0,0.0,92.1,92.1
503098,10427,2007,2024-04-17,1.0,0.0,92.1,92.1
503099,10421,2004,2024-09-22,1.0,0.1,83.99,75.59
503100,10322,2029,2024-08-14,2.0,0.15,107.84,183.33
503101,10913,2023,2025-05-02,2.0,0.15,61.98,105.37
503102,10680,2005,2024-06-28,2.0,0.0,75.13,150.26
503103,10166,2017,2024-08-10,1.0,0.1,68.24,61.42
503104,10597,2026,2025-01-05,1.0,0.0,74.85,74.85
503105,10957,2004,2025-09-29,2.0,0.15,83.99,142.78
503106,10649,2023,2024-06-16,2.0,0.05,61.98,117.76
503107,10461,2013,2025-10-25,2.0,0.15,111.92,190.26
503108,10459,2016,2025-07-07,2.0,0.05,76.81,145.94
503109,10189,2016,2024-10-27,1.0,0.05,76.81,72.97
503110,10464,2002,2025-01-16,2.0,0.0,16.22,32.44
503111,10912,2018,2024-02-05,3.0,0.0,132.04,396.12
503112,10379,2001,2025-02-11,1.0,0.0,50.2,50.2
503113,10002,2018,2025-05-17,2.0,0.15,132.04,224.47
503114,10618,2026,2024-11-10,2.0,0.0,74.85,149.7
503115,10364,2030,2025-12-28,1.0,0.0,51.91,51.91
503116,10072,2008,2024-04-11,1.0,0.0,131.55,131.55
503117,10427,2011,2025-07-23,3.0,0.0,132.17,396.51
503118,10638,2024,2024-08-03,3.0,0.15,135.89,346.52
503119,10170,2024,2025-10-30,2.0,0.1,135.89,244.6
503120,10205,2015,2025-07-30,2.0,0.0,27.47,54.94
503121,10825,2016,2024-03-03,1.0,0.15,76.81,65.29
503122,10337,2017,2025-01-04,2.0,0.0,68.24,136.48
503123,10999,2017,2025-01-03,1.0,0.1,68.24,61.42
503124,10472,2012,2025-07-28,1.0,0.05,93.71,89.02
503125,10195,2010,2024-04-04,2.0,0.15,91.83,156.11
503126,10670,2020,2025-04-14,1.0,0.0,145.5,145.5
503127,10653,2006,2024-01-27,2.0,0.0,145.53,291.06
503128,10275,2008,2025-03-11,2.0,0.15,131.55,223.64
503129,10007,2013,2024-05-01,2.0,0.0,111.92,223.84
503130,10905,2002,2024-02-20,1.0,0.05,16.22,15.41
503131,10979,2029,2024-02-06,3.0,0.0,107.84,323.52
503132,10566,2019,2025-02-14,1.0,0.05,47.93,45.53
503133,10616,2022,2024-10-16,3.0,0.1,48.42,130.73
503134,10854,2010,2025-01-14,1.0,0.05,91.83,87.24
503135,10850,2004,2024-04-10,1.0,0.0,83.99,83.99
503136,10573,2012,2024-11-20,3.0,0.15,93.71,238.96
503137,10599,2018,2024-11-25,1.0,0.05,132.04,125.44
503138,10770,2007,2025-10-10,1.0,0.15,92.1,78.28
503139,10178,2020,2025-12-07,2.0,0.1,145.5,261.9
503140,10242,2024,2024-08-09,2.0,0.05,135.89,258.19
503141,10203,2024,2025-07-21,1.0,0.1,135.89,122.3
503142,10543,2023,2024-04-20,2.0,0.0,61.98,123.96
503143,10801,2026,2024-05-29,2.0,0.0,74.85,149.7
503144,10462,2025,2025-02-10,1.0,0.1,145.48,130.93
503145,10080,2004,2025-11-05,1.0,0.0,83.99,83.99
503146,10523,2007,2025-11-30,3.0,0.1,92.1,248.67
503147,10417,2010,2025-02-14,2.0,0.05,91.83,174.48
503148,10766,2026,2024-05-09,2.0,0.0,74.85,149.7
503149,10384,2015,2025-04-29,2.0,0.1,27.47,49.45
503150,10391,2012,2024-04-18,2.0,0.15,93.71,159.31
503151,10896,2001,2025-01-24,3.0,0.1,50.2,135.54
503152,10799,2020,2025-03-01,2.0,0.0,145.5,291.0
503153,10688,2018,2025-03-23,1.0,0.15,132.04,112.23
503154,10126,2025,2024-03-09,2.0,0.1,145.48,261.86
503155,10494,2016,2024-03-07,2.0,0.0,76.81,153.62
503156,10047,2005,2025-10-18,2.0,0.0,75.13,150.26
503157,10718,2019,2025-07-19,2.0,0.0,47.93,95.86
503158,10476,2004,2025-10-02,2.0,0.0,83.99,167.98
503159,10949,2006,2025-05-19,3.0,0.0,145.53,436.59
503160,10619,2026,2025-05-19,2.0,0.05,74.85,142.21
503161,10464,2017,2024-11-17,2.0,0.05,68.24,129.66
503162,10787,2007,2025-12-20,3.0,0.0,92.1,276.3
503163,10849,2024,2025-12-29,2.0,0.0,135.89,271.78
503164,10123,2023,2025-08-03,1.0,0.15,61.98,52.68
503165,10474,2007,2025-03-23,2.0,0.1,92.1,165.78
503166,10134,2009,2025-07-28,1.0,0.0,33.82,33.82
503167,10619,2013,2024-07-29,3.0,0.15,111.92,285.4
503168,10817,2020,2025-01-05,2.0,0.0,145.5,291.0
503169,10841,2014,2025-07-18,1.0,0.0,65.22,65.22
503170,10562,2016,2025-09-20,1.0,0.0,76.81,76.81
503171,10849,2023,2025-04-03,2.0,0.0,61.98,123.96
503172,10607,2009,2025-07-31,1.0,0.15,33.82,28.75
503173,10780,2015,2025-10-04,3.0,0.15,27.47,70.05
503174,10023,2005,2025-11-20,2.0,0.0,75.13,150.26
503175,10566,2018,2024-06-12,2.0,0.15,132.04,224.47
503176,10886,2021,2024-11-28,1.0,0.0,144.34,144.34
503177,10766,2020,2025-10-26,2.0,0.15,145.5,247.35
503178,10965,2008,2024-12-16,1.0,0.0,131.55,131.55
503179,10235,2015,2025-11-01,3.0,0.1,27.47,74.17
503180,10996,2021,2025-04-13,1.0,0.1,144.34,129.91
503181,10059,2025,2025-03-02,2.0,0.0,145.48,290.96
503182,10164,2009,2024-11-23,3.0,0.0,33.82,101.46
503183,10771,2019,2024-04-16,3.0,0.0,47.93,143.79
503184,10826,2029,2024-09-12,1.0,0.0,107.84,107.84
503185,10216,2026,2024-12-24,3.0,0.15,74.85,190.87
503186,10183,2022,2025-03-20,2.0,0.0,48.42,96.84
503187,10569,2006,2024-04-23,2.0,0.1,145.53,261.95
503188,10657,2004,2024-01-31,2.0,0.05,83.99,159.58
503189,10935,2011,2025-06-08,1.0,0.1,132.17,118.95
503190,10090,2029,2025-11-20,2.0,0.0,107.84,215.68
503191,10964,2010,2024-02-16,1.0,0.1,91.83,82.65
503192,10311,2003,2024-06-20,1.0,0.0,102.51,102.51
503193,10557,2001,2024-05-10,2.0,0.0,50.2,100.4
503194,10972,2012,2024-12-19,2.0,0.1,93.71,168.68
503195,10257,2023,2024-07-22,3.0,0.05,61.98,176.64
503196,10533,2015,2024-08-14,2.0,0.15,27.47,46.7
503197,10979,2015,2024-03-21,2.0,0.1,27.47,49.45
503198,10533,2021,2024-11-06,1.0,0.15,144.34,122.69
503199,10052,2014,2024-02-05,2.0,0.1,65.22,117.4
503200,10338,2026,2025-07-18,1.0,0.1,74.85,67.36
503201,10171,2007,2024-06-10,3.0,0.15,92.1,234.85
503202,10948,2017,2025-08-19,2.0,0.15,68.24,116.01
503203,10067,2024,2025-03-11,2.0,0.0,135.89,271.78
503204,10625,2019,2025-06-22,1.0,0.1,47.93,43.14
503205,10300,2007,2024-08-13,1.0,0.1,92.1,82.89
503206,10672,2028,2025-03-22,3.0,0.05,86.01,245.13
503207,10778,2003,2024-11-13,2.0,0.15,102.51,174.27
503208,10832,2030,2025-10-28,1.0,0.15,51.91,44.12
503209,10232,2003,2025-02-18,3.0,0.0,102.51,307.53
503210,10975,2026,2024-04-05,1.0,0.0,74.85,74.85
503211,10837,2025,2024-08-13,2.0,0.15,145.48,247.32
503212,10068,2029,2025-07-07,1.0,0.05,107.84,102.45
503213,10506,2018,2025-10-07,2.0,0.0,132.04,264.08
503214,10028,2030,2024-03-07,1.0,0.1,51.91,46.72
503215,10949,2020,2025-02-01,1.0,0.0,145.5,145.5
503216,10628,2022,2024-07-29,1.0,0.05,48.42,46.0
503217,10051,2014,2025-04-19,2.0,0.0,65.22,130.44
503218,10693,2003,2025-10-27,2.0,0.0,102.51,205.02
503219,10260,2028,2025-11-15,1.0,0.0,86.01,86.01
503220,10591,2026,2025-07-25,1.0,0.0,74.85,74.85
503221,10785,2030,2025-11-27,1.0,0.0,51.91,51.91
503222,10620,2026,2025-05-05,2.0,0.0,74.85,149.7
503223,10963,2007,2024-06-29,2.0,0.05,92.1,174.99
503224,10586,2007,2025-06-08,1.0,0.0,92.1,92.1
503225,10687,2005,2025-04-04,2.0,0.0,75.13,150.26
503226,10184,2003,2024-03-09,1.0,0.05,102.51,97.38
503227,10023,2018,2024-11-25,1.0,0.15,132.04,112.23
503228,10786,2015,2024-07-21,2.0,0.0,27.47,54.94
503229,10129,2020,2025-04-20,2.0,0.1,145.5,261.9
503230,10291,2014,2025-06-02,2.0,0.05,65.22,123.92
503231,10832,2029,2024-01-16,1.0,0.05,107.84,102.45
503232,10501,2004,2024-02-12,2.0,0.0,83.99,167.98
503233,10186,2027,2025-06-27,1.0,0.0,58.32,58.32
503234,10479,2024,2025-11-24,2.0,0.0,135.89,271.78
503235,10571,2008,2024-10-16,1.0,0.0,131.55,131.55
503236,10492,2029,2025-06-17,2.0,0.05,107.84,204.9
503237,10513,2021,2025-11-25,1.0,0.15,144.34,122.69
503238,10643,2013,2025-11-27,2.0,0.0,111.92,223.84
503239,10067,2022,2024-09-01,2.0,0.1,48.42,87.16
503240,10805,2008,2025-10-23,1.0,0.1,131.55,118.4
503241,10467,2015,2025-09-04,1.0,0.0,27.47,27.47
503242,10285,2017,2025-07-21,1.0,0.05,68.24,64.83
503243,10601,2005,2025-11-29,1.0,0.15,75.13,63.86
503244,10417,2020,2025-08-21,1.0,0.0,145.5,145.5
503245,10100,2004,2024-06-23,2.0,0.15,83.99,142.78
503246,10189,2011,2025-06-18,1.0,0.0,132.17,132.17
503247,10989,2018,2025-05-24,1.0,0.15,132.04,112.23
503248,10890,2010,2024-09-01,2.0,0.15,91.83,156.11
503249,10858,2017,2024-03-01,1.0,0.0,68.24,68.24
503250,10388,2030,2024-04-14,1.0,0.0,51.91,51.91
503251,10241,2015,2025-10-13,2.0,0.0,27.47,54.94
503252,10782,2006,2024-10-30,2.0,0.1,145.53,261.95
503253,10731,2023,2025-11-02,2.0,0.0,61.98,123.96
503254,10417,2021,2024-03-18,1.0,0.0,144.34,144.34
503255,10918,2016,2024-01-19,1.0,0.1,76.81,69.13
503256,10176,2015,2025-06-18,1.0,0.05,27.47,26.1
503257,10387,2008,2024-07-03,1.0,0.1,131.55,118.4
503258,10471,2009,2025-10-19,1.0,0.15,33.82,28.75
503259,10853,2011,2025-07-04,2.0,0.15,132.17,224.69
503260,10233,2027,2024-10-08,1.0,0.1,58.32,52.49
503261,10663,2002,2024-10-15,1.0,0.0,16.22,16.22
503262,10452,2027,2025-10-17,1.0,0.0,58.32,58.32
503263,10277,2013,2025-06-09,2.0,0.15,111.92,190.26
503264,10229,2004,2025-11-29,2.0,0.15,83.99,142.78
503265,10171,2027,2025-04-19,3.0,0.0,58.32,174.96
503266,10735,2009,2024-09-24,2.0,0.0,33.82,67.64
503267,10213,2005,2025-09-01,2.0,0.15,75.13,127.72
503268,10282,2019,2024-12-23,1.0,0.0,47.93,47.93
503269,10041,2022,2024-01-02,1.0,0.15,48.42,41.16
503270,10122,2003,2024-01-28,1.0,0.0,102.51,102.51
503271,10227,2030,2025-07-02,1.0,0.0,51.91,51.91
503272,10294,2021,2024-06-09,1.0,0.0,144.34,144.34
503273,10600,2003,2025-02-03,1.0,0.0,102.51,102.51
503274,10267,2006,2025-06-27,3.0,0.0,145.53,436.59
503275,10541,2028,2024-05-07,1.0,0.0,86.01,86.01
503276,10759,2010,2024-07-29,1.0,0.0,91.83,91.83
503277,10828,2005,2024-05-30,2.0,0.0,75.13,150.26
503278,10451,2030,2024-02-01,1.0,0.1,51.91,46.72
503279,10449,2025,2025-09-04,1.0,0.15,145.48,123.66
503280,10756,2003,2024-10-29,1.0,0.0,102.51,102.51
503281,10061,2022,2025-11-14,2.0,0.0,48.42,96.84
503282,10502,2024,2024-09-14,1.0,0.15,135.89,115.51
503283,10147,2007,2024-02-27,3.0,0.0,92.1,276.3
503284,10686,2022,2024-01-10,2.0,0.1,48.42,87.16
503285,10945,2030,2024-01-06,1.0,0.0,51.91,51.91
503286,10790,2018,2024-04-24,2.0,0.0,132.04,264.08
503287,10334,2023,2025-11-16,1.0,0.0,61.98,61.98
503288,10881,2008,2024-07-24,2.0,0.1,131.55,236.79
503289,10953,2001,2024-01-25,3.0,0.15,50.2,128.01
503290,10891,2025,2025-05-08,2.0,0.05,145.48,276.41
503291,10142,2004,2025-11-13,2.0,0.15,83.99,142.78
503292,10044,2024,2025-02-10,3.0,0.0,135.89,407.67
503293,10144,2026,2024-04-13,2.0,0.0,74.85,149.7
503294,10865,2007,2024-03-01,1.0,0.15,92.1,78.28
503295,10333,2014,2024-03-27,2.0,0.0,65.22,130.44
503296,10998,2013,2025-11-08,1.0,0.0,111.92,111.92
503297,10497,2010,2025-01-07,3.0,0.0,91.83,275.49
503298,10396,2023,2025-11-10,2.0,0.0,61.98,123.96
503299,10055,2018,2025-08-19,2.0,0.0,132.04,264.08
503300,10307,2001,2024-07-21,1.0,0.0,50.2,50.2
503301,10870,2004,2025-08-25,2.0,0.0,83.99,167.98
503302,10423,2028,2024-03-30,3.0,0.05,86.01,245.13
503303,10417,2016,2025-03-13,1.0,0.05,76.81,72.97
503304,10673,2016,2024-04-30,3.0,0.0,76.81,230.43
503305,10797,2018,2024-06-05,3.0,0.15,132.04,336.7
503306,10325,2008,2025-02-03,1.0,0.15,131.55,111.82
503307,10710,2010,2025-12-01,1.0,0.15,91.83,78.06
503308,10671,2016,2024-07-07,2.0,0.0,76.81,153.62
503309,10080,2023,2024-02-22,1.0,0.0,61.98,61.98
503310,10031,2024,2025-10-14,3.0,0.15,135.89,346.52
503311,10985,2011,2025-06-15,1.0,0.0,132.17,132.17
503312,10112,2006,2025-04-25,3.0,0.0,145.53,436.59
503313,10558,2001,2025-08-10,3.0,0.15,50.2,128.01
503314,10865,2030,2024-08-18,1.0,0.0,51.91,51.91
503315,10717,2029,2025-04-26,1.0,0.0,107.84,107.84
503316,10564,2029,2024-05-10,1.0,0.15,107.84,91.66
503317,10650,2012,2024-02-25,3.0,0.1,93.71,253.02
503318,10472,2025,2024-09-28,1.0,0.0,145.48,145.48
503319,10074,2006,2024-04-10,3.0,0.15,145.53,371.1
503320,10553,2028,2024-03-10,2.0,0.0,86.01,172.02
503321,10479,2013,2024-10-26,1.0,0.0,111.92,111.92
503322,10589,2026,2025-06-13,3.0,0.05,74.85,213.32
503323,10387,2017,2024-12-20,1.0,0.05,68.24,64.83
503324,10699,2001,2025-09-20,1.0,0.05,50.2,47.69
503325,10882,2008,2024-06-01,2.0,0.1,131.55,236.79
503326,10564,2022,2024-11-26,2.0,0.0,48.42,96.84
503327,10930,2008,2024-04-26,1.0,0.0,131.55,131.55
503328,10433,2024,2025-06-26,2.0,0.0,135.89,271.78
503329,10412,2011,2024-11-19,1.0,0.1,132.17,118.95
503330,10467,2014,2025-07-17,3.0,0.05,65.22,185.88
503331,10599,2024,2025-07-26,2.0,0.1,135.89,244.6
503332,10621,2010,2024-08-17,3.0,0.0,91.83,275.49
503333,10992,2015,2024-12-26,2.0,0.15,27.47,46.7
503334,10909,2007,2024-01-06,1.0,0.1,92.1,82.89
503335,10737,2007,2024-01-29,1.0,0.05,92.1,87.49
503336,10994,2010,2024-12-30,1.0,0.0,91.83,91.83
503337,10993,2004,2025-04-07,1.0,0.05,83.99,79.79
503338,10248,2025,2024-08-19,1.0,0.05,145.48,138.21
503339,10581,2028,2025-01-30,1.0,0.05,86.01,81.71
503340,10120,2018,2025-12-13,2.0,0.1,132.04,237.67
503341,10067,2027,2024-09-28,1.0,0.0,58.32,58.32
503342,10573,2025,2024-10-31,1.0,0.05,145.48,138.21
503343,10956,2010,2025-01-18,1.0,0.15,91.83,78.06
503344,10327,2019,2025-07-12,2.0,0.1,47.93,86.27
503345,10920,2014,2024-01-29,1.0,0.0,65.22,65.22
503346,10703,2013,2025-06-03,3.0,0.0,111.92,335.76
503347,10470,2015,2024-07-18,3.0,0.05,27.47,78.29
503348,10493,2016,2025-08-29,3.0,0.0,76.81,230.43
503349,10701,2002,2024-03-23,1.0,0.1,16.22,14.6
503350,10663,2029,2024-03-29,2.0,0.15,107.84,183.33
503351,10286,2004,2025-01-25,1.0,0.0,83.99,83.99
503352,10956,2021,2025-11-29,1.0,0.0,144.34,144.34
503353,10914,2018,2025-08-03,2.0,0.0,132.04,264.08
503354,10608,2029,2025-03-27,1.0,0.1,107.84,97.06
503355,10312,2017,2025-03-09,3.0,0.0,68.24,204.72
503356,10309,2010,2025-01-09,3.0,0.0,91.83,275.49
503357,10775,2027,2025-03-11,2.0,0.15,58.32,99.14
503358,10097,2021,2024-07-06,1.0,0.0,144.34,144.34
503359,10965,2009,2025-01-25,1.0,0.05,33.82,32.13
503360,10113,2015,2024-08-06,2.0,0.0,27.47,54.94
503361,10988,2028,2024-04-18,2.0,0.0,86.01,172.02
503362,10637,2012,2025-07-04,1.0,0.05,93.71,89.02
503363,10456,2021,2024-12-15,1.0,0.0,144.34,144.34
503364,10463,2028,2025-06-06,2.0,0.1,86.01,154.82
503365,10948,2027,2024-01-27,2.0,0.15,58.32,99.14
503366,10132,2026,2024-02-18,1.0,0.15,74.85,63.62
503367,10930,2009,2025-01-05,1.0,0.05,33.82,32.13
503368,10965,2014,2024-01-15,1.0,0.0,65.22,65.22
503369,10929,2013,2025-09-04,1.0,0.0,111.92,111.92
503370,10121,2028,2024-07-06,2.0,0.05,86.01,163.42
503371,10197,2026,2025-06-08,2.0,0.05,74.85,142.21
503372,10806,2006,2024-10-06,1.0,0.1,145.53,130.98
503373,10482,2019,2024-12-07,3.0,0.05,47.93,136.6
503374,10634,2004,2024-11-24,2.0,0.0,83.99,167.98
503375,10794,2020,2025-11-10,1.0,0.0,145.5,145.5
503376,10897,2017,2025-09-26,3.0,0.0,68.24,204.72
503377,10772,2019,2025-08-30,1.0,0.0,47.93,47.93
503378,10039,2003,2024-01-26,2.0,0.1,102.51,184.52
503379,10566,2029,2025-06-13,2.0,0.1,107.84,194.11
503380,10512,2014,2025-03-02,3.0,0.15,65.22,166.31
503381,10474,2017,2024-01-30,1.0,0.15,68.24,58.0
503382,10161,2013,2024-11-19,3.0,0.05,111.92,318.97
503383,10289,2009,2024-11-09,2.0,0.15,33.82,57.49
503384,10200,2027,2025-08-07,1.0,0.1,58.32,52.49
503385,10788,2001,2024-09-27,2.0,0.05,50.2,95.38
503386,10528,2025,2024-10-22,1.0,0.0,145.48,145.48
503387,10917,2017,2025-10-18,2.0,0.0,68.24,136.48
503388,10685,2016,2024-08-11,1.0,0.1,76.81,69.13
503389,10503,2018,2024-03-16,1.0,0.1,132.04,118.84
503390,10248,2002,2024-04-12,2.0,0.0,16.22,32.44
503391,10383,2014,2025-06-16,1.0,0.1,65.22,58.7
503392,10218,2022,2025-09-21,2.0,0.15,48.42,82.31
503393,10087,2023,2025-11-17,1.0,0.15,61.98,52.68
503394,10082,2027,2024-06-22,2.0,0.15,58.32,99.14
503395,10062,2017,2024-01-05,2.0,0.0,68.24,136.48
503396,10799,2003,2025-04-24,2.0,0.05,102.51,194.77
503397,10500,2002,2025-10-22,2.0,0.1,16.22,29.2
503398,10042,2008,2025-01-30,2.0,0.1,131.55,236.79
503399,10012,2025,2025-09-18,1.0,0.15,145.48,123.66
503400,10833,2029,2024-06-16,1.0,0.05,107.84,102.45
503401,10746,2002,2024-10-27,1.0,0.1,16.22,14.6
503402,10841,2002,2024-04-28,2.0,0.0,16.22,32.44
503403,10643,2026,2025-05-27,2.0,0.0,74.85,149.7
503404,10115,2009,2025-09-04,1.0,0.0,33.82,33.82
503405,10218,2030,2024-06-24,2.0,0.0,51.91,103.82
503406,10649,2020,2024-06-08,1.0,0.0,145.5,145.5
503407,10106,2021,2025-01-19,1.0,0.0,144.34,144.34
503408,10691,2029,2024-08-15,1.0,0.0,107.84,107.84
503409,10528,2027,2024-02-08,1.0,0.0,58.32,58.32
503410,10472,2025,2025-04-08,1.0,0.0,145.48,145.48
503411,10754,2006,2025-03-07,1.0,0.0,145.53,145.53
503412,10846,2026,2025-12-11,1.0,0.05,74.85,71.11
503413,10893,2012,2025-10-10,1.0,0.05,93.71,89.02
503414,10387,2025,2024-04-14,1.0,0.15,145.48,123.66
503415,10226,2009,2024-07-12,3.0,0.1,33.82,91.31
503416,10481,2007,2024-09-07,1.0,0.0,92.1,92.1
503417,10754,2030,2024-01-14,3.0,0.15,51.91,132.37
503418,10408,2012,2025-07-21,3.0,0.15,93.71,238.96
503419,10457,2026,2025-08-20,1.0,0.0,74.85,74.85
503420,10653,2025,2025-09-13,1.0,0.0,145.48,145.48
503421,10898,2005,2025-07-09,3.0,0.0,75.13,225.39
503422,10711,2016,2025-01-23,2.0,0.0,76.81,153.62
503423,10624,2005,2024-03-12,1.0,0.05,75.13,71.37
503424,10639,2012,2025-07-25,1.0,0.0,93.71,93.71
503425,10021,2024,2025-03-14,1.0,0.0,135.89,135.89
503426,10659,2026,2024-02-14,2.0,0.0,74.85,149.7
503427,10601,2020,2024-09-29,2.0,0.15,145.5,247.35
503428,10815,2009,2024-01-15,1.0,0.0,33.82,33.82
503429,10918,2023,2025-01-06,2.0,0.15,61.98,105.37
503430,10203,2007,2024-04-22,1.0,0.0,92.1,92.1
503431,10417,2029,2025-01-14,2.0,0.1,107.84,194.11
503432,10416,2019,2024-11-10,1.0,0.0,47.93,47.93
503433,10448,2020,2025-02-19,3.0,0.15,145.5,371.02
503434,10512,2023,2025-04-30,1.0,0.0,61.98,61.98
503435,10085,2011,2024-06-18,3.0,0.1,132.17,356.86
503436,10167,2027,2024-09-03,1.0,0.1,58.32,52.49
503437,10384,2030,2024-09-23,,0.0,51.91,103.82
503438,10468,2021,2024-08-31,1.0,0.15,144.34,122.69
503439,10072,2012,2025-11-01,2.0,0.15,93.71,159.31
503440,10810,2003,2024-10-27,1.0,0.05,102.51,97.38
503441,10997,2017,2024-11-23,2.0,0.05,68.24,129.66
503442,10521,2007,2025-06-14,3.0,0.05,92.1,262.48
503443,10793,2022,2025-08-18,1.0,0.15,48.42,41.16
503444,10473,2010,2024-12-08,1.0,0.15,91.83,78.06
503445,10993,2023,2025-11-10,2.0,0.05,61.98,117.76
503446,10258,2015,2025-07-08,1.0,0.0,27.47,27.47
503447,10275,2030,2024-09-06,2.0,0.0,51.91,103.82
503448,10750,2002,2025-01-15,2.0,0.0,16.22,32.44
503449,10020,2013,2025-06-16,1.0,0.0,111.92,111.92
503450,10490,2028,2025-01-16,2.0,0.0,86.01,172.02
503451,10745,2004,2024-02-12,1.0,0.0,83.99,83.99
503452,10490,2018,2024-12-11,1.0,0.15,132.04,112.23
503453,10733,2024,2025-08-22,1.0,0.1,135.89,122.3
503454,10326,2023,2024-09-18,1.0,0.15,61.98,52.68
503455,10529,2001,2024-11-02,1.0,0.0,50.2,50.2
503456,10892,2002,2024-08-28,2.0,0.0,16.22,32.44
503457,10089,2002,2025-11-10,2.0,0.0,16.22,32.44
503458,10486,2004,2024-11-09,1.0,0.0,83.99,83.99
503459,10708,2003,2025-03-17,1.0,0.0,102.51,102.51
503460,10350,2017,2024-05-13,3.0,0.1,68.24,184.25
503461,10084,2028,2025-12-20,2.0,0.05,86.01,163.42
503462,10387,2014,2024-02-21,1.0,0.1,65.22,58.7
503463,10087,2002,2025-09-10,2.0,0.1,16.22,29.2
503464,10307,2016,2025-01-27,3.0,0.0,76.81,230.43
503465,10850,2011,2025-11-27,1.0,0.0,132.17,132.17
503466,10154,2025,2025-12-14,2.0,0.05,145.48,276.41
503467,10440,2013,2025-06-07,1.0,0.0,111.92,111.92
503468,10740,2001,2025-05-23,1.0,0.05,50.2,47.69
503469,10960,2025,2025-10-24,2.0,0.0,145.48,290.96
503470,10264,2023,2024-12-20,3.0,0.0,61.98,185.94
503471,10977,2002,2025-01-30,1.0,0.0,16.22,16.22
503472,10735,2002,2024-04-06,2.0,0.0,16.22,32.44
503473,10421,2021,2024-04-16,2.0,0.05,144.34,274.25
503474,10493,2029,2025-10-17,3.0,0.1,107.84,291.17
503475,10633,2005,2025-11-09,3.0,0.0,75.13,225.39
503476,10993,2004,2025-05-28,2.0,0.15,83.99,142.78
503477,10411,2012,2025-07-12,1.0,0.0,93.71,93.71
503478,10173,2026,2024-08-30,2.0,0.0,74.85,149.7
503479,10004,2026,2025-05-03,2.0,0.05,74.85,142.21
503480,10854,2029,2025-05-30,1.0,0.1,107.84,97.06
503481,10640,2028,2025-10-16,1.0,0.0,86.01,86.01
503482,10986,2003,2024-03-02,1.0,0.1,102.51,92.26
503483,10992,2020,2025-02-20,2.0,0.05,145.5,276.45
503484,10472,2010,2024-10-21,2.0,0.1,91.83,165.29
503485,10110,2020,2024-10-29,2.0,0.05,145.5,276.45
503486,10867,2018,2024-06-19,1.0,0.1,132.04,118.84
503487,10037,2021,2025-10-08,3.0,0.0,144.34,433.02
503488,10992,2021,2024-02-11,1.0,0.0,144.34,144.34
503489,10583,2021,2024-08-19,1.0,0.05,144.34,137.12
503490,10801,2027,2025-02-13,2.0,0.05,58.32,110.81
503491,10031,2027,2025-10-13,3.0,0.0,58.32,174.96
503492,10951,2010,2025-09-14,3.0,0.15,91.83,234.17
503493,10381,2001,2024-10-24,1.0,0.15,50.2,42.67
503494,10268,2006,2025-03-31,1.0,0.0,145.53,145.53
503495,10011,2011,2024-02-27,1.0,0.05,132.17,125.56
503496,10344,2002,2025-09-27,1.0,0.0,16.22,16.22
503497,10840,2007,2024-08-28,2.0,0.1,92.1,165.78
503498,10544,2020,2025-08-21,2.0,0.0,145.5,291.0
503499,10569,2021,2024-06-25,1.0,0.05,144.34,137.12
503500,10166,2021,2024-03-04,2.0,0.0,144.34,288.68
503501,10700,2021,2025-07-05,3.0,0.05,144.34,411.37
503502,10342,2018,2024-05-18,1.0,0.0,132.04,132.04
503503,10482,2021,2025-03-30,1.0,0.0,144.34,144.34
503504,10019,2019,2025-03-25,1.0,0.1,47.93,43.14
503505,10628,2004,2024-08-14,1.0,0.0,83.99,83.99
503506,10980,2013,2025-03-19,2.0,0.0,111.92,223.84
503507,10184,2018,2024-07-25,2.0,0.0,132.04,264.08
503508,10782,2020,2025-11-07,1.0,0.0,145.5,145.5
503509,10545,2029,2024-01-28,1.0,0.05,107.84,102.45
503510,10010,2025,2025-04-02,1.0,0.0,145.48,145.48
503511,10592,2024,2025-11-26,3.0,0.1,135.89,366.9
503512,10192,2013,2025-12-11,2.0,0.0,111.92,223.84
503513,10320,2030,2024-04-17,1.0,0.15,51.91,44.12
503514,10702,2027,2025-03-20,2.0,0.05,58.32,110.81
503515,10580,2028,2025-12-02,1.0,0.05,86.01,81.71
503516,10475,2019,2024-02-06,1.0,0.1,47.93,43.14
503517,10860,2017,2025-08-20,1.0,0.1,68.24,61.42
503518,10637,2001,2024-06-04,2.0,0.0,50.2,100.4
503519,10427,2006,2024-06-18,1.0,0.0,145.53,145.53
503520,10848,2019,2024-09-29,1.0,0.0,47.93,47.93
503521,10059,2020,2025-07-01,3.0,0.0,145.5,436.5
503522,10436,2001,2025-02-24,2.0,0.0,50.2,100.4
503523,10097,2008,2024-07-03,1.0,0.0,131.55,131.55
503524,10496,2017,2025-09-03,1.0,0.15,68.24,58.0
503525,10787,2021,2024-08-25,3.0,0.1,144.34,389.72
503526,10661,2022,2025-05-24,1.0,0.1,48.42,43.58
503527,10278,2015,2025-03-17,3.0,0.05,27.47,78.29
503528,10265,2018,2024-05-02,2.0,0.0,132.04,264.08
503529,10009,2007,2025-02-21,1.0,0.0,92.1,92.1
503530,10457,2016,2025-06-19,1.0,0.0,76.81,76.81
503531,10795,2007,2025-01-10,2.0,0.0,92.1,184.2
503532,10273,2017,2025-07-29,1.0,0.0,68.24,68.24
503533,10940,2004,2024-11-22,2.0,0.0,83.99,167.98
503534,10813,2012,2025-04-25,1.0,0.05,93.71,89.02
503535,10008,2013,2024-05-30,2.0,0.0,111.92,223.84
503536,10208,2004,2025-12-08,2.0,0.15,83.99,142.78
503537,10914,2021,2025-08-15,2.0,0.0,144.34,288.68
503538,10637,2001,2025-05-05,3.0,0.0,50.2,150.6
503539,10123,2001,2024-06-02,2.0,0.1,50.2,90.36
503540,10033,2007,2024-01-18,1.0,0.0,92.1,92.1
503541,10513,2009,2025-07-05,1.0,0.0,33.82,33.82
503542,10204,2001,2024-12-14,3.0,0.0,50.2,150.6
503543,10518,2016,2025-04-04,1.0,0.0,76.81,76.81
503544,10809,2018,2024-07-21,3.0,0.0,132.04,396.12
503545,10951,2022,2025-02-27,1.0,0.0,48.42,48.42
503546,10517,2015,2024-10-07,1.0,0.0,27.47,27.47
503547,10443,2006,2025-02-26,1.0,0.0,145.53,145.53
503548,10592,2002,2025-08-23,2.0,0.0,16.22,32.44
503549,10786,2009,2025-04-10,2.0,0.05,33.82,64.26
503550,10689,2004,2024-12-21,1.0,0.1,83.99,75.59
503551,10850,2013,2025-08-05,2.0,0.15,111.92,190.26
503552,10833,2023,2025-01-13,2.0,0.0,61.98,123.96
503553,10339,2022,2024-05-04,2.0,0.0,48.42,96.84
503554,10438,2011,2024-03-21,1.0,0.0,132.17,132.17
503555,10445,2013,2025-07-11,1.0,0.0,111.92,111.92
503556,10136,2011,2024-08-21,1.0,0.15,132.17,112.34
503557,10387,2019,2025-04-25,1.0,0.0,47.93,47.93
503558,10025,2008,2024-06-03,1.0,0.0,131.55,131.55
503559,10506,2007,2025-11-23,1.0,0.1,92.1,82.89
503560,10325,2025,2025-02-13,3.0,0.0,145.48,436.44
503561,10695,2016,2024-02-01,2.0,0.1,76.81,138.26
503562,10680,2003,2025-08-20,1.0,0.1,102.51,92.26
503563,10979,2017,2025-07-11,3.0,0.1,68.24,184.25
503564,10338,2018,2025-05-18,1.0,0.1,132.04,118.84
503565,10690,2028,2025-01-06,1.0,0.05,86.01,81.71
503566,10885,2027,2024-11-19,3.0,0.0,58.32,174.96
503567,10095,2015,2024-11-28,3.0,0.0,27.47,82.41
503568,10545,2028,2024-08-31,1.0,0.0,86.01,86.01
503569,10623,2017,2025-07-06,1.0,0.0,68.24,68.24
503570,10146,2011,2025-03-06,2.0,0.15,132.17,224.69
503571,10893,2005,2024-07-01,1.0,0.1,75.13,67.62
503572,10953,2016,2025-04-18,3.0,0.0,76.81,230.43
503573,10231,2015,2025-01-11,1.0,0.0,27.47,27.47
503574,10784,2010,2024-03-22,1.0,0.0,91.83,91.83
503575,10848,2014,2025-07-04,2.0,0.15,65.22,110.87
503576,10495,2002,2025-02-24,2.0,0.05,16.22,30.82
503577,10038,2016,2025-04-12,2.0,0.0,76.81,153.62
503578,10425,2019,2025-03-04,2.0,0.0,47.93,95.86
503579,10647,2008,2024-02-27,1.0,0.0,131.55,131.55
503580,10846,2015,2024-11-18,2.0,0.05,27.47,52.19
503581,10747,2010,2025-06-26,1.0,0.1,91.83,82.65
503582,10437,2030,2025-05-10,3.0,0.0,51.91,155.73
503583,10831,2005,2024-09-23,3.0,0.0,75.13,225.39
503584,10368,2020,2024-08-15,1.0,0.1,145.5,130.95
503585,10345,2016,2024-02-24,3.0,0.0,76.81,230.43
503586,10160,2021,2025-09-01,1.0,0.0,144.34,144.34
503587,10550,2026,2024-01-05,3.0,0.1,74.85,202.1
503588,10662,2022,2025-03-15,1.0,0.0,48.42,48.42
503589,10912,2012,2024-11-06,1.0,0.1,93.71,84.34
503590,10820,2023,2025-08-26,1.0,0.05,61.98,58.88
503591,10541,2030,2024-03-30,1.0,0.0,51.91,51.91
503592,10144,2013,2024-11-16,1.0,0.0,111.92,111.92
503593,10588,2009,2025-01-10,1.0,0.0,33.82,33.82
503594,10657,2017,2025-08-27,1.0,0.0,68.24,68.24
503595,10741,2020,2025-05-16,1.0,0.1,145.5,130.95
503596,10576,2028,2025-10-24,1.0,0.0,86.01,86.01
503597,10859,2012,2024-08-22,2.0,0.0,93.71,187.42
503598,10345,2025,2024-12-03,1.0,0.0,145.48,145.48
503599,10269,2005,2025-07-25,1.0,0.0,75.13,75.13
503600,10840,2024,2024-07-04,1.0,0.15,135.89,115.51
503601,10696,2012,2025-03-14,1.0,0.1,93.71,84.34
503602,10773,2001,2025-07-10,1.0,0.05,50.2,47.69
503603,10268,2020,2024-06-29,1.0,0.1,145.5,130.95
503604,10169,2028,2024-03-17,1.0,0.0,86.01,86.01
503605,10771,2016,2025-10-18,3.0,0.1,76.81,207.39
503606,10739,2030,2025-09-05,2.0,0.0,51.91,103.82
503607,10033,2012,2024-09-29,3.0,0.15,93.71,238.96
503608,10377,2009,2024-02-25,1.0,0.15,33.82,28.75
503609,10214,2013,2025-12-02,2.0,0.15,111.92,190.26
503610,10562,2017,2024-03-18,2.0,0.05,68.24,129.66
503611,10440,2017,2024-10-23,2.0,0.15,68.24,116.01
503612,10492,2004,2024-08-07,2.0,0.1,83.99,151.18
503613,10393,2014,2024-10-04,2.0,0.0,65.22,130.44
503614,10489,2019,2025-08-01,1.0,0.0,47.93,47.93
503615,10722,2007,2025-10-10,1.0,0.0,92.1,92.1
503616,10946,2027,2025-12-12,2.0,0.0,58.32,116.64
503617,10029,2003,2024-09-23,2.0,0.1,102.51,184.52
503618,10039,2001,2024-02-13,1.0,0.05,50.2,47.69
503619,10859,2012,2024-12-27,3.0,0.0,93.71,281.13
503620,10612,2015,2024-08-16,2.0,0.1,27.47,49.45
503621,10173,2011,2024-08-15,2.0,0.15,132.17,224.69
503622,10017,2010,2024-03-04,1.0,0.1,91.83,82.65
503623,10056,2002,2024-06-20,2.0,0.0,16.22,32.44
503624,10226,2026,2024-11-03,1.0,0.0,74.85,74.85
503625,10558,2029,2025-07-22,1.0,0.05,107.84,102.45
503626,10067,2004,2025-11-14,3.0,0.15,83.99,214.17
503627,10197,2017,2024-02-04,1.0,0.05,68.24,64.83
503628,10654,2017,2025-10-04,1.0,0.05,68.24,64.83
503629,10835,2028,2024-05-10,2.0,0.0,86.01,172.02
503630,10023,2030,2025-01-29,2.0,0.0,51.91,103.82
503631,10999,2008,2024-05-31,2.0,0.0,131.55,263.1
503632,10606,2023,2025-10-17,3.0,0.15,61.98,158.05
503633,10754,2014,2025-09-22,2.0,0.05,65.22,123.92
503634,10237,2024,2025-12-17,1.0,0.0,135.89,135.89
503635,10957,2029,2025-01-19,1.0,0.0,107.84,107.84
503636,10919,2004,2024-01-18,1.0,0.1,83.99,75.59
503637,10923,2006,2025-08-17,2.0,0.0,145.53,291.06
503638,10566,2029,2024-01-15,1.0,0.0,107.84,107.84
503639,10138,2019,2024-03-22,2.0,0.0,47.93,95.86
503640,10473,2027,2024-07-26,2.0,0.1,58.32,104.98
503641,10845,2029,2024-07-23,2.0,0.0,107.84,215.68
503642,10784,2024,2025-01-14,1.0,0.0,135.89,135.89
503643,10553,2004,2025-06-28,3.0,0.15,83.99,214.17
503644,10610,2003,2024-01-24,2.0,0.0,102.51,205.02
503645,10695,2020,2025-09-06,1.0,0.0,145.5,145.5
503646,10640,2006,2024-06-11,1.0,0.1,145.53,130.98
503647,10229,2027,2025-09-02,1.0,0.0,58.32,58.32
503648,10317,2023,2024-05-24,1.0,0.0,61.98,61.98
503649,10598,2007,2024-04-14,2.0,0.1,92.1,165.78
503650,10768,2014,2025-01-17,1.0,0.0,65.22,65.22
503651,10721,2012,2025-03-31,1.0,0.0,93.71,93.71
503652,10727,2016,2025-02-21,2.0,0.05,76.81,145.94
503653,10886,2020,2024-11-20,1.0,0.15,145.5,123.68
503654,10612,2008,2024-06-20,1.0,0.0,131.55,131.55
503655,10561,2023,2025-07-30,2.0,0.0,61.98,123.96
503656,10201,2002,2025-08-06,1.0,0.0,16.22,16.22
503657,10948,2013,2024-10-01,1.0,0.1,111.92,100.73
503658,10258,2008,2025-03-28,2.0,0.0,131.55,263.1
503659,10480,2025,2024-05-05,2.0,0.15,145.48,247.32
503660,10888,2021,2025-01-18,1.0,0.0,144.34,144.34
503661,10178,2020,2024-11-13,3.0,0.1,145.5,392.85
503662,10757,2016,2024-04-17,1.0,0.1,76.81,69.13
503663,10123,2004,2025-10-22,1.0,0.0,83.99,83.99
503664,10342,2029,2025-04-08,1.0,0.15,107.84,91.66
503665,10171,2016,2025-03-06,1.0,0.1,76.81,69.13
503666,10845,2020,2025-12-05,2.0,0.0,145.5,291.0
503667,10648,2006,2024-12-03,1.0,0.05,145.53,138.25
503668,10059,2027,2025-05-11,2.0,0.0,58.32,116.64
503669,10705,2004,2024-12-28,1.0,0.15,83.99,71.39
503670,10465,2016,2025-03-08,1.0,0.05,76.81,72.97
503671,10780,2023,2025-11-06,1.0,0.1,61.98,55.78
503672,10260,2023,2025-06-04,2.0,0.0,61.98,123.96
503673,10373,2021,2025-02-10,2.0,0.0,144.34,288.68
503674,10973,2013,2025-01-12,2.0,0.15,111.92,190.26
503675,10095,2005,2024-06-01,1.0,0.1,75.13,67.62
503676,10125,2015,2024-11-18,1.0,0.0,27.47,27.47
503677,10041,2026,2025-08-30,1.0,0.05,74.85,71.11
503678,10891,2008,2024-08-02,1.0,0.0,131.55,131.55
503679,10254,2007,2025-07-30,1.0,0.0,92.1,92.1
503680,10007,2014,2024-03-06,1.0,0.05,65.22,61.96
503681,10471,2007,2024-09-27,1.0,0.0,92.1,92.1
503682,10728,2022,2025-06-21,2.0,0.15,48.42,82.31
503683,10511,2007,2024-04-10,1.0,0.1,92.1,82.89
503684,10581,2023,2024-04-15,1.0,0.1,61.98,55.78
503685,10069,2026,2024-05-11,3.0,0.15,74.85,190.87
503686,10081,2030,2025-01-24,1.0,0.0,51.91,51.91
503687,10542,2018,2024-11-17,1.0,0.1,132.04,118.84
503688,10585,2030,2025-03-14,2.0,0.0,51.91,103.82
503689,10262,2010,2024-01-20,2.0,0.15,91.83,156.11
503690,10089,2018,2024-08-13,2.0,0.0,132.04,264.08
503691,10915,2014,2025-09-10,3.0,0.0,65.22,195.66
503692,10208,2010,2025-07-20,1.0,0.0,91.83,91.83
503693,10213,2007,2025-04-05,1.0,0.0,92.1,92.1
503694,10834,2030,2025-01-29,1.0,0.0,51.91,51.91
503695,10266,2026,2024-08-14,3.0,0.0,74.85,224.55
503696,10912,2007,2024-12-26,2.0,0.1,92.1,165.78
503697,10293,2007,2025-03-06,1.0,0.0,92.1,92.1
503698,10207,2005,2024-01-16,2.0,0.05,75.13,142.75
503699,10333,2001,2025-07-14,2.0,0.0,50.2,100.4
503700,10077,2014,2025-10-13,3.0,0.15,65.22,166.31
503701,10288,2018,2025-06-30,3.0,0.15,132.04,336.7
503702,10047,2013,2025-02-18,2.0,0.1,111.92,201.46
503703,10622,2025,2024-12-21,2.0,0.15,145.48,247.32
503704,10200,2008,2025-04-02,2.0,0.0,131.55,263.1
503705,10427,2008,2025-12-23,2.0,0.1,131.55,236.79
503706,10210,2010,2025-06-15,2.0,0.15,91.83,156.11
503707,10888,2017,2024-07-15,1.0,0.0,68.24,68.24
503708,10420,2006,2024-04-25,3.0,0.0,145.53,436.59
503709,10154,2015,2025-02-21,2.0,0.0,27.47,54.94
503710,10522,2015,2024-12-18,1.0,0.15,27.47,23.35
503711,10415,2025,2024-03-16,1.0,0.0,145.48,145.48
503712,10353,2016,2025-10-24,1.0,0.0,76.81,76.81
503713,10157,2008,2024-02-06,1.0,0.15,131.55,111.82
503714,10261,2019,2024-08-30,1.0,0.0,47.93,47.93
503715,10077,2020,2025-10-25,1.0,0.0,145.5,145.5
503716,10769,2015,2024-03-04,1.0,0.05,27.47,26.1
503717,10983,2003,2025-10-28,2.0,0.0,102.51,205.02
503718,10488,2006,2025-05-24,2.0,0.15,145.53,247.4
503719,10131,2030,2024-07-07,2.0,0.15,51.91,88.25
503720,10579,2025,2024-04-03,1.0,0.0,145.48,145.48
503721,10455,2008,2024-01-06,2.0,0.15,131.55,223.64
503722,10740,2016,2025-03-14,2.0,0.05,76.81,145.94
503723,10163,2015,2024-06-15,1.0,0.1,27.47,24.72
503724,10015,2013,2025-03-22,3.0,0.0,111.92,335.76
503725,10232,2026,2024-01-26,1.0,0.1,74.85,67.36
503726,10195,2020,2025-05-23,2.0,0.05,145.5,276.45
503727,10861,2015,2024-04-08,3.0,0.0,27.47,82.41
503728,10542,2018,2024-09-25,2.0,0.0,132.04,264.08
503729,10359,2013,2025-10-24,3.0,0.0,111.92,335.76
503730,10850,2024,2025-01-28,2.0,0.0,135.89,271.78
503731,10331,2008,2025-08-19,2.0,0.0,131.55,263.1
503732,10427,2014,2024-10-12,1.0,0.0,65.22,65.22
503733,10497,2028,2025-11-15,1.0,0.0,86.01,86.01
503734,10828,2011,2024-04-19,3.0,0.1,132.17,356.86
503735,10486,2006,2024-01-28,3.0,0.1,145.53,392.93
503736,10808,2030,2024-02-25,2.0,0.05,51.91,98.63
503737,10449,2024,2024-05-13,2.0,0.0,135.89,271.78
503738,10413,2025,2024-02-22,2.0,0.15,145.48,247.32
503739,10330,2029,2025-05-08,1.0,0.1,107.84,97.06
503740,10732,2001,2024-10-25,1.0,0.05,50.2,47.69
503741,10889,2025,2025-02-03,1.0,0.0,145.48,145.48
503742,10991,2002,2025-08-14,2.0,0.0,16.22,32.44
503743,10147,2030,2024-01-19,1.0,0.0,51.91,51.91
503744,10259,2013,2025-09-11,2.0,0.0,111.92,223.84
503745,10292,2001,2025-07-13,1.0,0.0,50.2,50.2
503746,10811,2024,2024-09-03,1.0,0.05,135.89,129.1
503747,10143,2024,2025-05-18,1.0,0.0,135.89,135.89
503748,10993,2027,2024-03-30,1.0,0.15,58.32,49.57
503749,10937,2004,2024-07-22,1.0,0.15,83.99,71.39
503750,10747,2024,2024-08-28,3.0,0.0,135.89,407.67
503751,10627,2023,2025-05-05,1.0,0.05,61.98,58.88
503752,10365,2029,2024-01-14,3.0,0.0,107.84,323.52
503753,10090,2002,2025-10-11,2.0,0.0,16.22,32.44
503754,10720,2021,2024-11-11,3.0,0.05,144.34,411.37
503755,10164,2030,2025-11-16,2.0,0.1,51.91,93.44
503756,10481,2026,2024-07-17,2.0,0.05,74.85,142.21
503757,10084,2020,2024-08-31,2.0,0.0,145.5,291.0
503758,10077,2016,2025-05-22,3.0,0.1,76.81,207.39
503759,10673,2003,2024-02-13,1.0,0.15,102.51,87.13
503760,10517,2017,2024-11-26,2.0,0.15,68.24,116.01
503761,10485,2005,2025-08-14,1.0,0.0,75.13,75.13
503762,10590,2026,2025-03-05,1.0,0.0,74.85,74.85
503763,10603,2008,2025-09-05,2.0,0.05,131.55,249.95
503764,10599,2012,2024-06-11,1.0,0.05,93.71,89.02
503765,10782,2025,2025-10-18,2.0,0.0,145.48,290.96
503766,10104,2023,2025-09-13,2.0,0.0,61.98,123.96
503767,10452,2012,2025-03-11,1.0,0.15,93.71,79.65
503768,10487,2027,2024-08-21,2.0,0.0,58.32,116.64
503769,10339,2001,2024-04-21,2.0,0.0,50.2,100.4
503770,10687,2001,2024-08-20,2.0,0.15,50.2,85.34
503771,10566,2015,2025-12-10,2.0,0.05,27.47,52.19
503772,10900,2017,2024-09-30,1.0,0.05,68.24,64.83
503773,10478,2002,2025-08-21,2.0,0.0,16.22,32.44
503774,10723,2017,2024-02-11,1.0,0.0,68.24,68.24
503775,10607,2020,2025-07-14,3.0,0.15,145.5,371.02
503776,10223,2026,2025-04-11,2.0,0.05,74.85,142.21
503777,10009,2009,2024-03-18,2.0,0.15,33.82,57.49
503778,10053,2012,2025-11-21,2.0,0.0,93.71,187.42
503779,10077,2004,2025-05-05,3.0,0.05,83.99,239.37
503780,10718,2013,2024-04-27,2.0,0.15,111.92,190.26
503781,10503,2004,2025-03-10,1.0,0.0,83.99,83.99
503782,10316,2007,2024-01-20,3.0,0.0,92.1,276.3
503783,10814,2014,2025-07-25,1.0,0.0,65.22,65.22
503784,10822,2027,2024-07-15,1.0,0.0,58.32,58.32
503785,10842,2009,2025-09-11,1.0,0.0,33.82,33.82
503786,10624,2023,2025-03-27,1.0,0.15,61.98,52.68
503787,10863,2001,2025-03-01,1.0,0.0,50.2,50.2
503788,10165,2001,2025-01-29,2.0,0.15,50.2,85.34
503789,10279,2020,2024-10-11,1.0,0.0,145.5,145.5
503790,10027,2004,2024-02-04,2.0,0.15,83.99,142.78
503791,10070,2001,2024-10-22,2.0,0.05,50.2,95.38
503792,10218,2022,2024-09-08,1.0,0.15,48.42,41.16
503793,10962,2010,2025-09-30,2.0,0.0,91.83,183.66
503794,10365,2002,2024-12-05,1.0,0.05,16.22,15.41
503795,10701,2027,2025-09-10,2.0,0.05,58.32,110.81
503796,10845,2021,2025-03-16,2.0,0.0,144.34,288.68
503797,10947,2024,2024-06-29,3.0,0.1,135.89,366.9
503798,10306,2015,2025-09-14,2.0,0.0,27.47,54.94
503799,10124,2003,2024-08-16,1.0,0.05,102.51,97.38
503800,10019,2025,2025-09-25,1.0,0.1,145.48,130.93
503801,10257,2023,2025-09-11,3.0,0.1,61.98,167.35
503802,10296,2009,2025-10-05,1.0,0.05,33.82,32.13
503803,10928,2017,2024-01-24,1.0,0.0,68.24,68.24
503804,10022,2021,2025-10-19,2.0,0.0,144.34,288.68
503805,10880,2028,2024-11-23,2.0,0.05,86.01,163.42
503806,10989,2013,2024-06-03,2.0,0.0,111.92,223.84
503807,10450,2003,2025-09-11,2.0,0.0,102.51,205.02
503808,10552,2004,2024-05-26,3.0,0.0,83.99,251.97
503809,10550,2004,2024-09-09,1.0,0.1,83.99,75.59
503810,10048,2011,2024-10-29,1.0,0.0,132.17,132.17
503811,10695,2028,2024-03-11,3.0,0.0,86.01,258.03
503812,10587,2007,2025-06-27,1.0,0.0,92.1,92.1
503813,10721,2026,2024-04-03,1.0,0.0,74.85,74.85
503814,10183,2011,2025-10-11,1.0,0.05,132.17,125.56
503815,10435,2024,2024-06-12,3.0,0.0,135.89,407.67
503816,10107,2011,2024-03-22,2.0,0.05,132.17,251.12
503817,10188,2010,2025-08-11,1.0,0.0,91.83,91.83
503818,10776,2005,2024-03-04,3.0,0.1,75.13,202.85
503819,10086,2013,2025-09-04,3.0,0.0,111.92,335.76
503820,10836,2029,2025-03-12,2.0,0.0,107.84,215.68
503821,10843,2012,2024-02-18,1.0,0.1,93.71,84.34
503822,10456,2010,2025-03-21,2.0,0.05,91.83,174.48
503823,10137,2007,2024-03-15,1.0,0.05,92.1,87.49
503824,10858,2019,2025-12-05,1.0,0.0,47.93,47.93
503825,10898,2019,2025-06-26,2.0,0.0,47.93,95.86
503826,10336,2019,2024-06-06,3.0,0.15,47.93,122.22
503827,10607,2012,2025-05-02,2.0,0.05,93.71,178.05
503828,10838,2020,2024-09-23,2.0,0.05,145.5,276.45
503829,10757,2022,2024-09-13,1.0,0.0,48.42,48.42
503830,10469,2015,2024-02-09,3.0,0.0,27.47,82.41
503831,10602,2005,2024-02-25,1.0,0.0,75.13,75.13
503832,10571,2024,2024-01-29,1.0,0.0,135.89,135.89
503833,10403,2030,2024-04-28,1.0,0.05,51.91,49.31
503834,10540,2014,2025-01-05,1.0,0.15,65.22,55.44
503835,10072,2012,2024-07-28,1.0,0.0,93.71,93.71
503836,10782,2029,2025-08-10,1.0,0.05,107.84,102.45
503837,10024,2021,2025-07-31,2.0,0.0,144.34,288.68
503838,10624,2011,2025-09-04,1.0,0.0,132.17,132.17
503839,10812,2028,2025-07-12,1.0,0.05,86.01,81.71
503840,10485,2005,2024-11-12,1.0,0.0,75.13,75.13
503841,10056,2016,2025-01-28,2.0,0.0,76.81,153.62
503842,10986,2030,2025-03-20,3.0,0.05,51.91,147.94
503843,10223,2026,2025-10-30,1.0,0.1,74.85,67.36
503844,10632,2018,2024-09-16,3.0,0.1,132.04,356.51
503845,10179,2012,2025-10-10,1.0,0.0,93.71,93.71
503846,10800,2027,2024-07-17,3.0,0.0,58.32,174.96
503847,10434,2027,2025-11-30,2.0,0.15,58.32,99.14
503848,10937,2005,2025-09-20,2.0,0.0,75.13,150.26
503849,10450,2016,2025-03-21,3.0,0.0,76.81,230.43
503850,10793,2012,2025-07-24,1.0,0.0,93.71,93.71
503851,10884,2023,2025-08-05,1.0,0.05,61.98,58.88
503852,10492,2002,2025-08-28,1.0,0.1,16.22,14.6
503853,10189,2030,2025-10-11,1.0,0.0,51.91,51.91
503854,10578,2029,2025-09-09,1.0,0.0,107.84,107.84
503855,10810,2006,2024-11-01,2.0,0.0,145.53,291.06
503856,10961,2023,2024-12-05,1.0,0.15,61.98,52.68
503857,10420,2021,2025-06-13,2.0,0.0,144.34,288.68
503858,10249,2025,2024-02-24,2.0,0.0,145.48,290.96
503859,10588,2030,2024-04-22,2.0,0.0,51.91,103.82
503860,10649,2004,2025-11-15,2.0,0.0,83.99,167.98
503861,10164,2030,2025-02-23,1.0,0.0,51.91,51.91
503862,10745,2030,2024-11-01,1.0,0.05,51.91,49.31
503863,10255,2013,2025-03-14,2.0,0.0,111.92,223.84
503864,10476,2010,2025-10-18,1.0,0.0,91.83,91.83
503865,10806,2017,2024-03-26,2.0,0.0,68.24,136.48
503866,10417,2014,2025-06-08,2.0,0.05,65.22,123.92
503867,10170,2024,2024-09-09,3.0,0.0,135.89,407.67
503868,10317,2015,2025-12-29,2.0,0.0,27.47,54.94
503869,10174,2008,2024-05-06,1.0,0.0,131.55,131.55
503870,10470,2023,2025-09-02,1.0,0.0,61.98,61.98
503871,10345,2024,2025-02-09,3.0,0.05,135.89,387.29
503872,10445,2018,2024-10-31,1.0,0.05,132.04,125.44
503873,10018,2003,2024-01-29,2.0,0.0,102.51,205.02
503874,10070,2025,2024-09-23,1.0,0.0,145.48,145.48
503875,10338,2017,2024-02-22,1.0,0.1,68.24,61.42
503876,10628,2024,2025-10-17,2.0,0.1,135.89,244.6
503877,10592,2024,2025-10-06,1.0,0.0,135.89,135.89
503878,10527,2007,2025-05-26,2.0,0.1,92.1,165.78
503879,10688,2013,2024-07-26,3.0,0.05,111.92,318.97
503880,10456,2030,2025-07-28,2.0,0.1,51.91,93.44
503881,10269,2027,2025-05-26,2.0,0.0,58.32,116.64
503882,10631,2016,2025-10-06,1.0,0.0,76.81,76.81
503883,10811,2005,2025-07-07,2.0,0.15,75.13,127.72
503884,10188,2004,2024-07-20,2.0,0.0,83.99,167.98
503885,10569,2026,2025-09-03,1.0,0.0,74.85,74.85
503886,10711,2010,2024-10-11,1.0,0.0,91.83,91.83
503887,10529,2013,2024-12-23,3.0,0.0,111.92,335.76
503888,10434,2010,2024-02-17,1.0,0.15,91.83,78.06
503889,10288,2014,2024-05-17,1.0,0.0,65.22,65.22
503890,10918,2026,2024-05-10,2.0,0.0,74.85,149.7
503891,10567,2022,2024-07-14,2.0,0.1,48.42,87.16
503892,10499,2012,2025-09-21,1.0,0.0,93.71,93.71
503893,10441,2027,2024-12-30,1.0,0.0,58.32,58.32
503894,10781,2001,2025-03-08,2.0,0.0,50.2,100.4
503895,10303,2029,2024-03-10,3.0,0.0,107.84,323.52
503896,10087,2021,2025-04-03,2.0,0.0,144.34,288.68
503897,10830,2030,2025-06-24,1.0,0.0,51.91,51.91
503898,10438,2020,2024-12-01,2.0,0.0,145.5,291.0
503899,10541,2020,2025-06-10,2.0,0.1,145.5,261.9
503900,10022,2007,2025-07-12,1.0,0.0,92.1,92.1
503901,10833,2009,2024-01-17,1.0,0.15,33.82,28.75
503902,10797,2008,2025-04-01,1.0,0.0,131.55,131.55
503903,10560,2027,2025-05-25,1.0,0.1,58.32,52.49
503904,10517,2013,2024-07-28,2.0,0.1,111.92,201.46
503905,10762,2014,2024-06-07,3.0,0.0,65.22,195.66
503906,10675,2012,2024-12-03,2.0,0.0,93.71,187.42
503907,10503,2008,2024-08-29,3.0,0.0,131.55,394.65
503908,10714,2021,2024-02-28,1.0,0.05,144.34,137.12
503909,10467,2022,2024-11-01,1.0,0.05,48.42,46.0
503910,10101,2018,2024-12-11,2.0,0.0,132.04,264.08
503911,10583,2016,2025-10-04,1.0,0.0,76.81,76.81
503912,10942,2029,2025-12-30,3.0,0.0,107.84,323.52
503913,10675,2011,2024-01-15,2.0,0.0,132.17,264.34
503914,10685,2016,2024-12-25,1.0,0.1,76.81,69.13
503915,10141,2014,2025-01-12,1.0,0.0,65.22,65.22
503916,10138,2003,2024-08-31,1.0,0.1,102.51,92.26
503917,10578,2021,2024-05-25,1.0,0.1,144.34,129.91
503918,10710,2002,2025-02-19,3.0,0.05,16.22,46.23
503919,10840,2003,2025-01-29,1.0,0.05,102.51,97.38
503920,10228,2004,2025-09-07,2.0,0.15,83.99,142.78
503921,10281,2022,2025-12-30,1.0,0.0,48.42,48.42
503922,10684,2005,2024-12-24,2.0,0.15,75.13,127.72
503923,10828,2010,2025-07-30,1.0,0.0,91.83,91.83
503924,10431,2020,2024-06-07,1.0,0.0,145.5,145.5
503925,10040,2029,2025-11-05,1.0,0.0,107.84,107.84
503926,10519,2002,2024-01-19,2.0,0.0,16.22,32.44
503927,10686,2012,2025-12-29,1.0,0.0,93.71,93.71
503928,10663,2027,2025-07-15,1.0,0.0,58.32,58.32
503929,10211,2005,2025-07-22,3.0,0.0,75.13,225.39
503930,10302,2005,2024-12-13,3.0,0.1,75.13,202.85
503931,10086,2027,2024-02-28,1.0,0.0,58.32,58.32
503932,10397,2023,2024-06-04,2.0,0.1,61.98,111.56
503933,10253,2001,2025-07-21,1.0,0.1,50.2,45.18
503934,10533,2004,2025-05-02,1.0,0.1,83.99,75.59
503935,10769,2027,2025-06-15,3.0,0.0,58.32,174.96
503936,10891,2021,2025-05-02,1.0,0.15,144.34,122.69
503937,10915,2024,2024-05-31,1.0,0.0,135.89,135.89
503938,10381,2012,2024-12-25,1.0,0.0,93.71,93.71
503939,10444,2012,2025-01-03,1.0,0.15,93.71,79.65
503940,10033,2016,2025-09-12,2.0,0.15,76.81,130.58
503941,10260,2024,2024-02-17,1.0,0.15,135.89,115.51
503942,10234,2017,2024-07-26,1.0,0.0,68.24,68.24
503943,10515,2021,2025-03-26,3.0,0.0,144.34,433.02
503944,10859,2010,2025-04-28,1.0,0.0,91.83,91.83
503945,10308,2017,2025-10-02,3.0,0.15,68.24,174.01
503946,10739,2017,2025-11-28,1.0,0.15,68.24,58.0
503947,10796,2018,2025-07-24,1.0,0.05,132.04,125.44
503948,10070,2002,2024-05-23,2.0,0.15,16.22,27.57
503949,10454,2025,2025-02-04,3.0,0.15,145.48,370.97
503950,10439,2004,2024-04-07,1.0,0.05,83.99,79.79
503951,10825,2019,2024-02-17,1.0,0.0,47.93,47.93
503952,10364,2011,2024-07-10,1.0,0.0,132.17,132.17
503953,10983,2017,2024-05-20,2.0,0.1,68.24,122.83
503954,10766,2012,2025-09-07,2.0,0.0,93.71,187.42
503955,10481,2002,2024-08-19,1.0,0.0,16.22,16.22
503956,10144,2006,2024-12-06,3.0,0.0,145.53,436.59
503957,10024,2009,2025-05-06,2.0,0.05,33.82,64.26
503958,10965,2005,2024-02-19,1.0,0.15,75.13,63.86
503959,10425,2020,2025-09-16,2.0,0.15,145.5,247.35
503960,10746,2029,2025-03-29,2.0,0.1,107.84,194.11
503961,10845,2021,2024-11-12,3.0,0.0,144.34,433.02
503962,10175,2009,2024-11-18,1.0,0.15,33.82,28.75
503963,10844,2028,2024-03-28,2.0,0.0,86.01,172.02
503964,10325,2029,2025-04-19,1.0,0.0,107.84,107.84
503965,10869,2023,2024-10-09,2.0,0.1,61.98,111.56
503966,10671,2008,2024-03-15,1.0,0.0,131.55,131.55
503967,10860,2020,2025-03-29,2.0,0.0,145.5,291.0
503968,10348,2027,2024-02-17,1.0,0.0,58.32,58.32
503969,10798,2008,2025-08-11,1.0,0.0,131.55,131.55
503970,10018,2022,2024-04-06,3.0,0.0,48.42,145.26
503971,10044,2021,2024-02-01,1.0,0.0,144.34,144.34
503972,10155,2029,2025-06-18,2.0,0.05,107.84,204.9
503973,10867,2028,2024-01-18,3.0,0.1,86.01,232.23
503974,10922,2023,2024-07-31,1.0,0.0,61.98,61.98
503975,10377,2006,2025-10-22,1.0,0.0,145.53,145.53
503976,10743,2003,2024-08-23,1.0,0.15,102.51,87.13
503977,10883,2005,2025-01-27,1.0,0.15,75.13,63.86
503978,10828,2009,2024-12-20,2.0,0.0,33.82,67.64
503979,10402,2007,2024-11-01,1.0,0.0,92.1,92.1
503980,10225,2028,2025-08-22,3.0,0.0,86.01,258.03
503981,10217,2004,2025-07-04,1.0,0.0,83.99,83.99
503982,10568,2007,2025-07-19,2.0,0.1,92.1,165.78
503983,10031,2005,2025-06-24,3.0,0.1,75.13,202.85
503984,10869,2011,2025-08-12,2.0,0.0,132.17,264.34
503985,10059,2029,2025-05-24,1.0,0.15,107.84,91.66
503986,10892,2015,2025-12-13,3.0,0.15,27.47,70.05
503987,10898,2002,2025-01-30,1.0,0.0,16.22,16.22
503988,10353,2013,2025-03-07,1.0,0.0,111.92,111.92
503989,10935,2022,2025-11-16,1.0,0.0,48.42,48.42
503990,10445,2016,2025-07-16,2.0,0.0,76.81,153.62
503991,10235,2007,2024-06-26,1.0,0.0,92.1,92.1
503992,10107,2008,2025-02-10,1.0,0.15,131.55,111.82
503993,10191,2006,2024-10-28,1.0,0.05,145.53,138.25
503994,10992,2024,2025-03-21,1.0,0.0,135.89,135.89
503995,10530,2007,2024-05-07,2.0,0.0,92.1,184.2
503996,10913,2018,2024-12-15,3.0,0.0,132.04,396.12
503997,10738,2030,2024-01-22,1.0,0.0,51.91,51.91
503998,10679,2022,2025-12-12,3.0,0.0,48.42,145.26
503999,10583,2025,2025-12-02,1.0,0.0,145.48,145.48
504000,10874,2028,2025-02-24,1.0,0.1,86.01,77.41
504001,10566,2022,2024-06-01,1.0,0.0,48.42,48.42
504002,10245,2020,2024-06-09,1.0,0.15,145.5,123.68
504003,10995,2007,2025-04-25,2.0,0.05,92.1,174.99
504004,10862,2003,2025-03-19,2.0,0.0,102.51,205.02
504005,10076,2005,2024-04-06,3.0,0.15,75.13,191.58
504006,10547,2001,2024-12-18,2.0,0.15,50.2,85.34
504007,10267,2015,2024-03-16,1.0,0.05,27.47,26.1
504008,10317,2026,2025-08-17,2.0,0.0,74.85,149.7
504009,10812,2003,2025-10-02,2.0,0.0,102.51,205.02
504010,10121,2008,2024-12-25,2.0,0.05,131.55,249.95
504011,10836,2025,2024-05-13,2.0,0.15,145.48,247.32
504012,10025,2009,2025-02-04,1.0,0.0,33.82,33.82
504013,10432,2015,2024-05-19,1.0,0.0,27.47,27.47
504014,10160,2010,2024-09-03,1.0,0.1,91.83,82.65
504015,10596,2002,2024-10-18,2.0,0.05,16.22,30.82
504016,10114,2020,2024-04-22,1.0,0.15,145.5,123.68
504017,10735,2005,2025-12-16,1.0,0.0,75.13,75.13
504018,10900,2019,2024-06-19,3.0,0.15,47.93,122.22
504019,10502,2013,2025-08-22,2.0,0.1,111.92,201.46
504020,10166,2011,2025-09-23,1.0,0.0,132.17,132.17
504021,10703,2001,2025-09-02,1.0,0.0,50.2,50.2
504022,10175,2022,2024-08-28,3.0,0.05,48.42,138.0
504023,10001,2030,2024-12-03,2.0,0.0,51.91,103.82
504024,10899,2015,2024-05-18,1.0,0.1,27.47,24.72
504025,10741,2026,2025-08-17,1.0,0.15,74.85,63.62
504026,10086,2018,2024-08-24,2.0,0.1,132.04,237.67
504027,10574,2016,2025-10-10,1.0,0.0,76.81,76.81
504028,10320,2009,2024-01-04,2.0,0.0,33.82,67.64
504029,10401,2001,2025-07-25,1.0,0.05,50.2,47.69
504030,10382,2011,2024-04-26,1.0,0.05,132.17,125.56
504031,10718,2009,2025-04-17,1.0,0.15,33.82,28.75
504032,10617,2023,2024-05-11,2.0,0.15,61.98,105.37
504033,10318,2011,2025-04-28,1.0,0.15,132.17,112.34
504034,10803,2013,2025-02-05,2.0,0.0,111.92,223.84
504035,10250,2026,2024-07-20,3.0,0.1,74.85,202.1
504036,10525,2002,2024-10-19,3.0,0.15,16.22,41.36
504037,10675,2014,2024-12-08,2.0,0.0,65.22,130.44
504038,10555,2006,2025-09-02,1.0,0.15,145.53,123.7
504039,10898,2008,2024-08-04,2.0,0.1,131.55,236.79
504040,10952,2018,2025-09-28,1.0,0.0,132.04,132.04
504041,10623,2016,2025-08-08,3.0,0.0,76.81,230.43
504042,10717,2021,2025-01-01,3.0,0.0,144.34,433.02
504043,10896,2029,2025-10-04,1.0,0.1,107.84,97.06
504044,10256,2012,2025-04-14,1.0,0.15,93.71,79.65
504045,10307,2011,2025-02-22,3.0,0.1,132.17,356.86
504046,10950,2006,2024-01-28,1.0,0.1,145.53,130.98
504047,10144,2003,2025-11-08,1.0,0.0,102.51,102.51
504048,10658,2014,2025-03-31,1.0,0.1,65.22,58.7
504049,10391,2028,2025-08-03,3.0,0.0,86.01,258.03
504050,10813,2002,2024-01-15,2.0,0.0,16.22,32.44
504051,10676,2011,2024-04-08,1.0,0.0,132.17,132.17
504052,10169,2022,2024-10-06,1.0,0.15,48.42,41.16
504053,10990,2003,2025-05-05,1.0,0.05,102.51,97.38
504054,10298,2018,2025-09-16,2.0,0.15,132.04,224.47
504055,10233,2001,2024-07-26,1.0,0.0,50.2,50.2
504056,10903,2030,2024-08-21,2.0,0.0,51.91,103.82
504057,10271,2024,2025-07-27,3.0,0.0,135.89,407.67
504058,10060,2001,2025-08-20,1.0,0.1,50.2,45.18
504059,10296,2012,2025-11-26,1.0,0.1,93.71,84.34
504060,10467,2015,2024-08-27,2.0,0.0,27.47,54.94
504061,10235,2005,2024-09-07,2.0,0.1,75.13,135.23
504062,10677,2027,2025-08-06,1.0,0.0,58.32,58.32
504063,10706,2006,2025-08-20,1.0,0.15,145.53,123.7
504064,10234,2016,2024-11-02,1.0,0.05,76.81,72.97
504065,10368,2027,2025-04-08,2.0,0.15,58.32,99.14
504066,10695,2012,2024-08-24,1.0,0.05,93.71,89.02
504067,10845,2012,2024-10-18,3.0,0.0,93.71,281.13
504068,10232,2003,2024-02-09,1.0,0.0,102.51,102.51
504069,10873,2030,2025-12-19,2.0,0.0,51.91,103.82
504070,10491,2023,2024-07-02,2.0,0.15,61.98,105.37
504071,10619,2002,2025-11-30,1.0,0.1,16.22,14.6
504072,10503,2007,2025-10-07,1.0,0.0,92.1,92.1
504073,10890,2002,2024-01-31,1.0,0.05,16.22,15.41
504074,10735,2021,2025-01-23,2.0,0.0,144.34,288.68
504075,10592,2007,2024-05-23,1.0,0.05,92.1,87.49
504076,10746,2011,2025-09-07,2.0,0.0,132.17,264.34
504077,10381,2011,2025-02-23,1.0,0.1,132.17,118.95
504078,10696,2014,2024-03-15,3.0,0.1,65.22,176.09
504079,10428,2003,2024-02-25,1.0,0.0,102.51,102.51
504080,10697,2014,2025-07-26,3.0,0.0,65.22,195.66
504081,10646,2011,2024-01-25,2.0,0.0,132.17,264.34
504082,10732,2004,2024-01-23,1.0,0.0,83.99,83.99
504083,10800,2017,2025-03-04,1.0,0.0,68.24,68.24
504084,10364,2016,2024-02-02,1.0,0.0,76.81,76.81
504085,10202,2003,2024-12-05,1.0,0.0,102.51,102.51
504086,10882,2025,2025-05-30,2.0,0.1,145.48,261.86
504087,10146,2010,2025-05-27,1.0,0.0,91.83,91.83
504088,10836,2021,2024-03-11,1.0,0.0,144.34,144.34
504089,10639,2015,2025-11-03,2.0,0.0,27.47,54.94
504090,10457,2008,2024-03-29,2.0,0.05,131.55,249.95
504091,10135,2018,2025-07-25,3.0,0.0,132.04,396.12
504092,10626,2003,2024-08-07,2.0,0.0,102.51,205.02
504093,10264,2007,2025-12-14,1.0,0.15,92.1,78.28
504094,10064,2030,2025-08-12,2.0,0.0,51.91,103.82
504095,10491,2010,2024-09-27,2.0,0.0,91.83,183.66
504096,10647,2020,2025-10-13,1.0,0.1,145.5,130.95
504097,10041,2009,2024-03-19,3.0,0.1,33.82,91.31
504098,10296,2014,2025-08-15,1.0,0.15,65.22,55.44
504099,10003,2023,2024-01-11,2.0,0.0,61.98,123.96
504100,10913,2014,2025-04-13,2.0,0.1,65.22,117.4
504101,10706,2011,2024-12-02,2.0,0.1,132.17,237.91
504102,10975,2028,2025-09-28,1.0,0.0,86.01,86.01
504103,10110,2001,2024-07-05,2.0,0.1,50.2,90.36
504104,10221,2004,2025-06-30,1.0,0.1,83.99,75.59
504105,10370,2026,2024-05-01,1.0,0.0,74.85,74.85
504106,10368,2027,2025-08-15,1.0,0.1,58.32,52.49
504107,10436,2006,2025-12-19,1.0,0.0,145.53,145.53
504108,10918,2022,2025-07-19,1.0,0.1,48.42,43.58
504109,10004,2026,2025-10-30,2.0,0.0,74.85,149.7
504110,10244,2022,2024-10-01,2.0,0.1,48.42,87.16
504111,10902,2005,2025-02-14,1.0,0.0,75.13,75.13
504112,10166,2003,2024-12-24,3.0,0.1,102.51,276.78
504113,10026,2002,2025-10-09,1.0,0.15,16.22,13.79
504114,10395,2003,2024-04-08,1.0,0.0,102.51,102.51
504115,10474,2009,2024-08-29,1.0,0.1,33.82,30.44
504116,10017,2019,2025-07-11,2.0,0.0,47.93,95.86
504117,10728,2019,2025-12-12,2.0,0.0,47.93,95.86
504118,10092,2017,2024-04-24,3.0,0.0,68.24,204.72
504119,10483,2018,2025-05-02,2.0,0.0,132.04,264.08
504120,10543,2011,2024-08-29,3.0,0.0,132.17,396.51
504121,10205,2012,2024-06-05,1.0,0.0,93.71,93.71
504122,10502,2003,2024-12-18,1.0,0.15,102.51,87.13
504123,10931,2018,2024-02-14,1.0,0.15,132.04,112.23
504124,10400,2024,2025-08-15,1.0,0.0,135.89,135.89
504125,10207,2006,2024-11-08,2.0,0.1,145.53,261.95
504126,10619,2007,2024-05-18,2.0,0.0,92.1,184.2
504127,10146,2001,2025-10-25,2.0,0.0,50.2,100.4
504128,10879,2006,2025-03-12,3.0,0.15,145.53,371.1
504129,10101,2018,2024-05-23,3.0,0.05,132.04,376.31
504130,10880,2013,2024-10-26,1.0,0.1,111.92,100.73
504131,10830,2022,2025-07-16,2.0,0.0,48.42,96.84
504132,10880,2019,2024-09-19,3.0,0.15,47.93,122.22
504133,10241,2007,2025-05-27,3.0,0.0,92.1,276.3
504134,10923,2019,2025-11-04,2.0,0.15,47.93,81.48
504135,10759,2009,2024-03-03,3.0,0.0,33.82,101.46
504136,10163,2003,2025-07-21,2.0,0.0,102.51,205.02
504137,10884,2023,2025-02-27,1.0,0.15,61.98,52.68
504138,10173,2012,2025-01-31,2.0,0.15,93.71,159.31
504139,10502,2020,2024-02-01,2.0,0.15,145.5,247.35
504140,10547,2024,2024-11-26,2.0,0.0,135.89,271.78
504141,10284,2030,2024-06-18,1.0,0.15,51.91,44.12
504142,10359,2018,2024-09-23,2.0,0.0,132.04,264.08
504143,10381,2008,2024-11-04,1.0,0.1,131.55,118.4
504144,10870,2009,2025-04-04,2.0,0.0,33.82,67.64
504145,10905,2013,2024-07-04,3.0,0.15,111.92,285.4
504146,10972,2008,2024-11-30,1.0,0.0,131.55,131.55
504147,10911,2022,2025-05-30,2.0,0.05,48.42,92.0
504148,10533,2010,2025-03-17,1.0,0.15,91.83,78.06
504149,10820,2017,2025-11-04,1.0,0.0,68.24,68.24
504150,10163,2007,2025-01-26,1.0,0.0,92.1,92.1
504151,10609,2017,2025-07-14,3.0,0.0,68.24,204.72
504152,10307,2023,2024-09-11,2.0,0.15,61.98,105.37
504153,10339,2030,2025-08-09,2.0,0.0,51.91,103.82
504154,10055,2018,2024-12-01,1.0,0.0,132.04,132.04
504155,10983,2024,2025-02-04,1.0,0.0,135.89,135.89
504156,10333,2002,2024-06-15,1.0,0.0,16.22,16.22
504157,10127,2003,2024-09-17,2.0,0.15,102.51,174.27
504158,10940,2029,2024-01-05,1.0,0.15,107.84,91.66
504159,10705,2028,2024-04-29,2.0,0.1,86.01,154.82
504160,10243,2019,2025-04-15,1.0,0.0,47.93,47.93
504161,10861,2001,2025-04-15,1.0,0.1,50.2,45.18
504162,10600,2021,2025-05-08,1.0,0.0,144.34,144.34
504163,10848,2021,2025-05-15,1.0,0.0,144.34,144.34
504164,10409,2010,2024-03-11,1.0,0.1,91.83,82.65
504165,10503,2021,2025-11-25,1.0,0.0,144.34,144.34
504166,10727,2014,2025-01-05,2.0,0.0,65.22,130.44
504167,10604,2013,2024-06-30,1.0,0.05,111.92,106.32
504168,10303,2009,2024-01-06,1.0,0.1,33.82,30.44
504169,10464,2006,2024-07-16,1.0,0.1,145.53,130.98
504170,10235,2006,2024-02-17,3.0,0.0,145.53,436.59
504171,10696,2019,2025-07-06,1.0,0.0,47.93,47.93
504172,10038,2021,2025-09-26,1.0,0.15,144.34,122.69
504173,10139,2010,2025-10-09,2.0,0.1,91.83,165.29
504174,10195,2023,2024-05-20,1.0,0.05,61.98,58.88
504175,10527,2003,2025-10-27,1.0,0.0,102.51,102.51
504176,10769,2018,2025-06-24,1.0,0.1,132.04,118.84
504177,10647,2021,2025-03-03,1.0,0.15,144.34,122.69
504178,10001,2019,2025-08-12,1.0,0.1,47.93,43.14
504179,10561,2005,2025-11-18,2.0,0.15,75.13,127.72
504180,10096,2025,2025-07-15,1.0,0.0,145.48,145.48
504181,10713,2011,2024-11-06,1.0,0.0,132.17,132.17
504182,10413,2010,2024-10-01,2.0,0.1,91.83,165.29
504183,10538,2017,2025-06-23,3.0,0.0,68.24,204.72
504184,10855,2004,2025-01-25,1.0,0.0,83.99,83.99
504185,10429,2026,2025-04-04,3.0,0.1,74.85,202.1
504186,10235,2021,2025-09-26,2.0,0.15,144.34,245.38
504187,10349,2018,2024-12-27,1.0,0.0,132.04,132.04
504188,10756,2028,2024-03-10,2.0,0.15,86.01,146.22
504189,10870,2018,2025-08-06,3.0,0.05,132.04,376.31
504190,10481,2001,2025-10-24,2.0,0.0,50.2,100.4
504191,10839,2014,2025-11-30,3.0,0.1,65.22,176.09
504192,10396,2008,2025-03-07,1.0,0.0,131.55,131.55
504193,10351,2002,2025-12-09,1.0,0.15,16.22,13.79
504194,10416,2019,2024-02-02,3.0,0.15,47.93,122.22
504195,10886,2015,2025-09-13,1.0,0.0,27.47,27.47
504196,10916,2028,2025-05-28,1.0,0.0,86.01,86.01
504197,10887,2002,2024-07-01,1.0,0.1,16.22,14.6
504198,10051,2004,2025-11-17,2.0,0.0,83.99,167.98
504199,10081,2030,2025-11-12,2.0,0.05,51.91,98.63
504200,10036,2001,2024-09-05,2.0,0.1,50.2,90.36
504201,10067,2019,2025-09-12,1.0,0.05,47.93,45.53
504202,10641,2021,2024-10-24,1.0,0.0,144.34,144.34
504203,10882,2010,2024-01-31,2.0,0.1,91.83,165.29
504204,10667,2001,2024-10-29,3.0,0.1,50.2,135.54
504205,10757,2020,2025-04-21,1.0,0.0,145.5,145.5
504206,10623,2022,2024-12-18,3.0,0.0,48.42,145.26
504207,10680,2015,2025-04-27,3.0,0.1,27.47,74.17
504208,10481,2004,2024-11-13,3.0,0.0,83.99,251.97
504209,10468,2007,2025-02-01,1.0,0.1,92.1,82.89
504210,10142,2030,2024-03-30,1.0,0.1,51.91,46.72
504211,10356,2007,2024-08-22,2.0,0.1,92.1,165.78
504212,10709,2022,2024-06-17,1.0,0.1,48.42,43.58
504213,10471,2025,2024-05-06,2.0,0.0,145.48,290.96
504214,10621,2018,2025-07-27,1.0,0.0,132.04,132.04
504215,10888,2013,2024-04-30,2.0,0.0,111.92,223.84
504216,10591,2010,2025-03-04,2.0,0.0,91.83,183.66
504217,10902,2024,2024-07-09,2.0,0.0,135.89,271.78
504218,10673,2008,2025-09-25,2.0,0.05,131.55,249.95
504219,10439,2027,2025-03-04,2.0,0.0,58.32,116.64
504220,10531,2010,2025-07-14,1.0,0.0,91.83,91.83
504221,10127,2014,2024-07-21,1.0,0.15,65.22,55.44
504222,10205,2014,2024-02-29,1.0,0.0,65.22,65.22
504223,10029,2027,2025-11-28,3.0,0.15,58.32,148.72
504224,10445,2020,2024-08-11,1.0,0.05,145.5,138.22
504225,10966,2022,2025-05-07,3.0,0.05,48.42,138.0
504226,10719,2011,2024-01-12,1.0,0.0,132.17,132.17
504227,10464,2006,2025-12-02,1.0,0.0,145.53,145.53
504228,10280,2021,2025-05-27,1.0,0.15,144.34,122.69
504229,10151,2030,2024-11-06,1.0,0.0,51.91,51.91
504230,10240,2001,2024-02-04,2.0,0.15,50.2,85.34
504231,10266,2019,2024-12-06,2.0,0.0,47.93,95.86
504232,10694,2007,2025-10-09,3.0,0.0,92.1,276.3
504233,10105,2024,2025-04-26,2.0,0.15,135.89,231.01
504234,10937,2018,2025-07-28,2.0,0.0,132.04,264.08
504235,10433,2003,2024-04-03,3.0,0.1,102.51,276.78
504236,10913,2020,2025-09-20,2.0,0.05,145.5,276.45
504237,10497,2030,2024-05-13,3.0,0.05,51.91,147.94
504238,10440,2011,2025-02-23,2.0,0.15,132.17,224.69
504239,10748,2005,2025-04-13,3.0,0.05,75.13,214.12
504240,10685,2019,2025-03-20,2.0,0.05,47.93,91.07
504241,10158,2021,2025-12-06,1.0,0.1,144.34,129.91
504242,10172,2024,2024-01-31,1.0,0.0,135.89,135.89
504243,10494,2024,2024-10-25,2.0,0.0,135.89,271.78
504244,10970,2030,2024-03-02,3.0,0.15,51.91,132.37
504245,10311,2002,2025-04-03,2.0,0.05,16.22,30.82
504246,10403,2022,2024-10-31,2.0,0.0,48.42,96.84
504247,10669,2004,2024-12-06,2.0,0.0,83.99,167.98
504248,10770,2025,2025-03-24,3.0,0.1,145.48,392.8
504249,10676,2010,2024-10-29,2.0,0.0,91.83,183.66
504250,10659,2002,2025-06-24,3.0,0.05,16.22,46.23
504251,10903,2008,2025-04-30,2.0,0.15,131.55,223.64
504252,10666,2001,2024-03-18,2.0,0.0,50.2,100.4
504253,10463,2027,2025-09-25,1.0,0.1,58.32,52.49
504254,10367,2006,2025-05-30,2.0,0.15,145.53,247.4
504255,10550,2011,2025-07-03,1.0,0.15,132.17,112.34
504256,10643,2027,2025-10-21,2.0,0.15,58.32,99.14
504257,10870,2030,2024-04-02,1.0,0.05,51.91,49.31
504258,10255,2028,2025-04-11,2.0,0.1,86.01,154.82
504259,10208,2010,2025-04-11,2.0,0.0,91.83,183.66
504260,10450,2013,2025-08-22,2.0,0.0,111.92,223.84
504261,10095,2001,2024-02-10,2.0,0.0,50.2,100.4
504262,10860,2002,2025-11-21,1.0,0.0,16.22,16.22
504263,10839,2003,2024-11-25,1.0,0.0,102.51,102.51
504264,10478,2009,2024-10-12,2.0,0.0,33.82,67.64
504265,10683,2005,2025-07-08,1.0,0.15,75.13,63.86
504266,10762,2010,2024-03-07,1.0,0.15,91.83,78.06
504267,10190,2010,2025-09-28,1.0,0.0,91.83,91.83
504268,10711,2012,2025-10-19,2.0,0.1,93.71,168.68
504269,10484,2018,2025-09-24,1.0,0.0,132.04,132.04
504270,10733,2026,2024-04-19,2.0,0.0,74.85,149.7
504271,10536,2021,2025-02-19,2.0,0.05,144.34,274.25
504272,10756,2021,2024-04-02,2.0,0.15,144.34,245.38
504273,10423,2001,2025-01-03,2.0,0.0,50.2,100.4
504274,10836,2003,2025-02-27,1.0,0.0,102.51,102.51
504275,10640,2005,2025-07-26,3.0,0.0,75.13,225.39
504276,10605,2025,2024-08-28,1.0,0.15,145.48,123.66
504277,10812,2026,2025-03-11,1.0,0.05,74.85,71.11
504278,10133,2017,2024-07-31,3.0,0.1,68.24,184.25
504279,10055,2008,2025-02-04,1.0,0.0,131.55,131.55
504280,10989,2017,2025-09-02,3.0,0.1,68.24,184.25
504281,10510,2009,2025-06-10,2.0,0.05,33.82,64.26
504282,10670,2006,2025-12-31,3.0,0.0,145.53,436.59
504283,10541,2017,2025-04-13,2.0,0.0,68.24,136.48
504284,10410,2008,2024-06-19,1.0,0.1,131.55,118.4
504285,10211,2021,2024-07-29,2.0,0.15,144.34,245.38
504286,10666,2007,2024-09-13,3.0,0.15,92.1,234.85
504287,10293,2007,2025-11-14,1.0,0.0,92.1,92.1
504288,10987,2015,2024-03-14,2.0,0.0,27.47,54.94
504289,10734,2007,2024-05-27,1.0,0.0,92.1,92.1
504290,10115,2022,2024-12-06,1.0,0.0,48.42,48.42
504291,10949,2027,2024-11-13,1.0,0.05,58.32,55.4
504292,10670,2008,2025-09-10,1.0,0.15,131.55,111.82
504293,10259,2009,2025-08-29,1.0,0.15,33.82,28.75
504294,10763,2028,2025-07-29,1.0,0.05,86.01,81.71
504295,10122,2015,2024-06-03,1.0,0.0,27.47,27.47
504296,10299,2002,2024-09-12,2.0,0.15,16.22,27.57
504297,10775,2007,2024-12-17,2.0,0.1,92.1,165.78
504298,10381,2015,2025-07-01,1.0,0.0,27.47,27.47
504299,10561,2018,2024-11-08,2.0,0.1,132.04,237.67
504300,10889,2022,2025-10-31,1.0,0.0,48.42,48.42
504301,10841,2018,2024-05-14,2.0,0.15,132.04,224.47
504302,10501,2010,2024-05-09,2.0,0.1,91.83,165.29
504303,10297,2022,2025-03-12,1.0,0.1,48.42,43.58
504304,10362,2018,2024-10-07,2.0,0.0,132.04,264.08
504305,10589,2001,2024-12-24,2.0,0.0,50.2,100.4
504306,10463,2007,2024-09-09,1.0,0.1,92.1,82.89
504307,10438,2003,2024-05-15,2.0,0.15,102.51,174.27
504308,10127,2014,2025-06-07,1.0,0.0,65.22,65.22
504309,10197,2012,2025-10-22,1.0,0.0,93.71,93.71
504310,10221,2014,2024-11-15,1.0,0.05,65.22,61.96
504311,10995,2029,2024-03-21,2.0,0.15,107.84,183.33
504312,10091,2004,2024-07-10,1.0,0.15,83.99,71.39
504313,10411,2013,2025-03-29,1.0,0.0,111.92,111.92
504314,10008,2016,2024-12-10,2.0,0.0,76.81,153.62
504315,10544,2016,2024-01-31,1.0,0.0,76.81,76.81
504316,10468,2022,2025-02-18,1.0,0.15,48.42,41.16
504317,10320,2005,2025-01-03,1.0,0.0,75.13,75.13
504318,10394,2020,2025-08-19,3.0,0.0,145.5,436.5
504319,10269,2025,2025-05-17,2.0,0.15,145.48,247.32
504320,10191,2006,2025-10-24,1.0,0.0,145.53,145.53
504321,10861,2006,2025-12-02,1.0,0.0,145.53,145.53
504322,10675,2018,2024-01-22,2.0,0.15,132.04,224.47
504323,10061,2006,2025-07-03,1.0,0.0,145.53,145.53
504324,10438,2007,2024-09-03,1.0,0.0,92.1,92.1
504325,10264,2024,2024-10-10,1.0,0.0,135.89,135.89
504326,10797,2030,2025-09-06,3.0,0.05,51.91,147.94
504327,10095,2024,2024-08-20,2.0,0.1,135.89,244.6
504328,10553,2016,2024-11-12,2.0,0.15,76.81,130.58
504329,10926,2009,2024-12-02,1.0,0.05,33.82,32.13
504330,10470,2026,2025-02-15,2.0,0.1,74.85,134.73
504331,10661,2027,2024-09-02,1.0,0.15,58.32,49.57
504332,10716,2013,2025-01-22,3.0,0.05,111.92,318.97
504333,10779,2012,2025-11-20,3.0,0.05,93.71,267.07
504334,10514,2019,2025-12-26,1.0,0.15,47.93,40.74
504335,10690,2026,2024-12-24,2.0,0.0,74.85,149.7
504336,10937,2023,2025-09-06,2.0,0.0,61.98,123.96
504337,10194,2023,2024-01-23,2.0,0.15,61.98,105.37
504338,10482,2001,2024-01-20,2.0,0.05,50.2,95.38
504339,10899,2008,2024-10-14,1.0,0.0,131.55,131.55
504340,10336,2004,2024-10-03,1.0,0.05,83.99,79.79
504341,10435,2021,2025-10-21,1.0,0.0,144.34,144.34
504342,10196,2030,2025-07-06,1.0,0.0,51.91,51.91
504343,10855,2022,2025-11-10,1.0,0.15,48.42,41.16
504344,10249,2019,2025-08-26,1.0,0.1,47.93,43.14
504345,10498,2021,2024-03-13,2.0,0.0,144.34,288.68
504346,10212,2026,2024-12-31,1.0,0.0,74.85,74.85
504347,10665,2005,2024-12-01,1.0,0.15,75.13,63.86
504348,10670,2017,2025-10-14,3.0,0.15,68.24,174.01
504349,10466,2003,2025-08-13,1.0,0.15,102.51,87.13
504350,10874,2019,2024-07-18,2.0,0.0,47.93,95.86
504351,10651,2001,2024-01-18,1.0,0.0,50.2,50.2
504352,10221,2029,2024-08-06,2.0,0.0,107.84,215.68
504353,10273,2023,2025-10-12,2.0,0.1,61.98,111.56
504354,10154,2001,2024-05-27,1.0,0.0,50.2,50.2
504355,10249,2023,2024-07-29,1.0,0.15,61.98,52.68
504356,10279,2020,2025-11-01,1.0,0.05,145.5,138.22
504357,10440,2009,2025-02-18,2.0,0.0,33.82,67.64
504358,10948,2023,2025-10-27,2.0,0.0,61.98,123.96
504359,10816,2005,2024-11-26,1.0,0.0,75.13,75.13
504360,10276,2007,2024-12-18,1.0,0.05,92.1,87.49
504361,10514,2025,2024-06-12,1.0,0.05,145.48,138.21
504362,10088,2026,2024-04-11,2.0,0.0,74.85,149.7
504363,10799,2006,2024-11-23,3.0,0.0,145.53,436.59
504364,10923,2017,2024-11-23,2.0,0.1,68.24,122.83
504365,10642,2022,2024-06-04,1.0,0.0,48.42,48.42
504366,10505,2017,2024-01-11,2.0,0.15,68.24,116.01
504367,10590,2013,2024-12-19,2.0,0.05,111.92,212.65
504368,10772,2012,2024-07-02,3.0,0.1,93.71,253.02
504369,10241,2004,2025-03-31,1.0,0.0,83.99,83.99
504370,10653,2030,2025-10-08,1.0,0.1,51.91,46.72
504371,10740,2008,2024-01-07,1.0,0.0,131.55,131.55
504372,10675,2005,2024-11-29,1.0,0.05,75.13,71.37
504373,10236,2005,2024-11-29,3.0,0.0,75.13,225.39
504374,10128,2013,2024-09-15,2.0,0.0,111.92,223.84
504375,10503,2026,2024-07-30,1.0,0.05,74.85,71.11
504376,10200,2011,2024-02-21,1.0,0.15,132.17,112.34
504377,10962,2008,2025-03-21,1.0,0.0,131.55,131.55
504378,10902,2008,2025-10-21,1.0,0.0,131.55,131.55
504379,10543,2001,2025-01-12,1.0,0.0,50.2,50.2
504380,10502,2013,2025-10-02,2.0,0.1,111.92,201.46
504381,10650,2029,2025-05-01,1.0,0.0,107.84,107.84
504382,10492,2005,2024-02-21,2.0,0.0,75.13,150.26
504383,10021,2028,2024-06-03,2.0,0.1,86.01,154.82
504384,10234,2021,2025-08-05,2.0,0.0,144.34,288.68
504385,10714,2008,2024-11-06,1.0,0.05,131.55,124.97
504386,10791,2017,2025-02-03,2.0,0.0,68.24,136.48
504387,10643,2023,2024-05-14,1.0,0.1,61.98,55.78
504388,10416,2023,2024-08-08,1.0,0.0,61.98,61.98
504389,10148,2013,2024-06-12,2.0,0.0,111.92,223.84
504390,10970,2009,2025-10-10,2.0,0.15,33.82,57.49
504391,10029,2002,2025-07-23,3.0,0.0,16.22,48.66
504392,10361,2019,2025-05-17,1.0,0.05,47.93,45.53
504393,10308,2020,2025-11-20,1.0,0.1,145.5,130.95
504394,10883,2017,2024-04-25,3.0,0.15,68.24,174.01
504395,10942,2007,2025-05-14,1.0,0.15,92.1,78.28
504396,10162,2030,2025-04-17,2.0,0.1,51.91,93.44
504397,10869,2026,2024-05-29,1.0,0.1,74.85,67.36
504398,10852,2003,2024-08-29,1.0,0.1,102.51,92.26
504399,10061,2019,2024-05-03,1.0,0.1,47.93,43.14
504400,10125,2019,2024-03-10,1.0,0.05,47.93,45.53
504401,10456,2024,2024-03-04,1.0,0.1,135.89,122.3
504402,10071,2009,2024-01-17,3.0,0.05,33.82,96.39
504403,10838,2010,2025-01-25,3.0,0.05,91.83,261.72
504404,10907,2029,2025-08-13,2.0,0.05,107.84,204.9
504405,10876,2014,2025-09-26,3.0,0.0,65.22,195.66
504406,10466,2018,2024-09-15,1.0,0.0,132.04,132.04
504407,10243,2026,2024-08-05,1.0,0.15,74.85,63.62
504408,10490,2015,2025-04-24,2.0,0.0,27.47,54.94
504409,10761,2026,2024-04-24,2.0,0.0,74.85,149.7
504410,10221,2001,2025-01-15,2.0,0.0,50.2,100.4
504411,10473,2030,2025-10-20,3.0,0.15,51.91,132.37
504412,10959,2025,2024-08-25,1.0,0.0,145.48,145.48
504413,10533,2006,2025-04-21,1.0,0.15,145.53,123.7
504414,10494,2030,2025-08-21,2.0,0.05,51.91,98.63
504415,10899,2015,2025-11-10,1.0,0.05,27.47,26.1
504416,10082,2025,2024-05-09,1.0,0.1,145.48,130.93
504417,10856,2006,2025-05-25,2.0,0.05,145.53,276.51
504418,10879,2018,2024-06-14,2.0,0.0,132.04,264.08
504419,10998,2001,2024-10-04,1.0,0.15,50.2,42.67
504420,10522,2030,2024-09-14,1.0,0.0,51.91,51.91
504421,10923,2024,2024-05-12,1.0,0.15,135.89,115.51
504422,10012,2003,2025-07-24,2.0,0.05,102.51,194.77
504423,10263,2017,2024-09-14,3.0,0.15,68.24,174.01
504424,10657,2016,2024-05-21,1.0,0.0,76.81,76.81
504425,10449,2008,2025-11-17,2.0,0.15,131.55,223.64
504426,10192,2028,2025-11-18,3.0,0.0,86.01,258.03
504427,10762,2017,2024-07-28,2.0,0.0,68.24,136.48
504428,10114,2008,2025-12-17,1.0,0.1,131.55,118.4
504429,10026,2017,2025-06-03,1.0,0.1,68.24,61.42
504430,10783,2025,2024-02-21,1.0,0.15,145.48,123.66
504431,10499,2030,2025-05-18,1.0,0.0,51.91,51.91
504432,10508,2009,2024-09-16,1.0,0.0,33.82,33.82
504433,10545,2012,2024-06-27,2.0,0.0,93.71,187.42
504434,10062,2029,2025-06-27,3.0,0.0,107.84,323.52
504435,10229,2025,2024-12-22,1.0,0.0,145.48,145.48
504436,10815,2019,2024-11-14,1.0,0.0,47.93,47.93
504437,10607,2004,2025-10-28,1.0,0.0,83.99,83.99
504438,10035,2021,2024-12-30,3.0,0.1,144.34,389.72
504439,10705,2022,2024-02-25,1.0,0.0,48.42,48.42
504440,10456,2025,2024-06-05,1.0,0.0,145.48,145.48
504441,10588,2029,2024-02-14,1.0,0.15,107.84,91.66
504442,10891,2011,2025-08-16,2.0,0.0,132.17,264.34
504443,10502,2028,2025-11-09,3.0,0.15,86.01,219.33
504444,10761,2004,2025-06-26,3.0,0.0,83.99,251.97
504445,10595,2014,2024-11-18,1.0,0.15,65.22,55.44
504446,10025,2014,2025-10-10,3.0,0.1,65.22,176.09
504447,10569,2006,2024-01-15,1.0,0.1,145.53,130.98
504448,10032,2029,2024-12-23,2.0,0.05,107.84,204.9
504449,10831,2017,2025-04-28,2.0,0.0,68.24,136.48
504450,10012,2002,2025-09-10,2.0,0.0,16.22,32.44
504451,10319,2008,2024-12-25,1.0,0.1,131.55,118.4
504452,10845,2004,2024-11-14,3.0,0.0,83.99,251.97
504453,10604,2010,2024-03-16,1.0,0.0,91.83,91.83
504454,10001,2007,2025-08-14,3.0,0.0,92.1,276.3
504455,10435,2004,2024-07-13,1.0,0.15,83.99,71.39
504456,10838,2016,2024-12-29,3.0,0.0,76.81,230.43
504457,10136,2014,2024-04-06,1.0,0.05,65.22,61.96
504458,10196,2016,2024-02-10,1.0,0.0,76.81,76.81
504459,10133,2025,2025-02-01,2.0,0.0,145.48,290.96
504460,10985,2009,2024-04-17,2.0,0.0,33.82,67.64
504461,10086,2004,2024-01-18,3.0,0.05,83.99,239.37
504462,10476,2029,2025-06-11,1.0,0.15,107.84,91.66
504463,10807,2024,2025-05-14,2.0,0.05,135.89,258.19
504464,10791,2006,2025-06-09,3.0,0.0,145.53,436.59
504465,10324,2001,2025-12-27,2.0,0.05,50.2,95.38
504466,10180,2007,2025-10-25,3.0,0.15,92.1,234.85
504467,10516,2001,2024-02-13,1.0,0.1,50.2,45.18
504468,10638,2019,2025-09-18,2.0,0.0,47.93,95.86
504469,10175,2008,2025-08-16,2.0,0.0,131.55,263.1
504470,10763,2025,2024-12-16,2.0,0.0,145.48,290.96
504471,10021,2003,2025-10-15,1.0,0.0,102.51,102.51
504472,10997,2001,2024-01-31,3.0,0.15,50.2,128.01
504473,10952,2001,2025-03-17,1.0,0.05,50.2,47.69
504474,10105,2007,2025-06-26,3.0,0.15,92.1,234.85
504475,10578,2021,2025-03-31,2.0,0.0,144.34,288.68
504476,10443,2013,2025-09-03,1.0,0.0,111.92,111.92
504477,10775,2030,2024-04-04,1.0,0.0,51.91,51.91
504478,10049,2001,2025-12-24,2.0,0.0,50.2,100.4
504479,10528,2016,2024-10-22,3.0,0.15,76.81,195.87
504480,10145,2022,2025-07-03,1.0,0.15,48.42,41.16
504481,10340,2030,2024-03-30,1.0,0.05,51.91,49.31
504482,10762,2022,2025-05-18,1.0,0.1,48.42,43.58
504483,10855,2014,2024-08-02,3.0,0.0,65.22,195.66
504484,10354,2004,2025-02-26,2.0,0.1,83.99,151.18
504485,10075,2023,2025-06-10,2.0,0.15,61.98,105.37
504486,10802,2023,2024-07-11,2.0,0.05,61.98,117.76
504487,10929,2012,2025-11-25,1.0,0.15,93.71,79.65
504488,10794,2025,2025-10-04,2.0,0.0,145.48,290.96
504489,10578,2012,2024-08-12,2.0,0.0,93.71,187.42
504490,10637,2017,2025-07-09,1.0,0.0,68.24,68.24
504491,10319,2021,2025-11-24,2.0,0.15,144.34,245.38
504492,10087,2015,2025-01-22,2.0,0.0,27.47,54.94
504493,10553,2010,2025-11-12,1.0,0.0,91.83,91.83
504494,10982,2003,2025-04-19,3.0,0.05,102.51,292.15
504495,10698,2023,2025-08-31,1.0,0.0,61.98,61.98
504496,10866,2020,2024-07-22,1.0,0.05,145.5,138.22
504497,10892,2020,2025-03-23,2.0,0.0,145.5,291.0
504498,10847,2029,2024-03-09,1.0,0.0,107.84,107.84
504499,10778,2012,2024-04-02,3.0,0.0,93.71,281.13
504500,10783,2001,2024-06-27,2.0,0.0,50.2,100.4
504501,10042,2001,2025-10-25,2.0,0.05,50.2,95.38
504502,10093,2010,2025-07-13,1.0,0.05,91.83,87.24
504503,10697,2018,2024-01-04,1.0,0.05,132.04,125.44
504504,10727,2015,2024-04-13,2.0,0.0,27.47,54.94
504505,10507,2002,2024-09-30,2.0,0.1,16.22,29.2
504506,10529,2017,2025-06-18,3.0,0.05,68.24,194.48
504507,10956,2008,2024-04-26,2.0,0.05,131.55,249.95
504508,10265,2022,2025-04-09,1.0,0.0,48.42,48.42
504509,10626,2022,2024-04-14,2.0,0.15,48.42,82.31
504510,10292,2026,2024-09-16,2.0,0.0,74.85,149.7
504511,10969,2026,2024-11-04,2.0,0.0,74.85,149.7
504512,10464,2009,2025-01-02,1.0,0.0,33.82,33.82
504513,10804,2021,2025-10-04,1.0,0.0,144.34,144.34
504514,10560,2020,2024-10-29,2.0,0.1,145.5,261.9
504515,10819,2011,2025-07-14,2.0,0.0,132.17,264.34
504516,10097,2006,2024-01-28,1.0,0.0,145.53,145.53
504517,10887,2024,2025-05-23,1.0,0.0,135.89,135.89
504518,10095,2014,2025-06-11,2.0,0.0,65.22,130.44
504519,10326,2001,2024-12-31,2.0,0.15,50.2,85.34
504520,10074,2007,2024-10-25,1.0,0.0,92.1,92.1
504521,10336,2024,2024-12-27,1.0,0.0,135.89,135.89
504522,10068,2009,2025-10-08,1.0,0.0,33.82,33.82
504523,10758,2011,2025-05-19,1.0,0.0,132.17,132.17
504524,10918,2024,2025-08-11,2.0,0.0,135.89,271.78
504525,10077,2023,2024-01-31,3.0,0.0,61.98,185.94
504526,10208,2016,2025-03-15,1.0,0.0,76.81,76.81
504527,10884,2019,2024-12-06,3.0,0.1,47.93,129.41
504528,10766,2002,2024-05-06,1.0,0.15,16.22,13.79
504529,10221,2015,2025-08-19,1.0,0.0,27.47,27.47
504530,10262,2003,2025-07-20,2.0,0.0,102.51,205.02
504531,10410,2004,2025-01-01,2.0,0.1,83.99,151.18
504532,10331,2020,2025-03-19,2.0,0.0,145.5,291.0
504533,10344,2022,2024-09-20,3.0,0.0,48.42,145.26
504534,10989,2028,2024-08-10,2.0,0.1,86.01,154.82
504535,10771,2007,2024-01-03,1.0,0.0,92.1,92.1
504536,10820,2012,2025-01-29,3.0,0.0,93.71,281.13
504537,10074,2004,2024-11-02,1.0,0.05,83.99,79.79
504538,10637,2010,2024-05-26,3.0,0.15,91.83,234.17
504539,10700,2006,2025-06-14,2.0,0.0,145.53,291.06
504540,10254,2025,2025-06-12,2.0,0.0,145.48,290.96
504541,10959,2030,2024-11-04,2.0,0.0,51.91,103.82
504542,10833,2022,2025-11-02,1.0,0.0,48.42,48.42
504543,10820,2014,2024-12-06,2.0,0.0,65.22,130.44
504544,10747,2003,2024-12-18,1.0,0.1,102.51,92.26
504545,10986,2017,2024-07-28,1.0,0.0,68.24,68.24
504546,10762,2011,2024-07-24,1.0,0.0,132.17,132.17
504547,10332,2010,2025-09-17,2.0,0.05,91.83,174.48
504548,10398,2026,2025-11-21,1.0,0.0,74.85,74.85
504549,10345,2029,2025-12-22,1.0,0.0,107.84,107.84
504550,10584,2021,2025-09-28,2.0,0.0,144.34,288.68
504551,10747,2010,2024-01-16,3.0,0.1,91.83,247.94
504552,10836,2010,2025-03-04,3.0,0.0,91.83,275.49
504553,10668,2003,2025-04-21,2.0,0.0,102.51,205.02
504554,10455,2024,2024-10-25,3.0,0.0,135.89,407.67
504555,10906,2026,2025-07-11,1.0,0.0,74.85,74.85
504556,10115,2015,2024-04-04,2.0,0.0,27.47,54.94
504557,10313,2017,2024-04-17,3.0,0.0,68.24,204.72
504558,10228,2027,2025-02-23,1.0,0.15,58.32,49.57
504559,10834,2018,2024-10-05,2.0,0.05,132.04,250.88
504560,10858,2019,2024-05-08,1.0,0.0,47.93,47.93
504561,10245,2019,2025-04-04,3.0,0.15,47.93,122.22
504562,10818,2012,2024-02-08,1.0,0.15,93.71,79.65
504563,10526,2024,2025-09-01,1.0,0.0,135.89,135.89
504564,10528,2005,2024-07-17,1.0,0.1,75.13,67.62
504565,10950,2024,2025-12-05,1.0,0.0,135.89,135.89
504566,10427,2027,2024-12-23,2.0,0.15,58.32,99.14
504567,10042,2016,2024-01-08,2.0,0.15,76.81,130.58
504568,10465,2030,2025-07-10,2.0,0.1,51.91,93.44
504569,10622,2015,2024-11-28,3.0,0.0,27.47,82.41
504570,10278,2015,2025-06-03,1.0,0.1,27.47,24.72
504571,10836,2027,2024-07-13,1.0,0.0,58.32,58.32
504572,10019,2006,2024-11-12,2.0,0.0,145.53,291.06
504573,10066,2012,2024-01-02,2.0,0.1,93.71,168.68
504574,10167,2002,2024-03-03,1.0,0.05,16.22,15.41
504575,10585,2027,2024-12-09,3.0,0.1,58.32,157.46
504576,10403,2020,2025-08-24,1.0,0.15,145.5,123.68
504577,10912,2009,2024-01-19,2.0,0.0,33.82,67.64
504578,10822,2004,2025-09-12,1.0,0.1,83.99,75.59
504579,10409,2005,2025-10-09,1.0,0.05,75.13,71.37
504580,10112,2021,2025-01-06,2.0,0.1,144.34,259.81
504581,10274,2026,2025-08-02,2.0,0.05,74.85,142.21
504582,10407,2008,2025-08-28,1.0,0.0,131.55,131.55
504583,10373,2022,2025-10-12,1.0,0.0,48.42,48.42
504584,10597,2010,2025-12-02,2.0,0.05,91.83,174.48
504585,10651,2007,2025-07-25,1.0,0.05,92.1,87.49
504586,10039,2022,2025-11-30,2.0,0.15,48.42,82.31
504587,10105,2014,2024-08-23,1.0,0.05,65.22,61.96
504588,10324,2030,2024-03-10,2.0,0.0,51.91,103.82
504589,10793,2030,2025-03-23,2.0,0.0,51.91,103.82
504590,10959,2005,2025-09-02,2.0,0.05,75.13,142.75
504591,10992,2016,2024-01-09,1.0,0.0,76.81,76.81
504592,10414,2015,2025-04-07,1.0,0.15,27.47,23.35
504593,10429,2005,2024-11-07,2.0,0.15,75.13,127.72
504594,10635,2003,2024-05-14,2.0,0.0,102.51,205.02
504595,10730,2023,2025-01-20,1.0,0.05,61.98,58.88
504596,10889,2029,2024-02-26,2.0,0.0,107.84,215.68
504597,10061,2010,2024-12-26,2.0,0.0,91.83,183.66
504598,10612,2005,2024-04-24,2.0,0.0,75.13,150.26
504599,10307,2023,2024-03-29,3.0,0.0,61.98,185.94
504600,10354,2015,2024-05-18,2.0,0.0,27.47,54.94
504601,10393,2018,2024-04-18,1.0,0.0,132.04,132.04
504602,10204,2025,2025-05-15,1.0,0.1,145.48,130.93
504603,10258,2008,2025-06-19,1.0,0.1,131.55,118.4
504604,10486,2021,2024-05-24,1.0,0.1,144.34,129.91
504605,10517,2002,2025-10-18,2.0,0.0,16.22,32.44
504606,10446,2022,2024-02-26,1.0,0.1,48.42,43.58
504607,10709,2008,2025-09-12,2.0,0.0,131.55,263.1
504608,10180,2023,2024-01-07,2.0,0.0,61.98,123.96
504609,10342,2008,2025-06-26,1.0,0.1,131.55,118.4
504610,10133,2004,2025-03-23,1.0,0.0,83.99,83.99
504611,10443,2030,2025-01-20,1.0,0.0,51.91,51.91
504612,10836,2019,2024-11-03,1.0,0.0,47.93,47.93
504613,10253,2023,2025-10-01,1.0,0.0,61.98,61.98
504614,10265,2018,2024-10-29,1.0,0.05,132.04,125.44
504615,10093,2030,2025-09-25,1.0,0.0,51.91,51.91
504616,10662,2021,2025-02-09,1.0,0.0,144.34,144.34
504617,10411,2029,2025-09-03,3.0,0.15,107.84,274.99
504618,10138,2023,2025-11-09,1.0,0.0,61.98,61.98
504619,10208,2001,2025-07-16,1.0,0.0,50.2,50.2
504620,10637,2020,2025-05-25,1.0,0.0,145.5,145.5
504621,10746,2015,2024-03-14,2.0,0.0,27.47,54.94
504622,10573,2018,2025-07-18,1.0,0.05,132.04,125.44
504623,10307,2022,2024-09-22,3.0,0.1,48.42,130.73
504624,10266,2012,2024-08-15,2.0,0.05,93.71,178.05
504625,10646,2001,2024-07-12,3.0,0.0,50.2,150.6
504626,10318,2007,2025-01-09,3.0,0.15,92.1,234.85
504627,10113,2019,2024-01-11,2.0,0.05,47.93,91.07
504628,10901,2028,2024-10-29,1.0,0.05,86.01,81.71
504629,10378,2001,2024-12-25,1.0,0.0,50.2,50.2
504630,10454,2024,2024-02-22,2.0,0.0,135.89,271.78
504631,10191,2007,2024-04-09,2.0,0.1,92.1,165.78
504632,10891,2002,2025-08-16,1.0,0.1,16.22,14.6
504633,10440,2007,2024-01-14,1.0,0.0,92.1,92.1
504634,10187,2019,2025-01-25,2.0,0.0,47.93,95.86
504635,10831,2013,2024-12-23,1.0,0.0,111.92,111.92
504636,10367,2025,2025-10-02,1.0,0.05,145.48,138.21
504637,10089,2024,2024-01-12,1.0,0.05,135.89,129.1
504638,10187,2005,2024-03-22,1.0,0.1,75.13,67.62
504639,10819,2023,2024-09-18,1.0,0.0,61.98,61.98
504640,10946,2019,2024-01-07,2.0,0.0,47.93,95.86
504641,10132,2001,2025-04-03,1.0,0.1,50.2,45.18
504642,10872,2001,2025-01-08,3.0,0.0,50.2,150.6
504643,10635,2027,2025-04-26,1.0,0.0,58.32,58.32
504644,10560,2018,2024-08-10,3.0,0.05,132.04,376.31
504645,10800,2024,2024-03-22,1.0,0.05,135.89,129.1
504646,10376,2001,2025-05-30,1.0,0.1,50.2,45.18
504647,10691,2027,2024-03-01,3.0,0.0,58.32,174.96
504648,10692,2028,2024-08-09,3.0,0.05,86.01,245.13
504649,10099,2005,2024-12-15,2.0,0.0,75.13,150.26
504650,10842,2009,2025-07-15,2.0,0.1,33.82,60.88
504651,10034,2012,2024-08-16,1.0,0.0,93.71,93.71
504652,10932,2009,2024-10-17,3.0,0.0,33.82,101.46
504653,10582,2018,2024-10-20,1.0,0.15,132.04,112.23
504654,10171,2023,2024-07-12,2.0,0.0,61.98,123.96
504655,10366,2011,2025-04-19,1.0,0.1,132.17,118.95
504656,10784,2001,2024-09-14,1.0,0.15,50.2,42.67
504657,10059,2019,2025-05-21,1.0,0.0,47.93,47.93
504658,10181,2022,2025-01-23,2.0,0.05,48.42,92.0
504659,10019,2025,2025-09-07,2.0,0.0,145.48,290.96
504660,10226,2010,2025-02-02,2.0,0.1,91.83,165.29
504661,10473,2002,2025-01-01,1.0,0.0,16.22,16.22
504662,10095,2007,2025-10-20,1.0,0.0,92.1,92.1
504663,10881,2020,2024-10-17,3.0,0.15,145.5,371.02
504664,10297,2002,2024-11-05,2.0,0.0,16.22,32.44
504665,10593,2019,2024-10-05,1.0,0.0,47.93,47.93
504666,10175,2006,2025-04-09,1.0,0.0,145.53,145.53
504667,10222,2010,2024-07-08,2.0,0.0,91.83,183.66
504668,10615,2009,2024-06-27,1.0,0.0,33.82,33.82
504669,10054,2008,2025-06-12,1.0,0.15,131.55,111.82
504670,10695,2026,2025-01-10,2.0,0.0,74.85,149.7
504671,10863,2030,2025-08-21,2.0,0.05,51.91,98.63
504672,10403,2011,2025-03-30,1.0,0.0,132.17,132.17
504673,10318,2009,2024-08-05,3.0,0.0,33.82,101.46
504674,10867,2020,2024-02-12,3.0,0.0,145.5,436.5
504675,10349,2028,2024-07-13,1.0,0.0,86.01,86.01
504676,10443,2020,2024-11-23,1.0,0.0,145.5,145.5
504677,10833,2009,2025-01-08,2.0,0.0,33.82,67.64
504678,10580,2008,2025-04-10,1.0,0.0,131.55,131.55
504679,10540,2028,2024-06-12,3.0,0.0,86.01,258.03
504680,10786,2015,2024-10-03,2.0,0.0,27.47,54.94
504681,10282,2002,2024-12-30,2.0,0.05,16.22,30.82
504682,10360,2024,2025-10-04,2.0,0.05,135.89,258.19
504683,10915,2001,2025-04-25,2.0,0.05,50.2,95.38
504684,10823,2009,2025-11-20,1.0,0.0,33.82,33.82
504685,10631,2009,2025-04-05,1.0,0.0,33.82,33.82
504686,10892,2013,2024-09-22,2.0,0.0,111.92,223.84
504687,10953,2008,2025-06-23,1.0,0.0,131.55,131.55
504688,10646,2027,2025-01-21,1.0,0.05,58.32,55.4
504689,10641,2021,2024-03-26,1.0,0.0,144.34,144.34
504690,10008,2005,2025-12-09,2.0,0.0,75.13,150.26
504691,10993,2029,2024-11-12,2.0,0.1,107.84,194.11
504692,10563,2003,2024-08-31,3.0,0.1,102.51,276.78
504693,10491,2021,2025-04-14,1.0,0.0,144.34,144.34
504694,10341,2004,2024-12-08,1.0,0.0,83.99,83.99
504695,10472,2017,2024-06-26,1.0,0.15,68.24,58.0
504696,10793,2016,2024-05-10,3.0,0.0,76.81,230.43
504697,10687,2016,2025-10-19,1.0,0.0,76.81,76.81
504698,10695,2025,2024-03-24,2.0,0.0,145.48,290.96
504699,10704,2026,2024-12-26,1.0,0.1,74.85,67.36
504700,10249,2030,2024-03-29,2.0,0.05,51.91,98.63
504701,10235,2020,2025-06-16,1.0,0.05,145.5,138.22
504702,10083,2003,2025-09-30,3.0,0.15,102.51,261.4
504703,10093,2006,2025-04-16,3.0,0.0,145.53,436.59
504704,10885,2001,2025-05-13,3.0,0.0,50.2,150.6
504705,10394,2021,2025-05-22,1.0,0.15,144.34,122.69
504706,10824,2016,2024-12-20,1.0,0.0,76.81,76.81
504707,10268,2015,2025-02-20,2.0,0.1,27.47,49.45
504708,10417,2007,2024-02-21,1.0,0.0,92.1,92.1
504709,10632,2002,2025-08-23,1.0,0.0,16.22,16.22
504710,10583,2010,2025-11-13,2.0,0.1,91.83,165.29
504711,10529,2025,2024-03-04,3.0,0.0,145.48,436.44
504712,10253,2028,2024-03-30,1.0,0.0,86.01,86.01
504713,10957,2015,2025-12-02,2.0,0.15,27.47,46.7
504714,10122,2006,2024-07-09,1.0,0.0,145.53,145.53
504715,10892,2002,2025-08-24,2.0,0.05,16.22,30.82
504716,10010,2024,2024-12-14,1.0,0.05,135.89,129.1
504717,10799,2024,2025-06-22,3.0,0.0,135.89,407.67
504718,10316,2017,2024-06-25,1.0,0.0,68.24,68.24
504719,10838,2028,2024-12-30,1.0,0.0,86.01,86.01
504720,10273,2001,2025-07-08,3.0,0.0,50.2,150.6
504721,10306,2001,2025-04-28,1.0,0.15,50.2,42.67
504722,10805,2028,2024-04-29,3.0,0.05,86.01,245.13
504723,10210,2004,2024-06-18,2.0,0.0,83.99,167.98
504724,10958,2020,2025-09-12,1.0,0.0,145.5,145.5
504725,10730,2016,2024-05-27,1.0,0.15,76.81,65.29
504726,10753,2008,2025-11-19,1.0,0.0,131.55,131.55
504727,10886,2001,2025-03-13,1.0,0.05,50.2,47.69
504728,10464,2026,2025-03-15,1.0,0.05,74.85,71.11
504729,10712,2019,2024-07-08,2.0,0.0,47.93,95.86
504730,10728,2011,2024-06-09,1.0,0.15,132.17,112.34
504731,10717,2017,2025-02-06,1.0,0.0,68.24,68.24
504732,10925,2025,2025-08-09,3.0,0.15,145.48,370.97
504733,10416,2010,2024-01-19,2.0,0.0,91.83,183.66
504734,10216,2012,2024-05-20,2.0,0.05,93.71,178.05
504735,10080,2009,2024-04-25,2.0,0.05,33.82,64.26
504736,10779,2007,2024-11-24,2.0,0.0,92.1,184.2
504737,10480,2029,2024-08-13,2.0,0.15,107.84,183.33
504738,10902,2012,2025-07-12,3.0,0.05,93.71,267.07
504739,10891,2015,2025-03-15,2.0,0.15,27.47,46.7
504740,10547,2008,2025-07-04,1.0,0.15,131.55,111.82
504741,10801,2017,2025-12-19,2.0,0.0,68.24,136.48
504742,10018,2005,2025-01-21,1.0,0.0,75.13,75.13
504743,10165,2014,2025-06-05,2.0,0.0,65.22,130.44
504744,10525,2002,2024-09-10,2.0,0.15,16.22,27.57
504745,10202,2016,2025-09-12,1.0,0.0,76.81,76.81
504746,10741,2029,2024-04-08,1.0,0.0,107.84,107.84
504747,10346,2017,2024-03-12,3.0,0.0,68.24,204.72
504748,10366,2003,2025-07-05,2.0,0.0,102.51,205.02
504749,10977,2023,2025-03-23,3.0,0.0,61.98,185.94
504750,10448,2001,2024-03-31,3.0,0.05,50.2,143.07
504751,10513,2027,2025-03-06,1.0,0.0,58.32,58.32
504752,10319,2018,2024-08-07,2.0,0.05,132.04,250.88
504753,10217,2018,2024-04-17,2.0,0.15,132.04,224.47
504754,10034,2004,2025-04-21,3.0,0.0,83.99,251.97
504755,10871,2015,2025-03-30,2.0,0.0,27.47,54.94
504756,10266,2028,2025-08-31,3.0,0.0,86.01,258.03
504757,10640,2019,2025-06-28,2.0,0.15,47.93,81.48
504758,10724,2019,2024-05-06,3.0,0.05,47.93,136.6
504759,10775,2010,2024-05-27,1.0,0.1,91.83,82.65
504760,10824,2005,2024-10-07,2.0,0.15,75.13,127.72
504761,10080,2019,2024-01-25,2.0,0.05,47.93,91.07
504762,10677,2011,2025-12-22,1.0,0.15,132.17,112.34
504763,10413,2007,2024-04-30,3.0,0.0,92.1,276.3
504764,10252,2005,2025-10-14,1.0,0.15,75.13,63.86
504765,10012,2020,2024-10-24,2.0,0.15,145.5,247.35
504766,10401,2012,2024-03-23,1.0,0.0,93.71,93.71
504767,10816,2019,2025-03-24,2.0,0.05,47.93,91.07
504768,10724,2015,2025-12-21,2.0,0.0,27.47,54.94
504769,10282,2012,2025-04-15,2.0,0.0,93.71,187.42
504770,10112,2004,2025-02-27,1.0,0.1,83.99,75.59
504771,10723,2030,2025-06-29,1.0,0.1,51.91,46.72
504772,10378,2012,2024-01-25,,0.05,93.71,178.05
504773,10751,2018,2024-03-02,1.0,0.15,132.04,112.23
504774,10268,2017,2025-12-02,1.0,0.0,68.24,68.24
504775,10917,2019,2024-03-25,2.0,0.15,47.93,81.48
504776,10298,2016,2024-08-13,1.0,0.05,76.81,72.97
504777,10317,2011,2025-11-11,3.0,0.1,132.17,356.86
504778,10570,2002,2024-07-05,2.0,0.1,16.22,29.2
504779,10509,2016,2025-01-10,2.0,0.15,76.81,130.58
504780,10950,2001,2024-03-13,1.0,0.15,50.2,42.67
504781,10546,2017,2024-03-15,1.0,0.15,68.24,58.0
504782,10775,2018,2024-12-07,1.0,0.0,132.04,132.04
504783,10365,2029,2024-06-02,2.0,0.0,107.84,215.68
504784,10547,2029,2024-04-06,1.0,0.0,107.84,107.84
504785,10271,2025,2025-07-19,1.0,0.1,145.48,130.93
504786,10961,2029,2025-03-21,2.0,0.1,107.84,194.11
504787,10474,2013,2025-11-17,2.0,0.05,111.92,212.65
504788,10739,2005,2024-04-20,1.0,0.05,75.13,71.37
504789,10537,2025,2025-04-03,2.0,0.0,145.48,290.96
504790,10234,2024,2024-02-21,1.0,0.1,135.89,122.3
504791,10059,2029,2025-01-12,1.0,0.05,107.84,102.45
504792,10251,2027,2024-03-14,1.0,0.0,58.32,58.32
504793,10847,2006,2024-07-31,1.0,0.0,145.53,145.53
504794,10086,2001,2025-03-08,1.0,0.1,50.2,45.18
504795,10763,2010,2025-12-25,1.0,0.0,91.83,91.83
504796,10390,2005,2024-06-17,3.0,0.1,75.13,202.85
504797,10180,2028,2024-11-27,2.0,0.05,86.01,163.42
504798,10719,2001,2025-05-09,1.0,0.1,50.2,45.18
504799,10856,2023,2024-05-23,1.0,0.0,61.98,61.98
504800,10149,2026,2025-08-05,1.0,0.1,74.85,67.36
504801,10583,2030,2025-03-21,2.0,0.05,51.91,98.63
504802,10121,2011,2025-01-29,2.0,0.0,132.17,264.34
504803,10765,2024,2025-05-27,1.0,0.05,135.89,129.1
504804,10605,2024,2025-11-17,1.0,0.0,135.89,135.89
504805,10256,2007,2025-09-13,1.0,0.05,92.1,87.49
504806,10766,2018,2025-12-16,2.0,0.0,132.04,264.08
504807,10864,2021,2025-11-28,1.0,0.1,144.34,129.91
504808,10800,2020,2024-11-24,1.0,0.0,145.5,145.5
504809,10309,2021,2025-08-27,1.0,0.15,144.34,122.69
504810,10059,2010,2024-09-16,2.0,0.1,91.83,165.29
504811,10069,2025,2025-03-13,3.0,0.0,145.48,436.44
504812,10446,2015,2025-12-19,1.0,0.05,27.47,26.1
504813,10388,2004,2025-07-18,1.0,0.0,83.99,83.99
504814,10086,2016,2024-12-15,1.0,0.1,76.81,69.13
504815,10786,2015,2025-11-24,2.0,0.0,27.47,54.94
504816,10227,2015,2025-05-30,1.0,0.0,27.47,27.47
504817,10593,2012,2025-03-25,1.0,0.0,93.71,93.71
504818,10626,2008,2025-02-03,1.0,0.0,131.55,131.55
504819,10184,2008,2025-08-19,1.0,0.0,131.55,131.55
504820,10792,2018,2024-08-02,2.0,0.05,132.04,250.88
504821,10322,2030,2025-06-30,3.0,0.0,51.91,155.73
504822,10909,2006,2025-07-16,1.0,0.0,145.53,145.53
504823,10318,2005,2024-10-16,3.0,0.15,75.13,191.58
504824,10566,2002,2024-09-16,2.0,0.0,16.22,32.44
504825,10399,2012,2024-09-15,2.0,0.15,93.71,159.31
504826,10709,2026,2025-01-23,2.0,0.0,74.85,149.7
504827,10899,2004,2025-11-25,3.0,0.1,83.99,226.77
504828,10293,2023,2025-06-29,2.0,0.05,61.98,117.76
504829,10293,2013,2024-09-22,1.0,0.0,111.92,111.92
504830,10485,2017,2024-11-09,2.0,0.0,68.24,136.48
504831,10899,2016,2024-02-10,2.0,0.0,76.81,153.62
504832,10447,2009,2024-07-29,1.0,0.0,33.82,33.82
504833,10803,2026,2024-09-29,2.0,0.15,74.85,127.24
504834,10692,2028,2024-05-16,1.0,0.15,86.01,73.11
504835,10983,2001,2025-08-22,3.0,0.05,50.2,143.07
504836,10892,2015,2024-03-01,2.0,0.05,27.47,52.19
504837,10412,2012,2025-05-25,3.0,0.1,93.71,253.02
504838,10508,2005,2025-11-07,2.0,0.0,75.13,150.26
504839,10734,2023,2025-05-30,2.0,0.05,61.98,117.76
504840,10786,2024,2024-01-16,2.0,0.05,135.89,258.19
504841,10890,2018,2025-09-06,2.0,0.15,132.04,224.47
504842,10244,2020,2024-09-12,1.0,0.0,145.5,145.5
504843,10420,2002,2025-12-23,2.0,0.1,16.22,29.2
504844,10929,2004,2025-06-19,1.0,0.0,83.99,83.99
504845,10960,2015,2024-08-23,2.0,0.1,27.47,49.45
504846,10154,2006,2024-05-11,1.0,0.0,145.53,145.53
504847,10816,2022,2025-11-01,2.0,0.0,48.42,96.84
504848,10424,2012,2025-11-16,3.0,0.0,93.71,281.13
504849,10273,2029,2024-01-18,2.0,0.0,107.84,215.68
504850,10936,2018,2024-07-04,1.0,0.1,132.04,118.84
504851,10647,2027,2025-01-26,1.0,0.15,58.32,49.57
504852,10825,2020,2025-02-27,1.0,0.0,145.5,145.5
504853,10520,2004,2025-03-18,1.0,0.1,83.99,75.59
504854,10128,2030,2025-11-27,3.0,0.1,51.91,140.16
504855,10373,2001,2025-10-17,1.0,0.0,50.2,50.2
504856,10568,2015,2025-07-10,1.0,0.05,27.47,26.1
504857,10638,2030,2024-01-13,1.0,0.1,51.91,46.72
504858,10159,2018,2025-06-04,2.0,0.0,132.04,264.08
504859,10571,2014,2024-03-21,1.0,0.15,65.22,55.44
504860,10570,2003,2025-11-05,2.0,0.15,102.51,174.27
504861,10652,2029,2024-10-29,1.0,0.0,107.84,107.84
504862,10176,2015,2024-08-04,1.0,0.0,27.47,27.47
504863,10927,2027,2024-09-05,2.0,0.1,58.32,104.98
504864,10620,2005,2025-06-25,2.0,0.0,75.13,150.26
504865,10211,2027,2024-09-29,1.0,0.0,58.32,58.32
504866,10447,2024,2024-05-13,2.0,0.1,135.89,244.6
504867,10586,2022,2024-01-06,1.0,0.0,48.42,48.42
504868,10167,2003,2025-06-26,2.0,0.0,102.51,205.02
504869,10460,2022,2025-09-21,2.0,0.05,48.42,92.0
504870,10916,2007,2025-11-21,2.0,0.15,92.1,156.57
504871,10357,2006,2024-05-21,2.0,0.1,145.53,261.95
504872,10304,2026,2025-04-28,3.0,0.05,74.85,213.32
504873,10233,2022,2024-11-01,2.0,0.0,48.42,96.84
504874,10327,2001,2024-12-11,1.0,0.0,50.2,50.2
504875,10884,2019,2025-07-16,1.0,0.0,47.93,47.93
504876,10182,2007,2024-09-27,3.0,0.05,92.1,262.48
504877,10634,2004,2024-04-18,1.0,0.0,83.99,83.99
504878,10334,2012,2025-07-12,1.0,0.1,93.71,84.34
504879,10715,2020,2025-04-19,1.0,0.15,145.5,123.68
504880,10967,2023,2024-03-23,3.0,0.05,61.98,176.64
504881,10029,2025,2025-09-30,2.0,0.0,145.48,290.96
504882,10714,2030,2024-03-25,3.0,0.0,51.91,155.73
504883,10093,2027,2024-10-17,1.0,0.1,58.32,52.49
504884,10841,2029,2024-03-12,2.0,0.15,107.84,183.33
504885,10868,2029,2024-06-24,3.0,0.1,107.84,291.17
504886,10688,2018,2025-04-08,2.0,0.0,132.04,264.08
504887,10330,2009,2025-01-30,2.0,0.0,33.82,67.64
504888,10723,2019,2024-04-01,2.0,0.15,47.93,81.48
504889,10184,2022,2025-04-14,3.0,0.0,48.42,145.26
504890,10095,2004,2025-03-10,2.0,0.0,83.99,167.98
504891,10785,2001,2024-09-06,1.0,0.0,50.2,50.2
504892,10649,2009,2025-10-06,2.0,0.05,33.82,64.26
504893,10749,2027,2025-11-12,2.0,0.1,58.32,104.98
504894,10353,2015,2025-07-26,1.0,0.15,27.47,23.35
504895,10930,2022,2024-08-29,2.0,0.0,48.42,96.84
504896,10941,2008,2025-12-03,1.0,0.0,131.55,131.55
504897,10984,2015,2025-05-11,1.0,0.0,27.47,27.47
504898,10265,2015,2024-12-06,1.0,0.05,27.47,26.1
504899,10647,2018,2025-04-16,1.0,0.0,132.04,132.04
504900,10656,2007,2025-04-08,2.0,0.0,92.1,184.2
504901,10019,2022,2024-10-02,1.0,0.0,48.42,48.42
504902,10743,2018,2024-01-16,1.0,0.05,132.04,125.44
504903,10646,2016,2024-02-11,2.0,0.0,76.81,153.62
504904,10626,2002,2024-07-27,1.0,0.15,16.22,13.79
504905,10499,2004,2024-03-01,1.0,0.05,83.99,79.79
504906,10139,2020,2024-12-31,1.0,0.0,145.5,145.5
504907,10637,2016,2024-08-28,1.0,0.0,76.81,76.81
504908,10716,2003,2025-08-31,1.0,0.1,102.51,92.26
504909,10573,2024,2024-06-09,3.0,0.0,135.89,407.67
504910,10762,2030,2025-02-01,3.0,0.15,51.91,132.37
504911,10810,2023,2025-05-15,1.0,0.0,61.98,61.98
504912,10525,2002,2024-07-28,3.0,0.0,16.22,48.66
504913,10908,2003,2024-05-13,1.0,0.0,102.51,102.51
504914,10255,2026,2025-01-16,2.0,0.05,74.85,142.21
504915,10085,2025,2025-03-09,1.0,0.0,145.48,145.48
504916,10458,2029,2025-09-01,2.0,0.15,107.84,183.33
504917,10532,2005,2025-01-24,1.0,0.15,75.13,63.86
504918,10562,2002,2025-08-06,1.0,0.0,16.22,16.22
504919,10676,2019,2025-03-08,2.0,0.1,47.93,86.27
504920,10092,2024,2024-10-01,1.0,0.1,135.89,122.3
504921,10600,2020,2024-12-17,1.0,0.1,145.5,130.95
504922,10069,2030,2024-05-14,1.0,0.0,51.91,51.91
504923,10037,2002,2024-03-07,1.0,0.05,16.22,15.41
504924,10765,2002,2025-10-01,2.0,0.15,16.22,27.57
504925,10764,2022,2024-07-24,2.0,0.05,48.42,92.0
504926,10140,2024,2024-10-25,1.0,0.05,135.89,129.1
504927,10867,2023,2024-04-27,2.0,0.05,61.98,117.76
504928,10893,2020,2024-09-24,1.0,0.0,145.5,145.5
504929,10680,2018,2024-05-29,1.0,0.0,132.04,132.04
504930,10566,2025,2024-07-13,2.0,0.0,145.48,290.96
504931,10898,2020,2025-11-11,1.0,0.0,145.5,145.5
504932,10178,2025,2024-06-28,1.0,0.05,145.48,138.21
504933,10809,2021,2024-05-28,3.0,0.0,144.34,433.02
504934,10813,2014,2025-04-10,1.0,0.0,65.22,65.22
504935,10871,2028,2025-07-23,1.0,0.0,86.01,86.01
504936,10618,2015,2024-01-06,2.0,0.0,27.47,54.94
504937,10137,2012,2025-06-10,2.0,0.05,93.71,178.05
504938,10190,2011,2024-10-07,2.0,0.0,132.17,264.34
504939,10640,2011,2025-05-14,2.0,0.05,132.17,251.12
504940,10342,2030,2025-03-12,2.0,0.05,51.91,98.63
504941,10559,2007,2024-08-04,2.0,0.15,92.1,156.57
504942,10005,2012,2025-11-18,1.0,0.05,93.71,89.02
504943,10972,2016,2025-05-30,2.0,0.1,76.81,138.26
504944,10257,2005,2024-05-17,1.0,0.15,75.13,63.86
504945,10812,2002,2025-09-04,1.0,0.05,16.22,15.41
504946,10662,2022,2025-08-18,1.0,0.05,48.42,46.0
504947,10806,2016,2024-10-07,1.0,0.0,76.81,76.81
504948,10243,2023,2024-05-12,2.0,0.15,61.98,105.37
504949,10787,2030,2025-01-28,3.0,0.15,51.91,132.37
504950,10720,2015,2025-04-26,2.0,0.0,27.47,54.94
504951,10415,2011,2025-05-28,2.0,0.1,132.17,237.91
504952,10627,2029,2025-09-20,2.0,0.15,107.84,183.33
504953,10707,2006,2025-02-23,2.0,0.1,145.53,261.95
504954,10343,2013,2024-07-21,1.0,0.05,111.92,106.32
504955,10682,2030,2025-10-14,1.0,0.0,51.91,51.91
504956,10379,2019,2025-10-20,1.0,0.0,47.93,47.93
504957,10594,2010,2025-04-07,3.0,0.0,91.83,275.49
504958,10666,2024,2024-07-21,3.0,0.0,135.89,407.67
504959,10653,2019,2024-06-01,1.0,0.0,47.93,47.93
504960,10826,2030,2024-08-10,1.0,0.0,51.91,51.91
504961,10146,2005,2024-03-20,1.0,0.0,75.13,75.13
504962,10323,2025,2024-07-19,1.0,0.0,145.48,145.48
504963,10122,2027,2024-04-09,1.0,0.0,58.32,58.32
504964,10252,2021,2024-08-01,1.0,0.0,144.34,144.34
504965,10855,2007,2024-05-23,2.0,0.0,92.1,184.2
504966,10899,2011,2025-12-03,2.0,0.0,132.17,264.34
504967,10311,2014,2025-01-24,3.0,0.0,65.22,195.66
504968,10601,2023,2025-01-09,2.0,0.0,61.98,123.96
504969,10475,2021,2024-02-22,1.0,0.0,144.34,144.34
504970,10570,2016,2025-09-16,1.0,0.05,76.81,72.97
504971,10492,2018,2024-05-15,1.0,0.0,132.04,132.04
504972,10575,2021,2025-02-15,1.0,0.15,144.34,122.69
504973,10347,2023,2025-04-15,2.0,0.1,61.98,111.56
504974,10820,2023,2024-04-22,2.0,0.05,61.98,117.76
504975,10487,2004,2025-06-09,1.0,0.0,83.99,83.99
504976,10473,2001,2024-02-14,2.0,0.1,50.2,90.36
504977,10382,2022,2025-02-01,2.0,0.15,48.42,82.31
504978,10280,2029,2025-08-08,2.0,0.05,107.84,204.9
504979,10072,2015,2024-09-18,3.0,0.15,27.47,70.05
504980,10521,2014,2025-06-29,1.0,0.0,65.22,65.22
504981,10366,2019,2025-01-23,1.0,0.1,47.93,43.14
504982,10933,2027,2025-04-21,1.0,0.15,58.32,49.57
504983,10094,2005,2025-02-14,1.0,0.1,75.13,67.62
504984,10373,2004,2025-08-03,2.0,0.0,83.99,167.98
504985,10339,2013,2024-01-17,3.0,0.15,111.92,285.4
504986,10437,2018,2025-10-24,3.0,0.05,132.04,376.31
504987,10336,2012,2024-04-12,2.0,0.1,93.71,168.68
504988,10664,2023,2024-07-05,1.0,0.15,61.98,52.68
504989,10492,2030,2024-01-26,1.0,0.0,51.91,51.91
504990,10917,2021,2024-03-13,3.0,0.15,144.34,368.07
504991,10868,2015,2025-08-16,3.0,0.15,27.47,70.05
504992,10040,2030,2025-07-27,1.0,0.05,51.91,49.31
504993,10359,2023,2024-01-19,2.0,0.0,61.98,123.96
504994,10574,2009,2025-07-24,3.0,0.0,33.82,101.46
504995,10254,2004,2024-11-28,3.0,0.0,83.99,251.97
504996,10966,2005,2025-07-23,2.0,0.0,75.13,150.26
504997,10581,2009,2024-04-07,1.0,0.0,33.82,33.82
504998,10398,2013,2025-12-28,2.0,0.15,111.92,190.26
504999,10757,2010,2024-01-13,2.0,0.0,91.83,183.66
505000,10877,2027,2024-01-12,1.0,0.0,58.32,58.32
505001,10170,2016,2024-06-12,2.0,0.0,76.81,153.62
505002,10690,2030,2024-10-10,2.0,0.0,51.91,103.82
505003,10701,2013,2025-12-30,2.0,0.05,111.92,212.65
505004,10511,2004,2024-08-29,1.0,0.1,83.99,75.59
505005,10260,2021,2024-02-15,1.0,0.15,144.34,122.69
505006,10584,2013,2025-08-16,3.0,0.05,111.92,318.97
505007,10984,2021,2024-09-12,3.0,0.0,144.34,433.02
505008,10459,2008,2024-03-08,1.0,0.0,131.55,131.55
505009,10529,2013,2025-09-06,1.0,0.0,111.92,111.92
505010,10882,2015,2025-08-26,1.0,0.0,27.47,27.47
505011,10341,2020,2024-02-12,3.0,0.0,145.5,436.5
505012,10057,2020,2025-01-19,2.0,0.0,145.5,291.0
505013,10218,2013,2025-08-12,1.0,0.05,111.92,106.32
505014,10619,2023,2024-08-22,1.0,0.0,61.98,61.98
505015,10816,2027,2025-12-15,2.0,0.15,58.32,99.14
505016,10940,2005,2025-04-30,2.0,0.0,75.13,150.26
505017,10685,2022,2024-02-09,3.0,0.0,48.42,145.26
505018,10731,2022,2024-01-12,1.0,0.05,48.42,46.0
505019,10464,2028,2025-09-16,3.0,0.05,86.01,245.13
505020,10247,2006,2025-02-13,2.0,0.1,145.53,261.95
505021,10730,2030,2024-04-18,2.0,0.0,51.91,103.82
505022,10373,2026,2024-04-04,2.0,0.1,74.85,134.73
505023,10417,2005,2024-03-25,1.0,0.0,75.13,75.13
505024,10031,2013,2024-02-28,2.0,0.1,111.92,201.46
505025,10368,2029,2024-10-20,1.0,0.0,107.84,107.84
505026,10559,2005,2024-01-17,1.0,0.0,75.13,75.13
505027,10646,2025,2025-04-22,2.0,0.0,145.48,290.96
505028,10108,2013,2025-08-28,3.0,0.05,111.92,318.97
505029,10584,2024,2024-06-14,1.0,0.1,135.89,122.3
505030,10839,2020,2025-03-13,1.0,0.05,145.5,138.22
505031,10418,2023,2025-12-28,1.0,0.15,61.98,52.68
505032,10620,2008,2025-10-18,1.0,0.1,131.55,118.4
505033,10821,2028,2025-02-07,1.0,0.1,86.01,77.41
505034,10398,2009,2025-01-21,2.0,0.0,33.82,67.64
505035,10272,2021,2024-05-18,3.0,0.1,144.34,389.72
505036,10683,2019,2025-12-17,1.0,0.05,47.93,45.53
505037,10116,2029,2025-12-23,2.0,0.15,107.84,183.33
505038,10841,2020,2025-06-15,2.0,0.1,145.5,261.9
505039,10586,2015,2024-10-20,2.0,0.1,27.47,49.45
505040,10256,2026,2025-04-20,2.0,0.0,74.85,149.7
505041,10081,2022,2025-04-07,1.0,0.0,48.42,48.42
505042,10780,2010,2025-01-08,1.0,0.15,91.83,78.06
505043,10128,2011,2024-06-11,2.0,0.0,132.17,264.34
505044,10838,2005,2025-10-04,3.0,0.0,75.13,225.39
505045,10915,2009,2024-02-14,1.0,0.0,33.82,33.82
505046,10235,2029,2024-03-24,2.0,0.0,107.84,215.68
505047,10553,2011,2025-09-28,2.0,0.15,132.17,224.69
505048,10181,2027,2025-06-23,2.0,0.0,58.32,116.64
505049,10157,2030,2025-06-03,1.0,0.15,51.91,44.12
505050,10454,2019,2025-02-15,3.0,0.05,47.93,136.6
505051,10571,2002,2024-12-07,2.0,0.0,16.22,32.44
505052,10857,2006,2025-12-12,2.0,0.1,145.53,261.95
505053,10761,2029,2025-09-16,1.0,0.0,107.84,107.84
505054,10704,2023,2024-03-30,1.0,0.1,61.98,55.78
505055,10024,2021,2025-10-02,2.0,0.0,144.34,288.68
505056,10473,2001,2024-08-18,2.0,0.1,50.2,90.36
505057,10400,2003,2024-01-19,1.0,0.0,102.51,102.51
505058,10948,2003,2025-11-04,1.0,0.0,102.51,102.51
505059,10592,2028,2024-10-08,2.0,0.1,86.01,154.82
505060,10134,2014,2025-02-26,3.0,0.0,65.22,195.66
505061,10421,2020,2025-11-09,1.0,0.05,145.5,138.22
505062,10213,2030,2025-12-03,1.0,0.05,51.91,49.31
505063,10900,2026,2024-12-04,1.0,0.05,74.85,71.11
505064,10482,2022,2024-09-23,2.0,0.05,48.42,92.0
505065,10348,2005,2024-12-21,2.0,0.0,75.13,150.26
505066,10166,2017,2024-12-26,2.0,0.15,68.24,116.01
505067,10937,2015,2024-08-05,2.0,0.0,27.47,54.94
505068,10348,2006,2024-11-17,2.0,0.0,145.53,291.06
505069,10849,2014,2025-12-20,2.0,0.05,65.22,123.92
505070,10398,2014,2025-10-27,1.0,0.05,65.22,61.96
505071,10583,2025,2025-11-24,1.0,0.1,145.48,130.93
505072,10726,2027,2024-07-31,3.0,0.05,58.32,166.21
505073,10435,2017,2024-07-22,2.0,0.0,68.24,136.48
505074,10577,2008,2025-12-18,2.0,0.05,131.55,249.95
505075,10221,2008,2024-06-02,2.0,0.05,131.55,249.95
505076,10308,2019,2025-11-13,1.0,0.0,47.93,47.93
505077,10991,2029,2025-03-05,1.0,0.0,107.84,107.84
505078,10798,2009,2024-10-14,2.0,0.0,33.82,67.64
505079,10697,2011,2024-11-17,2.0,0.1,132.17,237.91
505080,10719,2013,2025-03-12,2.0,0.0,111.92,223.84
505081,10466,2013,2025-08-15,2.0,0.15,111.92,190.26
505082,10099,2027,2025-05-11,2.0,0.0,58.32,116.64
505083,10242,2024,2025-08-27,2.0,0.05,135.89,258.19
505084,10158,2019,2024-05-29,1.0,0.1,47.93,43.14
505085,10610,2026,2025-06-26,1.0,0.15,74.85,63.62
505086,10554,2021,2025-09-27,1.0,0.15,144.34,122.69
505087,10651,2019,2025-04-27,1.0,0.0,47.93,47.93
505088,10795,2005,2024-11-22,2.0,0.1,75.13,135.23
505089,10920,2016,2024-01-30,3.0,0.15,76.81,195.87
505090,10227,2009,2024-09-16,2.0,0.0,33.82,67.64
505091,10423,2028,2025-11-29,2.0,0.05,86.01,163.42
505092,10072,2020,2024-03-16,1.0,0.0,145.5,145.5
505093,10243,2022,2025-07-11,1.0,0.15,48.42,41.16
505094,10530,2003,2025-08-04,2.0,0.0,102.51,205.02
505095,10589,2019,2025-05-13,2.0,0.0,47.93,95.86
505096,10045,2005,2025-02-20,1.0,0.05,75.13,71.37
505097,10472,2008,2025-12-23,1.0,0.05,131.55,124.97
505098,10371,2014,2024-12-06,3.0,0.0,65.22,195.66
505099,10855,2024,2024-11-04,2.0,0.0,135.89,271.78
505100,10652,2003,2025-12-05,1.0,0.0,102.51,102.51
505101,10689,2024,2025-09-07,2.0,0.15,135.89,231.01
505102,10734,2013,2024-08-29,2.0,0.05,111.92,212.65
505103,10927,2011,2024-09-10,3.0,0.0,132.17,396.51
505104,10092,2029,2024-08-08,3.0,0.1,107.84,291.17
505105,10022,2008,2025-02-01,2.0,0.15,131.55,223.64
505106,10172,2019,2024-12-02,1.0,0.15,47.93,40.74
505107,10604,2010,2025-12-30,1.0,0.1,91.83,82.65
505108,10192,2029,2025-12-15,2.0,0.1,107.84,194.11
505109,10077,2026,2024-01-30,2.0,0.15,74.85,127.24
505110,10281,2018,2025-05-09,2.0,0.05,132.04,250.88
505111,10364,2026,2025-12-25,1.0,0.0,74.85,74.85
505112,10179,2018,2025-05-17,2.0,0.0,132.04,264.08
505113,10238,2025,2024-06-03,2.0,0.0,145.48,290.96
505114,10135,2007,2024-08-19,2.0,0.05,92.1,174.99
505115,10877,2016,2024-04-12,2.0,0.1,76.81,138.26
505116,10902,2006,2024-06-26,1.0,0.05,145.53,138.25
505117,10280,2016,2025-11-24,1.0,0.0,76.81,76.81
505118,10019,2016,2024-08-20,3.0,0.05,76.81,218.91
505119,10595,2023,2024-01-13,2.0,0.0,61.98,123.96
505120,10740,2024,2024-07-05,2.0,0.05,135.89,258.19
505121,10371,2028,2024-09-23,3.0,0.0,86.01,258.03
505122,10777,2001,2024-05-15,2.0,0.05,50.2,95.38
505123,10112,2024,2024-02-01,2.0,0.0,135.89,271.78
505124,10763,2019,2025-04-01,1.0,0.0,47.93,47.93
505125,10676,2003,2024-09-16,1.0,0.1,102.51,92.26
505126,10870,2006,2024-04-14,2.0,0.0,145.53,291.06
505127,10680,2004,2025-03-07,3.0,0.15,83.99,214.17
505128,10221,2004,2025-01-17,2.0,0.0,83.99,167.98
505129,10920,2004,2025-04-14,1.0,0.05,83.99,79.79
505130,10304,2010,2025-05-28,2.0,0.05,91.83,174.48
505131,10703,2009,2024-07-26,1.0,0.0,33.82,33.82
505132,10325,2008,2025-10-09,1.0,0.05,131.55,124.97
505133,10437,2019,2025-03-23,3.0,0.05,47.93,136.6
505134,10438,2017,2024-03-30,2.0,0.1,68.24,122.83
505135,10170,2017,2024-07-14,1.0,0.05,68.24,64.83
505136,10375,2001,2025-02-18,1.0,0.05,50.2,47.69
505137,10557,2020,2024-05-02,1.0,0.1,145.5,130.95
505138,10381,2014,2025-04-07,2.0,0.15,65.22,110.87
505139,10986,2022,2024-04-26,2.0,0.05,48.42,92.0
505140,10014,2020,2024-07-15,1.0,0.15,145.5,123.68
505141,10743,2027,2024-02-06,2.0,0.1,58.32,104.98
505142,10669,2011,2024-03-08,1.0,0.0,132.17,132.17
505143,10500,2003,2025-10-07,1.0,0.05,102.51,97.38
505144,10646,2024,2024-10-08,2.0,0.0,135.89,271.78
505145,10391,2030,2025-04-24,1.0,0.0,51.91,51.91
505146,10549,2008,2024-01-12,2.0,0.0,131.55,263.1
505147,10565,2022,2025-12-31,2.0,0.05,48.42,92.0
505148,10530,2025,2024-11-18,2.0,0.0,145.48,290.96
505149,10983,2028,2025-10-30,2.0,0.0,86.01,172.02
505150,10492,2010,2024-08-28,2.0,0.1,91.83,165.29
505151,10550,2017,2024-03-01,1.0,0.05,68.24,64.83
505152,10699,2029,2025-10-12,2.0,0.15,107.84,183.33
505153,10385,2008,2025-07-16,3.0,0.15,131.55,335.45
505154,10196,2022,2025-11-10,2.0,0.1,48.42,87.16
505155,10755,2001,2024-06-14,1.0,0.0,50.2,50.2
505156,10300,2020,2024-07-08,1.0,0.15,145.5,123.68
505157,10815,2021,2025-05-02,1.0,0.0,144.34,144.34
505158,10547,2007,2024-04-02,1.0,0.15,92.1,78.28
505159,10727,2024,2024-10-16,1.0,0.0,135.89,135.89
505160,10731,2009,2025-05-24,1.0,0.15,33.82,28.75
505161,10828,2028,2024-03-16,1.0,0.1,86.01,77.41
505162,10602,2012,2025-07-11,1.0,0.1,93.71,84.34
505163,10308,2022,2025-03-04,1.0,0.15,48.42,41.16
505164,10252,2026,2025-01-20,2.0,0.0,74.85,149.7
505165,10008,2009,2024-02-23,1.0,0.0,33.82,33.82
505166,10768,2020,2024-06-24,1.0,0.15,145.5,123.68
505167,10875,2024,2025-11-04,1.0,0.05,135.89,129.1
505168,10208,2003,2025-08-02,2.0,0.0,102.51,205.02
505169,10937,2004,2025-04-19,1.0,0.15,83.99,71.39
505170,10131,2010,2024-12-27,1.0,0.0,91.83,91.83
505171,10736,2004,2024-09-27,1.0,0.05,83.99,79.79
505172,10709,2022,2025-02-11,1.0,0.0,48.42,48.42
505173,10980,2009,2024-05-04,1.0,0.0,33.82,33.82
505174,10654,2022,2025-11-25,1.0,0.0,48.42,48.42
505175,10764,2001,2025-01-11,1.0,0.05,50.2,47.69
505176,10608,2005,2025-01-27,1.0,0.0,75.13,75.13
505177,10026,2009,2024-07-01,2.0,0.15,33.82,57.49
505178,10623,2005,2024-02-06,1.0,0.0,75.13,75.13
505179,10454,2006,2024-07-31,1.0,0.15,145.53,123.7
505180,10635,2019,2024-05-14,1.0,0.0,47.93,47.93
505181,10186,2008,2025-11-21,1.0,0.15,131.55,111.82
505182,10484,2010,2025-11-09,1.0,0.0,91.83,91.83
505183,10680,2011,2025-05-06,2.0,0.1,132.17,237.91
505184,10051,2013,2025-03-14,1.0,0.05,111.92,106.32
505185,10891,2020,2024-02-16,1.0,0.0,145.5,145.5
505186,10005,2004,2025-10-30,1.0,0.0,83.99,83.99
505187,10589,2011,2025-02-05,3.0,0.05,132.17,376.68
505188,10160,2012,2025-05-03,1.0,0.15,93.71,79.65
505189,10208,2005,2025-03-08,1.0,0.1,75.13,67.62
505190,10257,2030,2025-03-04,1.0,0.05,51.91,49.31
505191,10205,2010,2025-07-26,1.0,0.0,91.83,91.83
505192,10767,2025,2025-06-01,1.0,0.05,145.48,138.21
505193,10950,2029,2025-04-07,1.0,0.15,107.84,91.66
505194,10011,2024,2024-06-30,2.0,0.05,135.89,258.19
505195,10949,2007,2024-05-25,3.0,0.05,92.1,262.48
505196,10008,2021,2024-09-22,1.0,0.15,144.34,122.69
505197,10409,2009,2025-02-10,1.0,0.0,33.82,33.82
505198,10936,2009,2025-04-29,1.0,0.1,33.82,30.44
505199,10032,2010,2025-04-27,1.0,0.05,91.83,87.24
505200,10984,2010,2024-08-25,2.0,0.05,91.83,174.48
505201,10540,2002,2025-06-09,1.0,0.0,16.22,16.22
505202,10718,2004,2024-12-05,3.0,0.0,83.99,251.97
505203,10387,2008,2024-09-25,1.0,0.05,131.55,124.97
505204,10228,2029,2024-09-23,2.0,0.15,107.84,183.33
505205,10640,2014,2025-06-12,3.0,0.15,65.22,166.31
505206,10767,2017,2024-04-02,2.0,0.05,68.24,129.66
505207,10475,2013,2024-09-05,1.0,0.0,111.92,111.92
505208,10724,2021,2024-01-20,2.0,0.15,144.34,245.38
505209,10751,2024,2025-01-25,2.0,0.05,135.89,258.19
505210,10207,2018,2025-01-23,1.0,0.05,132.04,125.44
505211,10318,2018,2025-09-07,1.0,0.05,132.04,125.44
505212,10795,2013,2024-04-05,2.0,0.1,111.92,201.46
505213,10757,2008,2025-03-06,1.0,0.15,131.55,111.82
505214,10557,2026,2025-12-26,1.0,0.0,74.85,74.85
505215,10617,2012,2024-02-07,2.0,0.1,93.71,168.68
505216,10348,2025,2025-01-28,1.0,0.0,145.48,145.48
505217,10793,2023,2025-07-27,1.0,0.1,61.98,55.78
505218,10234,2024,2024-10-18,2.0,0.1,135.89,244.6
505219,10701,2021,2024-10-30,1.0,0.0,144.34,144.34
505220,10044,2001,2025-02-05,2.0,0.0,50.2,100.4
505221,10737,2020,2024-12-10,1.0,0.0,145.5,145.5
505222,10942,2018,2025-06-02,2.0,0.0,132.04,264.08
505223,10142,2003,2025-01-12,1.0,0.1,102.51,92.26
505224,10648,2012,2024-06-14,2.0,,93.71,187.42
505225,10176,2019,2024-01-14,1.0,0.15,47.93,40.74
505226,10654,2025,2024-01-26,3.0,0.0,145.48,436.44
505227,10449,2013,2024-05-03,1.0,0.05,111.92,106.32
505228,10592,2010,2024-05-09,1.0,0.1,91.83,82.65
505229,10082,2015,2025-09-26,3.0,0.05,27.47,78.29
505230,10135,2020,2025-07-01,1.0,0.05,145.5,138.22
505231,10719,2002,2025-08-18,1.0,0.1,16.22,14.6
505232,10856,2019,2024-11-05,1.0,0.15,47.93,40.74
505233,10177,2003,2025-03-12,1.0,0.1,102.51,92.26
505234,10383,2014,2024-07-01,2.0,0.0,65.22,130.44
505235,10243,2007,2025-08-11,2.0,0.0,92.1,184.2
505236,10567,2008,2025-09-08,2.0,0.1,131.55,236.79
505237,10141,2029,2024-02-13,1.0,0.05,107.84,102.45
505238,10457,2011,2025-02-08,2.0,0.1,132.17,237.91
505239,10440,2029,2025-08-28,1.0,0.0,107.84,107.84
505240,10056,2022,2025-10-18,1.0,0.0,48.42,48.42
505241,10527,2020,2025-08-13,1.0,0.15,145.5,123.68
505242,10697,2006,2024-09-20,2.0,0.05,145.53,276.51
505243,10826,2029,2024-03-11,2.0,0.0,107.84,215.68
505244,10419,2011,2025-10-23,1.0,0.0,132.17,132.17
505245,10088,2017,2024-10-19,1.0,0.0,68.24,68.24
505246,10609,2029,2024-08-02,1.0,0.15,107.84,91.66
505247,10656,2010,2024-05-27,2.0,0.1,91.83,165.29
505248,10008,2024,2024-01-26,2.0,0.0,135.89,271.78
505249,10477,2017,2024-11-19,2.0,0.0,68.24,136.48
505250,10215,2021,2024-04-19,2.0,0.1,144.34,259.81
505251,10685,2002,2025-11-24,2.0,0.15,16.22,27.57
505252,10735,2006,2024-09-08,1.0,0.05,145.53,138.25
505253,10552,2025,2025-04-27,3.0,0.1,145.48,392.8
505254,10497,2005,2025-12-16,1.0,0.0,75.13,75.13
505255,10694,2004,2025-11-13,3.0,0.0,83.99,251.97
505256,10503,2030,2024-06-24,1.0,0.05,51.91,49.31
505257,10782,2002,2024-12-13,2.0,0.05,16.22,30.82
505258,10699,2012,2024-06-19,1.0,0.05,93.71,89.02
505259,10245,2003,2024-01-03,2.0,0.0,102.51,205.02
505260,10478,2006,2025-10-08,1.0,0.15,145.53,123.7
505261,10309,2024,2025-10-01,1.0,0.15,135.89,115.51
505262,10231,2014,2025-07-12,3.0,0.1,65.22,176.09
505263,10383,2008,2025-12-07,2.0,0.0,131.55,263.1
505264,10155,2021,2024-12-28,1.0,0.0,144.34,144.34
505265,10175,2021,2025-12-22,2.0,0.0,144.34,288.68
505266,10848,2026,2024-10-23,1.0,0.0,74.85,74.85
505267,10115,2014,2025-07-24,1.0,0.05,65.22,61.96
505268,10390,2029,2025-08-13,2.0,0.15,107.84,183.33
505269,10311,2003,2024-07-21,1.0,0.1,102.51,92.26
505270,10993,2016,2024-10-16,2.0,0.15,76.81,130.58
505271,10300,2015,2024-03-03,3.0,0.0,27.47,82.41
505272,10018,2007,2025-05-17,2.0,0.0,92.1,184.2
505273,10784,2015,2024-05-06,2.0,0.15,27.47,46.7
505274,10012,2013,2024-02-19,1.0,0.0,111.92,111.92
505275,10404,2006,2025-08-23,2.0,0.1,145.53,261.95
505276,10813,2015,2024-06-28,1.0,0.0,27.47,27.47
505277,10704,2017,2025-08-04,3.0,0.1,68.24,184.25
505278,10232,2004,2025-05-08,1.0,0.05,83.99,79.79
505279,10955,2022,2025-03-09,1.0,0.1,48.42,43.58
505280,10605,2027,2025-07-26,1.0,0.05,58.32,55.4
505281,10990,2022,2024-10-29,2.0,0.0,48.42,96.84
505282,10730,2027,2024-06-18,1.0,0.0,58.32,58.32
505283,10278,2014,2024-09-26,1.0,0.1,65.22,58.7
505284,10353,2015,2024-12-30,1.0,0.1,27.47,24.72
505285,10999,2028,2025-09-16,1.0,0.0,86.01,86.01
505286,10303,2012,2024-04-10,1.0,0.0,93.71,93.71
505287,10541,2019,2024-08-03,1.0,0.0,47.93,47.93
505288,10470,2022,2025-09-17,1.0,0.05,48.42,46.0
505289,10813,2028,2024-04-07,3.0,0.0,86.01,258.03
505290,10077,2010,2025-09-22,1.0,0.0,91.83,91.83
505291,10521,2006,2025-07-02,2.0,0.0,145.53,291.06
505292,10024,2028,2024-12-03,2.0,0.05,86.01,163.42
505293,10015,2025,2024-12-25,3.0,0.0,145.48,436.44
505294,10676,2009,2024-10-17,1.0,0.15,33.82,28.75
505295,10525,2002,2025-01-31,2.0,0.0,16.22,32.44
505296,10347,2004,2024-12-26,2.0,0.1,83.99,151.18
505297,10172,2009,2024-12-13,1.0,0.1,33.82,30.44
505298,10869,2015,2024-05-04,3.0,0.0,27.47,82.41
505299,10327,2030,2025-07-06,1.0,0.15,51.91,44.12
505300,10712,2013,2025-10-15,2.0,0.0,111.92,223.84
505301,10485,2020,2025-06-22,1.0,0.1,145.5,130.95
505302,10489,2008,2025-10-16,1.0,0.0,131.55,131.55
505303,10462,2026,2025-02-26,2.0,0.15,74.85,127.24
505304,10378,2028,2024-12-02,1.0,0.05,86.01,81.71
505305,10588,2019,2025-05-18,1.0,0.0,47.93,47.93
505306,10164,2019,2024-02-27,1.0,0.15,47.93,40.74
505307,10372,2025,2025-10-24,1.0,0.05,145.48,138.21
505308,10573,2016,2025-12-18,1.0,0.15,76.81,65.29
505309,11000,2011,2024-03-17,2.0,0.15,132.17,224.69
505310,10977,2010,2025-04-11,1.0,0.0,91.83,91.83
505311,10424,2008,2024-10-12,3.0,0.0,131.55,394.65
505312,10757,2001,2025-12-23,1.0,0.05,50.2,47.69
505313,10477,2010,2025-01-21,1.0,0.0,91.83,91.83
505314,10382,2030,2024-09-16,2.0,0.05,51.91,98.63
505315,10155,2018,2025-04-22,1.0,0.0,132.04,132.04
505316,10257,2003,2025-11-27,1.0,0.0,102.51,102.51
505317,10756,2030,2024-01-12,3.0,0.0,51.91,155.73
505318,10674,2011,2025-11-03,3.0,0.15,132.17,337.03
505319,10068,2018,2024-09-17,2.0,0.15,132.04,224.47
505320,10344,2003,2025-01-28,1.0,0.0,102.51,102.51
505321,10277,2008,2025-08-23,1.0,0.05,131.55,124.97
505322,10673,2027,2025-01-04,1.0,0.15,58.32,49.57
505323,10391,2027,2024-07-03,2.0,0.05,58.32,110.81
505324,10449,2028,2024-01-17,2.0,0.0,86.01,172.02
505325,10259,2014,2025-05-21,1.0,0.1,65.22,58.7
505326,10307,2006,2024-03-27,2.0,0.15,145.53,247.4
505327,10847,2015,2025-12-12,1.0,0.15,27.47,23.35
505328,10095,2014,2024-01-11,1.0,0.0,65.22,65.22
505329,10950,2007,2025-04-22,2.0,0.05,92.1,174.99
505330,10464,2010,2024-06-13,1.0,0.0,91.83,91.83
505331,10970,2015,2024-01-25,1.0,0.0,27.47,27.47
505332,10246,2029,2025-07-30,3.0,0.0,107.84,323.52
505333,10733,2010,2024-11-08,3.0,0.0,91.83,275.49
505334,10635,2022,2024-08-26,1.0,0.0,48.42,48.42
505335,10187,2017,2025-04-07,3.0,0.1,68.24,184.25
505336,10774,2027,2025-04-07,2.0,0.1,58.32,104.98
505337,10925,2019,2024-08-26,1.0,0.0,47.93,47.93
505338,10785,2029,2024-01-23,1.0,0.1,107.84,97.06
505339,10373,2017,2024-06-29,2.0,0.1,68.24,122.83
505340,10572,2012,2025-07-13,1.0,0.0,93.71,93.71
505341,10406,2015,2025-12-31,1.0,0.05,27.47,26.1
505342,10408,2026,2025-05-14,2.0,0.1,74.85,134.73
505343,10125,2012,2025-04-20,1.0,0.0,93.71,93.71
505344,10337,2025,2025-12-17,2.0,0.05,145.48,276.41
505345,10341,2029,2024-12-05,1.0,0.15,107.84,91.66
505346,10563,2009,2025-06-15,1.0,0.1,33.82,30.44
505347,10178,2005,2025-11-23,1.0,0.0,75.13,75.13
505348,10651,2004,2024-06-11,2.0,0.1,83.99,151.18
505349,10952,2012,2024-03-02,1.0,0.05,93.71,89.02
505350,10839,2016,2024-03-26,3.0,0.0,76.81,230.43
505351,10170,2009,2025-07-01,1.0,0.05,33.82,32.13
505352,10039,2025,2025-05-05,1.0,0.15,145.48,123.66
505353,10069,2003,2024-01-06,1.0,0.0,102.51,102.51
505354,10236,2021,2024-03-17,1.0,0.0,144.34,144.34
505355,10560,2003,2024-09-10,1.0,0.0,102.51,102.51
505356,10381,2026,2024-01-08,2.0,0.1,74.85,134.73
505357,10057,2018,2025-11-12,3.0,0.05,132.04,376.31
505358,10277,2017,2025-10-04,1.0,0.0,68.24,68.24
505359,10850,2028,2025-04-18,2.0,0.05,86.01,163.42
505360,10099,2010,2024-05-18,2.0,0.1,91.83,165.29
505361,10916,2002,2024-12-24,3.0,0.0,16.22,48.66
505362,10527,2024,2025-08-26,1.0,0.0,135.89,135.89
505363,10325,2011,2024-06-12,1.0,0.05,132.17,125.56
505364,10461,2024,2024-11-14,3.0,0.0,135.89,407.67
505365,10179,2003,2025-04-03,1.0,0.15,102.51,87.13
505366,10844,2023,2024-09-10,2.0,0.15,61.98,105.37
505367,10574,2023,2024-07-20,1.0,0.1,61.98,55.78
505368,10119,2002,2025-06-16,2.0,0.1,16.22,29.2
505369,10469,2009,2025-11-06,1.0,0.05,33.82,32.13
505370,10549,2019,2024-06-14,1.0,0.0,47.93,47.93
505371,10646,2002,2024-08-20,2.0,0.0,16.22,32.44
505372,10455,2028,2024-11-24,1.0,0.0,86.01,86.01
505373,10026,2019,2024-08-26,1.0,0.0,47.93,47.93
505374,10490,2002,2024-04-30,2.0,0.05,16.22,30.82
505375,10008,2015,2025-09-11,2.0,0.0,27.47,54.94
505376,10969,2024,2024-09-07,2.0,0.0,135.89,271.78
505377,10987,2021,2024-12-02,3.0,0.0,144.34,433.02
505378,10516,2003,2024-10-11,1.0,0.0,102.51,102.51
505379,10533,2005,2024-07-17,1.0,0.05,75.13,71.37
505380,10927,2011,2025-02-20,1.0,0.0,132.17,132.17
505381,10149,2027,2025-01-30,2.0,0.0,58.32,116.64
505382,10488,2024,2024-05-31,1.0,0.05,135.89,129.1
505383,10025,2007,2024-09-22,2.0,0.0,92.1,184.2
505384,10999,2006,2024-08-08,1.0,0.0,145.53,145.53
505385,10655,2014,2024-08-04,1.0,0.0,65.22,65.22
505386,10757,2029,2024-11-11,2.0,0.0,107.84,215.68
505387,10931,2001,2025-10-30,1.0,0.15,50.2,42.67
505388,10945,2026,2024-08-04,1.0,0.0,74.85,74.85
505389,10555,2017,2024-12-01,1.0,0.1,68.24,61.42
505390,10425,2017,2024-12-25,2.0,0.1,68.24,122.83
505391,10293,2014,2025-09-18,1.0,0.05,65.22,61.96
505392,10185,2010,2024-06-10,2.0,0.05,91.83,174.48
505393,10554,2030,2025-09-02,1.0,0.0,51.91,51.91
505394,10431,2008,2025-05-26,1.0,0.1,131.55,118.4
505395,10604,2008,2024-06-06,1.0,0.0,131.55,131.55
505396,10317,2014,2024-06-11,1.0,0.1,65.22,58.7
505397,10398,2007,2024-02-12,2.0,0.15,92.1,156.57
505398,10324,2006,2024-06-29,3.0,0.05,145.53,414.76
505399,10565,2004,2024-10-30,1.0,0.15,83.99,71.39
505400,10596,2001,2024-11-26,2.0,0.05,50.2,95.38
505401,10546,2015,2025-07-17,1.0,0.15,27.47,23.35
505402,10076,2025,2025-03-05,1.0,0.05,145.48,138.21
505403,10865,2015,2024-12-16,2.0,0.0,27.47,54.94
505404,10920,2001,2024-04-30,1.0,0.15,50.2,42.67
505405,10916,2020,2024-03-16,2.0,0.0,145.5,291.0
505406,10709,2003,2025-11-05,2.0,0.05,102.51,194.77
505407,10486,2023,2025-10-23,1.0,0.1,61.98,55.78
505408,10798,2005,2024-05-03,1.0,0.0,75.13,75.13
505409,10088,2005,2025-10-15,1.0,0.1,75.13,67.62
505410,10747,2004,2024-07-01,1.0,0.05,83.99,79.79
505411,10232,2017,2024-09-14,2.0,0.0,68.24,136.48
505412,10007,2021,2025-08-21,2.0,0.0,144.34,288.68
505413,10804,2020,2025-08-06,2.0,0.0,145.5,291.0
505414,10550,2014,2024-09-26,2.0,0.05,65.22,123.92
505415,10976,2026,2025-05-08,3.0,0.15,74.85,190.87
505416,10052,2029,2024-06-29,2.0,0.05,107.84,204.9
505417,10655,2008,2024-05-29,3.0,0.05,131.55,374.92
505418,10942,2002,2025-06-02,1.0,0.0,16.22,16.22
505419,10919,2008,2024-05-28,1.0,0.0,131.55,131.55
505420,10396,2001,2025-11-11,2.0,0.15,50.2,85.34
505421,10221,2029,2024-01-10,1.0,0.0,107.84,107.84
505422,10428,2004,2024-06-27,2.0,0.05,83.99,159.58
505423,10752,2019,2025-01-30,1.0,0.0,47.93,47.93
505424,10143,2005,2025-09-20,1.0,0.05,75.13,71.37
505425,10861,2029,2025-08-31,3.0,0.05,107.84,307.34
505426,10363,2005,2024-11-27,3.0,0.0,75.13,225.39
505427,10382,2021,2024-02-26,2.0,0.0,144.34,288.68
505428,10561,2028,2024-07-26,2.0,0.0,86.01,172.02
505429,10277,2020,2024-04-15,3.0,0.05,145.5,414.67
505430,10271,2024,2025-07-01,1.0,0.1,135.89,122.3
505431,10014,2019,2025-12-22,1.0,0.0,47.93,47.93
505432,10298,2012,2024-12-21,2.0,0.15,93.71,159.31
505433,10464,2020,2025-10-21,1.0,0.05,145.5,138.22
505434,10527,2001,2025-05-04,1.0,0.15,50.2,42.67
505435,10234,2007,2025-08-16,2.0,0.0,92.1,184.2
505436,10575,2017,2025-05-18,1.0,0.1,68.24,61.42
505437,10708,2002,2024-02-20,1.0,0.15,16.22,13.79
505438,10027,2011,2024-03-28,2.0,0.15,132.17,224.69
505439,10471,2007,2025-12-04,2.0,0.0,92.1,184.2
505440,10093,2017,2024-10-30,2.0,0.05,68.24,129.66
505441,10617,2027,2024-01-02,2.0,0.05,58.32,110.81
505442,10309,2003,2025-01-16,1.0,0.0,102.51,102.51
505443,10052,2029,2025-10-12,1.0,0.0,107.84,107.84
505444,10319,2022,2025-10-10,2.0,0.1,48.42,87.16
505445,10969,2006,2024-12-28,1.0,0.0,145.53,145.53
505446,10181,2022,2025-01-16,1.0,0.0,48.42,48.42
505447,10569,2011,2025-10-28,1.0,0.05,132.17,125.56
505448,10120,2029,2024-06-11,1.0,0.0,107.84,107.84
505449,10820,2018,2024-01-20,3.0,0.05,132.04,376.31
505450,10875,2018,2024-08-31,3.0,0.0,132.04,396.12
505451,10043,2022,2024-05-09,3.0,0.0,48.42,145.26
505452,10647,2010,2024-06-25,1.0,0.0,91.83,91.83
505453,10885,2005,2025-02-13,1.0,0.0,75.13,75.13
505454,10938,2030,2024-03-25,1.0,0.0,51.91,51.91
505455,10260,2023,2025-01-11,1.0,0.1,61.98,55.78
505456,10197,2023,2024-08-10,1.0,0.1,61.98,55.78
505457,10645,2021,2024-11-21,1.0,0.0,144.34,144.34
505458,10971,2024,2025-03-27,1.0,0.0,135.89,135.89
505459,10255,2026,2025-02-20,2.0,0.0,74.85,149.7
505460,10732,2022,2025-10-19,1.0,0.05,48.42,46.0
505461,10336,2015,2025-03-21,1.0,0.1,27.47,24.72
505462,10553,2021,2025-09-10,1.0,0.0,144.34,144.34
505463,10502,2020,2024-11-21,3.0,0.0,145.5,436.5
505464,10990,2023,2025-06-07,1.0,0.15,61.98,52.68
505465,10900,2004,2024-06-15,1.0,0.0,83.99,83.99
505466,10255,2021,2025-12-09,1.0,0.0,144.34,144.34
505467,10514,2021,2025-10-21,2.0,0.0,144.34,288.68
505468,10707,2001,2024-08-26,2.0,0.0,50.2,100.4
505469,10242,2015,2024-01-14,2.0,0.1,27.47,49.45
505470,10149,2017,2024-09-14,3.0,0.0,68.24,204.72
505471,10710,2019,2025-05-29,1.0,0.0,47.93,47.93
505472,10299,2014,2024-07-29,2.0,0.05,65.22,123.92
505473,10757,2027,2025-04-29,3.0,0.0,58.32,174.96
505474,10850,2019,2024-12-31,1.0,0.0,47.93,47.93
505475,10620,2018,2024-08-13,1.0,0.15,132.04,112.23
505476,10453,2028,2024-07-13,2.0,0.0,86.01,172.02
505477,10393,2002,2024-07-15,1.0,0.05,16.22,15.41
505478,10212,2006,2025-02-04,3.0,0.0,145.53,436.59
505479,10668,2013,2024-02-27,3.0,0.15,111.92,285.4
505480,10538,2017,2025-09-17,2.0,0.0,68.24,136.48
505481,10594,2006,2024-08-01,1.0,0.0,145.53,145.53
505482,10595,2021,2024-10-06,1.0,0.15,144.34,122.69
505483,10131,2022,2025-01-15,2.0,0.0,48.42,96.84
505484,10329,2005,2024-04-27,1.0,0.0,75.13,75.13
505485,10612,2007,2025-03-27,2.0,0.0,92.1,184.2
505486,10256,2001,2025-08-22,1.0,0.15,50.2,42.67
505487,10479,2013,2025-02-14,1.0,0.0,111.92,111.92
505488,10561,2019,2025-01-02,1.0,0.1,47.93,43.14
505489,10913,2022,2024-04-23,1.0,0.1,48.42,43.58
505490,10063,2001,2024-06-13,3.0,0.1,50.2,135.54
505491,10311,2013,2024-01-05,2.0,0.05,111.92,212.65
505492,10407,2011,2025-09-22,1.0,0.0,132.17,132.17
505493,10802,2027,2024-01-24,1.0,0.0,58.32,58.32
505494,10105,2007,2025-08-25,1.0,0.0,92.1,92.1
505495,10617,2020,2024-04-02,2.0,0.15,145.5,247.35
505496,10837,2003,2025-04-14,3.0,0.05,102.51,292.15
505497,10015,2026,2024-06-04,1.0,0.0,74.85,74.85
505498,10687,2025,2025-09-19,1.0,0.0,145.48,145.48
505499,10259,2001,2024-07-26,1.0,0.15,50.2,42.67
505500,10723,2008,2024-03-22,3.0,0.0,131.55,394.65
505501,10412,2017,2025-09-07,1.0,0.0,68.24,68.24
505502,10259,2013,2025-04-28,1.0,0.1,111.92,100.73
505503,10614,2014,2025-08-15,2.0,0.0,65.22,130.44
505504,10260,2005,2025-02-11,2.0,0.1,75.13,135.23
505505,10856,2026,2024-04-13,1.0,0.0,74.85,74.85
505506,10671,2024,2024-08-28,3.0,0.0,135.89,407.67
505507,10045,2022,2024-09-22,1.0,0.1,48.42,43.58
505508,10955,2023,2024-02-03,2.0,0.15,61.98,105.37
505509,10813,2027,2024-02-05,2.0,0.0,58.32,116.64
505510,10763,2024,2024-09-06,1.0,0.1,135.89,122.3
505511,10331,2029,2024-02-20,1.0,0.1,107.84,97.06
505512,10165,2006,2024-10-07,2.0,0.15,145.53,247.4
505513,10193,2027,2024-06-01,1.0,0.1,58.32,52.49
505514,10521,2022,2025-10-21,2.0,0.0,48.42,96.84
505515,10401,2027,2025-07-05,1.0,0.05,58.32,55.4
505516,10374,2006,2025-12-02,1.0,0.0,145.53,145.53
505517,10065,2021,2025-06-21,1.0,0.15,144.34,122.69
505518,10387,2008,2024-08-18,2.0,0.1,131.55,236.79
505519,10495,2013,2025-10-27,1.0,0.0,111.92,111.92
505520,10794,2018,2024-10-15,3.0,0.0,132.04,396.12
505521,10693,2023,2025-01-30,1.0,0.0,61.98,61.98
505522,10415,2004,2025-03-29,1.0,0.05,83.99,79.79
505523,10794,2017,2025-09-12,1.0,0.15,68.24,58.0
505524,10791,2029,2024-02-03,1.0,0.0,107.84,107.84
505525,10030,2005,2024-12-29,1.0,0.0,75.13,75.13
505526,10266,2003,2024-04-21,2.0,0.0,102.51,205.02
505527,10328,2004,2024-05-01,2.0,0.0,83.99,167.98
505528,10492,2023,2024-01-17,1.0,0.0,61.98,61.98
505529,10217,2005,2025-06-07,1.0,0.0,75.13,75.13
505530,10320,2014,2025-12-16,1.0,0.05,65.22,61.96
505531,10918,2015,2025-12-15,1.0,0.0,27.47,27.47
505532,10399,2020,2024-04-08,1.0,0.0,145.5,145.5
505533,10891,2017,2024-04-26,1.0,0.05,68.24,64.83
505534,10105,2006,2025-04-16,2.0,0.0,145.53,291.06
505535,10696,2027,2025-03-15,1.0,0.0,58.32,58.32
505536,10330,2010,2024-10-08,3.0,0.0,91.83,275.49
505537,10660,2022,2024-12-15,2.0,0.05,48.42,92.0
505538,10617,2023,2024-08-20,1.0,0.0,61.98,61.98
505539,10047,2016,2024-04-21,1.0,0.1,76.81,69.13
505540,10599,2017,2024-12-18,1.0,0.0,68.24,68.24
505541,10821,2014,2024-01-13,1.0,0.05,65.22,61.96
505542,10949,2020,2025-05-03,1.0,0.0,145.5,145.5
505543,10641,2012,2025-06-17,2.0,0.0,93.71,187.42
505544,10770,2009,2025-10-01,2.0,0.1,33.82,60.88
505545,10314,2015,2024-10-12,2.0,0.15,27.47,46.7
505546,10147,2012,2025-09-25,3.0,0.1,93.71,253.02
505547,10958,2014,2025-09-28,1.0,0.1,65.22,58.7
505548,10462,2026,2025-06-29,3.0,0.0,74.85,224.55
505549,10584,2022,2025-01-27,3.0,0.0,48.42,145.26
505550,10486,2018,2024-06-19,1.0,0.05,132.04,125.44
505551,10652,2020,2024-03-18,1.0,0.0,145.5,145.5
505552,10410,2006,2024-10-24,1.0,0.0,145.53,145.53
505553,10027,2004,2024-11-26,1.0,0.0,83.99,83.99
505554,10029,2026,2024-03-04,2.0,0.15,74.85,127.24
505555,10271,2023,2024-09-27,3.0,0.05,61.98,176.64
505556,10686,2012,2024-08-04,2.0,0.0,93.71,187.42
505557,10501,2013,2024-07-09,1.0,0.15,111.92,95.13
505558,10253,2019,2024-03-16,3.0,0.05,47.93,136.6
505559,10385,2022,2025-11-17,1.0,0.0,48.42,48.42
505560,10060,2013,2025-05-25,1.0,0.0,111.92,111.92
505561,10107,2012,2025-08-02,1.0,0.1,93.71,84.34
505562,10220,2020,2024-04-03,2.0,0.15,145.5,247.35
505563,10441,2003,2024-02-23,1.0,0.15,102.51,87.13
505564,10771,2028,2025-05-11,2.0,0.0,86.01,172.02
505565,10883,2003,2024-04-04,1.0,0.0,102.51,102.51
505566,10658,2014,2025-09-17,1.0,0.1,65.22,58.7
505567,10564,2018,2024-08-17,1.0,0.1,132.04,118.84
505568,10572,2027,2024-09-07,1.0,0.05,58.32,55.4
505569,10546,2019,2025-01-26,1.0,0.15,47.93,40.74
505570,10096,2029,2025-12-22,2.0,0.0,107.84,215.68
505571,10989,2028,2024-07-01,1.0,0.0,86.01,86.01
505572,10089,2030,2024-09-24,1.0,0.05,51.91,49.31
505573,10828,2010,2024-10-08,2.0,0.15,91.83,156.11
505574,10922,2017,2025-10-29,1.0,0.0,68.24,68.24
505575,10231,2015,2024-03-24,1.0,0.0,27.47,27.47
505576,10968,2019,2024-07-05,1.0,0.1,47.93,43.14
505577,10275,2009,2025-10-13,1.0,0.1,33.82,30.44
505578,10246,2004,2025-07-21,1.0,0.15,83.99,71.39
505579,10111,2015,2025-06-15,2.0,0.0,27.47,54.94
505580,10234,2019,2024-12-14,1.0,0.0,47.93,47.93
505581,10278,2016,2025-02-27,1.0,0.0,76.81,76.81
505582,10477,2008,2025-03-30,1.0,0.15,131.55,111.82
505583,10417,2017,2024-09-24,1.0,0.0,68.24,68.24
505584,10678,2021,2025-05-22,3.0,0.0,144.34,433.02
505585,10128,2001,2024-05-22,3.0,0.1,50.2,135.54
505586,10237,2007,2024-11-12,1.0,0.0,92.1,92.1
505587,10803,2021,2025-11-07,2.0,0.0,144.34,288.68
505588,10619,2018,2024-08-20,3.0,0.0,132.04,396.12
505589,10128,2012,2024-10-24,3.0,0.15,93.71,238.96
505590,10707,2016,2025-07-26,1.0,0.0,76.81,76.81
505591,10851,2030,2024-01-23,2.0,0.0,51.91,103.82
505592,10394,2001,2025-01-19,2.0,0.1,50.2,90.36
505593,10475,2027,2024-05-06,1.0,0.15,58.32,49.57
505594,10655,2015,2024-04-13,1.0,0.05,27.47,26.1
505595,10395,2007,2024-04-20,2.0,0.15,92.1,156.57
505596,10111,2028,2025-07-24,1.0,0.1,86.01,77.41
505597,10090,2017,2025-04-17,1.0,0.1,68.24,61.42
505598,10763,2003,2024-03-06,2.0,0.1,102.51,184.52
505599,10280,2011,2025-04-17,2.0,0.0,132.17,264.34
505600,10333,2006,2025-07-24,3.0,0.1,145.53,392.93
505601,10224,2006,2025-11-01,1.0,0.05,145.53,138.25
505602,10101,2015,2024-03-17,1.0,0.0,27.47,27.47
505603,10132,2007,2024-01-20,2.0,0.0,92.1,184.2
505604,10013,2011,2025-01-19,1.0,0.15,132.17,112.34
505605,10457,2030,2024-07-09,3.0,0.15,51.91,132.37
505606,10441,2027,2024-12-26,2.0,0.1,58.32,104.98
505607,10098,2017,2025-03-28,2.0,0.0,68.24,136.48
505608,10120,2023,2024-03-20,1.0,0.1,61.98,55.78
505609,10293,2018,2025-08-19,2.0,0.0,132.04,264.08
505610,10816,2022,2024-06-21,3.0,0.0,48.42,145.26
505611,10711,2029,2024-07-31,1.0,0.1,107.84,97.06
505612,10001,2024,2025-03-21,2.0,0.1,135.89,244.6
505613,10572,2029,2024-05-29,3.0,0.05,107.84,307.34
505614,10250,2021,2024-01-11,1.0,0.05,144.34,137.12
505615,10652,2026,2025-06-26,2.0,0.05,74.85,142.21
505616,10149,2019,2024-02-25,1.0,0.0,47.93,47.93
505617,10395,2027,2025-10-01,3.0,0.0,58.32,174.96
505618,10044,2008,2024-06-29,3.0,0.0,131.55,394.65
505619,10883,2024,2025-01-16,1.0,0.0,135.89,135.89
505620,10698,2020,2025-02-26,2.0,0.1,145.5,261.9
505621,10620,2008,2025-03-27,3.0,0.1,131.55,355.19
505622,10044,2021,2024-04-03,3.0,0.1,144.34,389.72
505623,10078,2029,2025-06-04,1.0,0.05,107.84,102.45
505624,10226,2011,2025-02-17,1.0,0.1,132.17,118.95
505625,10162,2021,2025-01-29,2.0,0.05,144.34,274.25
505626,10793,2003,2024-11-27,2.0,0.0,102.51,205.02
505627,10253,2023,2025-12-09,1.0,0.0,61.98,61.98
505628,10132,2027,2025-03-09,1.0,0.0,58.32,58.32
505629,10448,2014,2024-06-12,2.0,0.0,65.22,130.44
505630,10884,2027,2024-02-10,2.0,0.05,58.32,110.81
505631,10887,2009,2024-03-26,2.0,0.15,33.82,57.49
505632,10474,2025,2025-08-13,1.0,0.15,145.48,123.66
505633,10656,2001,2025-12-26,2.0,0.0,50.2,100.4
505634,10778,2001,2024-04-01,3.0,0.15,50.2,128.01
505635,10109,2026,2025-04-29,2.0,0.0,74.85,149.7
505636,10706,2028,2025-01-20,2.0,0.0,86.01,172.02
505637,10035,2012,2024-07-12,1.0,0.0,93.71,93.71
505638,10467,2011,2024-09-10,1.0,0.0,132.17,132.17
505639,10902,2021,2025-10-17,3.0,0.1,144.34,389.72
505640,10275,2001,2024-09-01,2.0,0.0,50.2,100.4
505641,10187,2020,2025-12-25,2.0,0.15,145.5,247.35
505642,10949,2012,2025-12-08,2.0,0.05,93.71,178.05
505643,10243,2017,2024-09-27,1.0,0.0,68.24,68.24
505644,10264,2015,2024-01-20,1.0,0.15,27.47,23.35
505645,10974,2002,2024-02-10,1.0,0.05,16.22,15.41
505646,10522,2018,2025-09-02,1.0,0.05,132.04,125.44
505647,10963,2016,2025-05-31,2.0,0.0,76.81,153.62
505648,10678,2004,2024-02-03,2.0,0.1,83.99,151.18
505649,10541,2008,2025-11-08,1.0,0.1,131.55,118.4
505650,10783,2002,2025-03-26,3.0,0.0,16.22,48.66
505651,10087,2014,2025-06-23,2.0,0.15,65.22,110.87
505652,10535,2025,2025-11-16,2.0,0.1,145.48,261.86
505653,10210,2015,2025-09-17,2.0,0.0,27.47,54.94
505654,10046,2028,2025-08-30,3.0,0.15,86.01,219.33
505655,10467,2009,2024-11-15,2.0,0.05,33.82,64.26
505656,10540,2002,2025-10-08,1.0,0.0,16.22,16.22
505657,10026,2017,2024-05-04,3.0,0.0,68.24,204.72
505658,10266,2026,2025-01-07,3.0,0.1,74.85,202.1
505659,10175,2010,2024-12-17,1.0,0.0,91.83,91.83
505660,10516,2009,2024-11-19,2.0,0.0,33.82,67.64
505661,10311,2002,2025-05-03,3.0,0.0,16.22,48.66
505662,10322,2024,2025-03-27,1.0,0.0,135.89,135.89
505663,10579,2030,2024-12-19,1.0,0.0,51.91,51.91
505664,10135,2019,2024-04-26,2.0,0.0,47.93,95.86
505665,10055,2017,2024-01-14,3.0,0.05,68.24,194.48
505666,10976,2011,2024-11-16,1.0,0.0,132.17,132.17
505667,10543,2017,2024-06-14,1.0,0.0,68.24,68.24
505668,10586,2010,2025-12-21,1.0,0.15,91.83,78.06
505669,10531,2018,2024-03-26,1.0,0.1,132.04,118.84
505670,10156,2023,2024-09-05,1.0,0.0,61.98,61.98
505671,10849,2028,2025-03-08,2.0,0.05,86.01,163.42
505672,10668,2006,2025-07-22,2.0,0.05,145.53,276.51
505673,10147,2016,2025-11-15,1.0,0.05,76.81,72.97
505674,10485,2028,2025-10-15,2.0,0.1,86.01,154.82
505675,10599,2027,2025-10-06,2.0,0.0,58.32,116.64
505676,10020,2018,2025-04-24,3.0,0.0,132.04,396.12
505677,10269,2020,2025-12-14,1.0,0.0,145.5,145.5
505678,10333,2018,2025-01-03,1.0,0.0,132.04,132.04
505679,10555,2001,2024-12-23,1.0,0.15,50.2,42.67
505680,10907,2028,2025-02-12,2.0,0.0,86.01,172.02
505681,10944,2003,2024-12-11,1.0,0.1,102.51,92.26
505682,10911,2015,2024-06-28,1.0,0.0,27.47,27.47
505683,10401,2020,2025-03-01,2.0,0.0,145.5,291.0
505684,10950,2010,2025-06-25,1.0,0.0,91.83,91.83
505685,10306,2021,2025-03-19,1.0,0.1,144.34,129.91
505686,10028,2005,2024-11-02,2.0,0.1,75.13,135.23
505687,10467,2015,2025-01-02,2.0,0.15,27.47,46.7
505688,10260,2023,2024-02-06,1.0,0.0,61.98,61.98
505689,10534,2014,2025-04-08,1.0,0.15,65.22,55.44
505690,10982,2015,2025-09-13,2.0,0.05,27.47,52.19
505691,10887,2010,2024-05-26,3.0,0.05,91.83,261.72
505692,10101,2024,2024-05-26,3.0,0.05,135.89,387.29
505693,10551,2009,2025-01-15,1.0,0.0,33.82,33.82
505694,10802,2012,2024-06-17,1.0,0.1,93.71,84.34
505695,10353,2007,2024-10-02,2.0,0.1,92.1,165.78
505696,10300,2005,2024-03-28,1.0,0.0,75.13,75.13
505697,10682,2025,2024-06-03,2.0,0.05,145.48,276.41
505698,10296,2024,2025-05-12,1.0,0.0,135.89,135.89
505699,10353,2010,2024-11-11,3.0,0.0,91.83,275.49
505700,10908,2025,2025-09-02,3.0,0.1,145.48,392.8
505701,10130,2026,2025-12-24,1.0,0.0,74.85,74.85
505702,10156,2008,2025-07-14,1.0,0.05,131.55,124.97
505703,10074,2022,2024-10-01,2.0,0.0,48.42,96.84
505704,10342,2020,2025-12-07,2.0,0.05,145.5,276.45
505705,10465,2025,2024-09-19,1.0,0.05,145.48,138.21
505706,10090,2016,2025-05-02,2.0,0.0,76.81,153.62
505707,10579,2012,2025-03-30,1.0,0.0,93.71,93.71
505708,10455,2009,2025-03-19,3.0,0.15,33.82,86.24
505709,10748,2010,2024-09-19,1.0,0.0,91.83,91.83
505710,10712,2016,2025-06-27,3.0,0.0,76.81,230.43
505711,10980,2010,2024-04-15,3.0,0.1,91.83,247.94
505712,10332,2009,2024-12-16,1.0,0.0,33.82,33.82
505713,10739,2030,2025-03-14,2.0,0.1,51.91,93.44
505714,10977,2026,2024-06-18,1.0,0.15,74.85,63.62
505715,10348,2003,2024-12-09,1.0,0.0,102.51,102.51
505716,10233,2027,2024-08-18,2.0,0.0,58.32,116.64
505717,10778,2028,2024-01-24,1.0,0.15,86.01,73.11
505718,10598,2019,2025-11-07,1.0,0.05,47.93,45.53
505719,10102,2011,2024-10-08,2.0,0.05,132.17,251.12
505720,10953,2006,2025-06-03,1.0,0.1,145.53,130.98
505721,10481,2006,2025-12-23,1.0,0.15,145.53,123.7
505722,10214,2015,2024-09-10,2.0,0.1,27.47,49.45
505723,10108,2029,2025-02-08,1.0,0.0,107.84,107.84
505724,10165,2015,2024-05-13,1.0,0.05,27.47,26.1
505725,10973,2013,2024-10-01,3.0,0.1,111.92,302.18
505726,10603,2022,2025-09-10,3.0,0.0,48.42,145.26
505727,10704,2005,2024-08-20,1.0,0.1,75.13,67.62
505728,10335,2014,2025-06-29,2.0,0.1,65.22,117.4
505729,10086,2021,2024-03-20,1.0,0.0,144.34,144.34
505730,10734,2002,2024-02-05,1.0,0.0,16.22,16.22
505731,10875,2030,2025-05-10,2.0,0.0,51.91,103.82
505732,10424,2023,2024-04-20,1.0,0.0,61.98,61.98
505733,10613,2012,2024-11-17,1.0,0.0,93.71,93.71
505734,10738,2020,2025-07-29,1.0,0.0,145.5,145.5
505735,10364,2014,2024-11-24,1.0,0.0,65.22,65.22
505736,10060,2019,2025-11-21,1.0,0.0,47.93,47.93
505737,10482,2024,2025-01-19,3.0,0.05,135.89,387.29
505738,10250,2020,2024-12-30,1.0,0.0,145.5,145.5
505739,10560,2015,2024-08-20,3.0,0.05,27.47,78.29
505740,10117,2027,2025-09-08,2.0,0.1,58.32,104.98
505741,10739,2020,2025-02-18,2.0,0.1,145.5,261.9
505742,10874,2024,2024-10-21,1.0,0.05,135.89,129.1
505743,10915,2017,2025-07-01,2.0,0.1,68.24,122.83
505744,10968,2025,2025-12-07,3.0,0.05,145.48,414.62
505745,10999,2014,2024-06-23,1.0,0.0,65.22,65.22
505746,10545,2023,2025-01-27,1.0,0.0,61.98,61.98
505747,10044,2028,2024-04-12,3.0,0.0,86.01,258.03
505748,10509,2018,2024-10-20,3.0,0.0,132.04,396.12
505749,10988,2027,2024-03-26,1.0,0.0,58.32,58.32
505750,10165,2028,2024-07-20,2.0,0.0,86.01,172.02
505751,10368,2022,2025-11-16,3.0,0.1,48.42,130.73
505752,10857,2024,2025-06-25,1.0,0.15,135.89,115.51
505753,10292,2027,2024-10-24,1.0,0.15,58.32,49.57
505754,10849,2005,2024-02-26,2.0,0.05,75.13,142.75
505755,10856,2022,2025-04-17,2.0,0.0,48.42,96.84
505756,10917,2012,2024-01-17,2.0,0.15,93.71,159.31
505757,10898,2010,2025-10-14,1.0,0.1,91.83,82.65
505758,10799,2008,2024-03-07,2.0,0.0,131.55,263.1
505759,10876,2029,2025-10-21,2.0,0.0,107.84,215.68
505760,10737,2006,2025-11-01,1.0,0.05,145.53,138.25
505761,10286,2028,2025-04-17,1.0,0.1,86.01,77.41
505762,10204,2025,2025-08-04,1.0,0.0,145.48,145.48
505763,10684,2015,2024-01-24,1.0,0.0,27.47,27.47
505764,10524,2012,2025-12-03,1.0,0.0,93.71,93.71
505765,10819,2025,2025-05-01,1.0,0.15,145.48,123.66
505766,10121,2025,2025-02-19,3.0,0.0,145.48,436.44
505767,10945,2006,2025-10-19,3.0,0.0,145.53,436.59
505768,10756,2012,2024-11-01,1.0,0.1,93.71,84.34
505769,10664,2015,2024-06-26,1.0,0.0,27.47,27.47
505770,10664,2012,2024-07-14,1.0,0.15,93.71,79.65
505771,10188,2009,2024-01-14,3.0,0.0,33.82,101.46
505772,10907,2019,2024-06-15,1.0,0.0,47.93,47.93
505773,10013,2021,2024-05-30,2.0,0.0,144.34,288.68
505774,10603,2002,2024-12-07,1.0,0.15,16.22,13.79
505775,10200,2028,2025-07-11,2.0,0.05,86.01,163.42
505776,10586,2013,2024-06-23,2.0,0.15,111.92,190.26
505777,10768,2013,2024-06-16,1.0,0.05,111.92,106.32
505778,10456,2008,2025-12-10,2.0,0.15,131.55,223.64
505779,10448,2027,2025-12-19,3.0,0.15,58.32,148.72
505780,10788,2013,2025-08-17,3.0,0.0,111.92,335.76
505781,10840,2004,2025-08-03,1.0,0.05,83.99,79.79
505782,10841,2006,2024-04-07,1.0,0.15,145.53,123.7
505783,10071,2006,2025-11-10,2.0,0.0,145.53,291.06
505784,10590,2021,2025-02-08,3.0,0.0,144.34,433.02
505785,10796,2012,2024-03-18,2.0,0.0,93.71,187.42
505786,10130,2012,2024-08-25,2.0,0.0,93.71,187.42
505787,10889,2017,2025-12-09,1.0,0.15,68.24,58.0
505788,10043,2027,2024-10-18,3.0,0.1,58.32,157.46
505789,10520,2007,2024-05-16,1.0,0.1,92.1,82.89
505790,10013,2026,2025-01-02,3.0,0.0,74.85,224.55
505791,10725,2015,2025-07-02,2.0,0.0,27.47,54.94
505792,10623,2024,2024-09-05,3.0,0.0,135.89,407.67
505793,10988,2017,2024-08-02,2.0,0.0,68.24,136.48
505794,10803,2010,2024-03-11,3.0,0.15,91.83,234.17
505795,10535,2023,2024-11-25,2.0,0.0,61.98,123.96
505796,10302,2020,2024-01-17,1.0,0.0,145.5,145.5
505797,10766,2006,2025-05-02,2.0,0.0,145.53,291.06
505798,10527,2009,2024-06-23,3.0,0.05,33.82,96.39
505799,10642,2015,2025-11-30,1.0,0.0,27.47,27.47
505800,10573,2016,2024-10-01,1.0,0.1,76.81,69.13
505801,10115,2021,2025-06-08,2.0,0.0,144.34,288.68
505802,10460,2008,2024-08-07,1.0,0.15,131.55,111.82
505803,10832,2016,2025-05-28,1.0,0.05,76.81,72.97
505804,10505,2005,2025-02-03,1.0,0.1,75.13,67.62
505805,10308,2018,2024-04-21,3.0,0.0,132.04,396.12
505806,10932,2020,2025-04-09,3.0,0.1,145.5,392.85
505807,10963,2014,2025-10-03,2.0,0.05,65.22,123.92
505808,10325,2002,2024-04-03,1.0,0.0,16.22,16.22
505809,10579,2023,2025-03-27,1.0,0.0,61.98,61.98
505810,10761,2023,2025-01-31,2.0,0.1,61.98,111.56
505811,10175,2030,2025-07-05,1.0,0.15,51.91,44.12
505812,10851,2003,2025-04-24,3.0,0.15,102.51,261.4
505813,10514,2014,2024-11-12,2.0,0.1,65.22,117.4
505814,10172,2029,2025-11-02,1.0,0.05,107.84,102.45
505815,10997,2007,2025-11-29,2.0,0.05,92.1,174.99
505816,10960,2015,2024-12-19,2.0,0.15,27.47,46.7
505817,10502,2017,2024-08-27,1.0,0.15,68.24,58.0
505818,10977,2001,2024-04-14,1.0,0.05,50.2,47.69
505819,10334,2009,2024-01-30,1.0,0.0,33.82,33.82
505820,10284,2022,2024-03-30,3.0,0.0,48.42,145.26
505821,10475,2029,2025-01-10,3.0,0.1,107.84,291.17
505822,10054,2014,2025-02-01,2.0,0.0,65.22,130.44
505823,10458,2016,2025-07-17,1.0,0.1,76.81,69.13
505824,10579,2028,2024-12-30,1.0,0.15,86.01,73.11
505825,10420,2021,2024-05-27,2.0,0.0,144.34,288.68
505826,10614,2013,2024-11-10,1.0,0.15,111.92,95.13
505827,10632,2006,2025-07-02,3.0,0.15,145.53,371.1
505828,10703,2022,2025-03-28,1.0,0.15,48.42,41.16
505829,10409,2001,2025-05-21,1.0,0.0,50.2,50.2
505830,10982,2021,2025-05-01,1.0,0.0,144.34,144.34
505831,10304,2025,2024-04-11,2.0,0.15,145.48,247.32
505832,10935,2004,2024-04-17,3.0,0.1,83.99,226.77
505833,10559,2003,2024-10-18,3.0,0.05,102.51,292.15
505834,10222,2017,2024-12-15,3.0,0.0,68.24,204.72
505835,10533,2030,2025-09-09,2.0,0.1,51.91,93.44
505836,10158,2002,2025-08-11,1.0,0.0,16.22,16.22
505837,10348,2019,2024-08-15,1.0,0.15,47.93,40.74
505838,10159,2020,2025-08-19,1.0,0.1,145.5,130.95
505839,10889,2023,2025-08-11,1.0,0.1,61.98,55.78
505840,10884,2022,2024-02-20,2.0,0.1,48.42,87.16
505841,10922,2027,2025-12-23,1.0,0.0,58.32,58.32
505842,10235,2008,2024-06-07,1.0,0.15,131.55,111.82
505843,10662,2030,2024-11-24,3.0,0.1,51.91,140.16
505844,10405,2025,2024-03-18,2.0,0.05,145.48,276.41
505845,10257,2015,2025-09-25,1.0,0.15,27.47,23.35
505846,10677,2006,2025-03-30,2.0,0.0,145.53,291.06
505847,10589,2023,2024-11-06,2.0,0.05,61.98,117.76
505848,10597,2020,2024-11-23,2.0,0.0,145.5,291.0
505849,10558,2002,2025-05-23,2.0,0.0,16.22,32.44
505850,10905,2025,2024-04-17,1.0,0.0,145.48,145.48
505851,10913,2025,2024-08-29,1.0,0.0,145.48,145.48
505852,10047,2015,2025-03-11,1.0,0.0,27.47,27.47
505853,10213,2020,2024-01-29,2.0,0.1,145.5,261.9
505854,10479,2012,2025-12-05,3.0,0.05,93.71,267.07
505855,10487,2003,2024-09-06,1.0,0.0,102.51,102.51
505856,10571,2010,2024-12-30,1.0,0.1,91.83,82.65
505857,10566,2014,2025-12-26,2.0,0.0,65.22,130.44
505858,10342,2027,2025-06-17,3.0,0.15,58.32,148.72
505859,10524,2022,2025-04-17,2.0,0.15,48.42,82.31
505860,10704,2030,2025-10-29,1.0,0.05,51.91,49.31
505861,10503,2014,2025-06-23,1.0,0.1,65.22,58.7
505862,10006,2003,2025-08-12,2.0,0.0,102.51,205.02
505863,10821,2001,2025-02-17,2.0,0.15,50.2,85.34
505864,10144,2020,2025-07-23,1.0,0.1,145.5,130.95
505865,10858,2001,2025-09-23,2.0,0.0,50.2,100.4
505866,10261,2002,2024-06-14,2.0,0.15,16.22,27.57
505867,10585,2019,2025-07-30,1.0,0.0,47.93,47.93
505868,10686,2024,2024-02-18,1.0,0.0,135.89,135.89
505869,10232,2010,2025-10-24,2.0,0.15,91.83,156.11
505870,10270,2004,2025-04-29,3.0,0.05,83.99,239.37
505871,10940,2004,2024-06-07,2.0,0.0,83.99,167.98
505872,10447,2013,2025-10-30,1.0,0.0,111.92,111.92
505873,10874,2026,2024-05-31,3.0,0.0,74.85,224.55
505874,10222,2009,2024-08-13,1.0,0.0,33.82,33.82
505875,10052,2007,2024-09-17,1.0,0.15,92.1,78.28
505876,10116,2016,2025-01-22,2.0,0.0,76.81,153.62
505877,10538,2018,2024-09-13,1.0,0.05,132.04,125.44
505878,10565,2003,2024-03-02,2.0,0.0,102.51,205.02
505879,10877,2020,2025-01-31,3.0,0.15,145.5,371.02
505880,10541,2020,2025-02-01,1.0,0.0,145.5,145.5
505881,10019,2010,2024-06-11,1.0,0.05,91.83,87.24
505882,10815,2024,2025-01-15,1.0,0.0,135.89,135.89
505883,10392,2026,2025-03-19,1.0,0.0,74.85,74.85
505884,10791,2030,2024-12-15,1.0,0.15,51.91,44.12
505885,10629,2026,2024-02-01,1.0,0.0,74.85,74.85
505886,10618,2022,2024-03-12,2.0,0.0,48.42,96.84
505887,10419,2016,2025-02-01,1.0,0.0,76.81,76.81
505888,10991,2003,2025-03-14,2.0,0.0,102.51,205.02
505889,10309,2011,2024-01-03,1.0,0.0,132.17,132.17
505890,10739,2025,2025-07-16,1.0,0.1,145.48,130.93
505891,10864,2010,2024-05-15,1.0,0.0,91.83,91.83
505892,10186,2016,2024-05-26,2.0,0.0,76.81,153.62
505893,10261,2008,2024-06-28,1.0,0.0,131.55,131.55
505894,10528,2009,2024-09-21,2.0,0.0,33.82,67.64
505895,10273,2015,2024-11-07,1.0,0.0,27.47,27.47
505896,10160,2021,2024-07-23,1.0,0.0,144.34,144.34
505897,10870,2003,2025-11-30,2.0,0.1,102.51,184.52
505898,10762,2004,2024-01-31,3.0,0.1,83.99,226.77
505899,10224,2030,2024-02-29,2.0,0.05,51.91,98.63
505900,10256,2013,2024-01-10,1.0,0.0,111.92,111.92
505901,10180,2012,2024-11-20,2.0,0.05,93.71,178.05
505902,10020,2021,2024-06-16,3.0,0.0,144.34,433.02
505903,10624,2009,2024-12-03,1.0,0.0,33.82,33.82
505904,10632,2025,2025-01-14,1.0,0.05,145.48,138.21
505905,10706,2014,2025-12-04,1.0,0.15,65.22,55.44
505906,10468,2019,2024-08-30,2.0,0.05,47.93,91.07
505907,10623,2007,2025-10-28,1.0,0.0,92.1,92.1
505908,10210,2016,2024-06-09,1.0,0.0,76.81,76.81
505909,10513,2022,2024-08-23,1.0,0.0,48.42,48.42
505910,10058,2020,2025-03-29,1.0,0.1,145.5,130.95
505911,10093,2005,2024-07-18,1.0,0.05,75.13,71.37
505912,10221,2030,2025-04-22,2.0,0.1,51.91,93.44
505913,10723,2010,2024-02-03,2.0,0.05,91.83,174.48
505914,10940,2018,2025-02-12,2.0,0.0,132.04,264.08
505915,10232,2011,2024-03-30,3.0,0.0,132.17,396.51
505916,10774,2007,2025-08-30,2.0,0.0,92.1,184.2
505917,10364,2014,2024-08-09,2.0,0.05,65.22,123.92
505918,10615,2020,2024-03-10,3.0,0.05,145.5,414.67
505919,10562,2018,2024-10-21,2.0,0.0,132.04,264.08
505920,10374,2011,2024-08-25,2.0,0.0,132.17,264.34
505921,10622,2022,2024-06-09,3.0,0.1,48.42,130.73
505922,10456,2027,2024-10-17,2.0,0.0,58.32,116.64
505923,10088,2012,2025-07-08,1.0,0.0,93.71,93.71
505924,10020,2018,2025-08-01,2.0,0.05,132.04,250.88
505925,10014,2026,2025-06-17,2.0,0.1,74.85,134.73
505926,10133,2002,2024-12-01,2.0,0.0,16.22,32.44
505927,10937,2023,2025-08-05,2.0,0.0,61.98,123.96
505928,10808,2001,2025-05-17,1.0,0.0,50.2,50.2
505929,10034,2023,2024-09-03,2.0,0.1,61.98,111.56
505930,10892,2010,2024-11-19,1.0,0.0,91.83,91.83
505931,10208,2021,2025-09-03,2.0,0.0,144.34,288.68
505932,10813,2001,2024-11-25,1.0,0.15,50.2,42.67
505933,10199,2006,2025-07-01,1.0,0.0,145.53,145.53
505934,10592,2007,2024-12-05,2.0,0.0,92.1,184.2
505935,10583,2017,2024-06-20,2.0,0.0,68.24,136.48
505936,10155,2009,2024-04-20,2.0,0.1,33.82,60.88
505937,10590,2007,2024-01-11,1.0,0.0,92.1,92.1
505938,10078,2017,2024-07-21,1.0,0.05,68.24,64.83
505939,10172,2003,2024-09-14,2.0,0.0,102.51,205.02
505940,10289,2016,2024-09-19,2.0,0.1,76.81,138.26
505941,10545,2005,2025-11-24,2.0,0.0,75.13,150.26
505942,10812,2020,2025-03-06,2.0,0.1,145.5,261.9
505943,10788,2018,2025-05-22,2.0,0.05,132.04,250.88
505944,10879,2001,2024-03-07,2.0,0.0,50.2,100.4
505945,10420,2004,2025-11-04,1.0,0.0,83.99,83.99
505946,10007,2023,2025-08-02,1.0,0.15,61.98,52.68
505947,10160,2011,2025-09-04,1.0,0.1,132.17,118.95
505948,10240,2020,2025-08-12,1.0,0.0,145.5,145.5
505949,10963,2009,2024-02-05,1.0,0.0,33.82,33.82
505950,10423,2030,2025-07-11,3.0,0.05,51.91,147.94
505951,10989,2008,2025-10-24,1.0,0.0,131.55,131.55
505952,10536,2008,2025-05-06,1.0,0.15,131.55,111.82
505953,10726,2005,2025-08-03,1.0,0.15,75.13,63.86
505954,10070,2012,2024-09-11,3.0,0.15,93.71,238.96
505955,10880,2001,2024-01-18,1.0,0.0,50.2,50.2
505956,10216,2015,2024-09-18,2.0,0.1,27.47,49.45
505957,10104,2025,2025-12-26,1.0,0.0,145.48,145.48
505958,10727,2018,2024-09-13,1.0,0.0,132.04,132.04
505959,10054,2006,2025-12-29,2.0,0.0,145.53,291.06
505960,10806,2010,2025-02-28,3.0,0.1,91.83,247.94
505961,10330,2014,2025-05-16,3.0,0.15,65.22,166.31
505962,10848,2021,2024-10-13,2.0,0.05,144.34,274.25
505963,10203,2026,2024-01-08,1.0,0.05,74.85,71.11
505964,10288,2029,2025-05-12,2.0,0.05,107.84,204.9
505965,10045,2008,2024-07-18,1.0,0.0,131.55,131.55
505966,10829,2027,2025-08-26,2.0,0.1,58.32,104.98
505967,10198,2003,2025-10-21,1.0,0.0,102.51,102.51
505968,10216,2022,2025-02-22,1.0,0.0,48.42,48.42
505969,10481,2022,2025-10-24,1.0,0.05,48.42,46.0
505970,10309,2026,2024-02-22,2.0,0.0,74.85,149.7
505971,10896,2019,2024-08-31,1.0,0.0,47.93,47.93
505972,10435,2012,2024-08-07,2.0,0.0,93.71,187.42
505973,10332,2012,2025-06-02,1.0,0.1,93.71,84.34
505974,10696,2015,2024-04-19,2.0,0.05,27.47,52.19
505975,10027,2028,2024-12-17,3.0,0.0,86.01,258.03
505976,10166,2007,2024-03-07,3.0,0.05,92.1,262.48
505977,10318,2027,2024-01-11,1.0,0.0,58.32,58.32
505978,10274,2004,2024-07-21,2.0,0.0,83.99,167.98
505979,10383,2021,2024-08-02,3.0,0.15,144.34,368.07
505980,10365,2009,2024-03-09,1.0,0.0,33.82,33.82
505981,10103,2022,2024-11-23,2.0,0.15,48.42,82.31
505982,10960,2016,2024-02-20,1.0,0.0,76.81,76.81
505983,10503,2026,2024-01-18,1.0,0.15,74.85,63.62
505984,10845,2013,2025-06-07,3.0,0.0,111.92,335.76
505985,10373,2004,2024-11-02,3.0,0.0,83.99,251.97
505986,10616,2024,2025-01-27,2.0,0.0,135.89,271.78
505987,10926,2009,2024-05-04,2.0,0.05,33.82,64.26
505988,10245,2026,2025-05-19,3.0,0.0,74.85,224.55
505989,10817,2021,2024-08-13,2.0,0.0,144.34,288.68
505990,10169,2018,2024-11-14,2.0,0.0,132.04,264.08
505991,10628,2015,2025-04-18,1.0,0.1,27.47,24.72
505992,10653,2015,2025-06-25,1.0,0.0,27.47,27.47
505993,10418,2006,2024-12-24,2.0,0.15,145.53,247.4
505994,10356,2011,2025-04-28,1.0,0.0,132.17,132.17
505995,10478,2028,2025-03-05,2.0,0.05,86.01,163.42
505996,10125,2008,2025-05-12,1.0,0.1,131.55,118.4
505997,10537,2029,2025-04-17,2.0,0.05,107.84,204.9
505998,10706,2021,2025-07-25,2.0,0.0,144.34,288.68
505999,10896,2017,2025-10-17,2.0,0.05,68.24,129.66
506000,10612,2024,2024-10-27,1.0,0.0,135.89,135.89
506001,10402,2025,2025-11-07,2.0,0.1,145.48,261.86
506002,10517,2017,2024-03-25,2.0,0.05,68.24,129.66
506003,10531,2024,2025-01-12,1.0,0.05,135.89,129.1
506004,10682,2026,2024-11-09,2.0,0.15,74.85,127.24
506005,10786,2028,2025-09-21,2.0,0.15,86.01,146.22
506006,10254,2018,2024-11-16,3.0,0.0,132.04,396.12
506007,10121,2004,2024-07-23,3.0,0.0,83.99,251.97
506008,10032,2029,2024-12-21,1.0,0.05,107.84,102.45
506009,10661,2015,2024-10-21,1.0,0.0,27.47,27.47
506010,10778,2002,2025-05-19,1.0,0.0,16.22,16.22
506011,10037,2002,2024-05-25,2.0,0.0,16.22,32.44
506012,10689,2010,2025-06-23,1.0,0.15,91.83,78.06
506013,10342,2003,2024-01-18,2.0,0.0,102.51,205.02
506014,10013,2030,2025-07-29,2.0,0.0,51.91,103.82
506015,10183,2008,2025-07-30,2.0,0.0,131.55,263.1
506016,10657,2020,2024-02-09,1.0,0.15,145.5,123.68
506017,10265,2007,2024-05-10,1.0,0.15,92.1,78.28
506018,10088,2012,2024-04-25,3.0,0.05,93.71,267.07
506019,10940,2026,2025-03-26,1.0,0.05,74.85,71.11
506020,10462,2019,2024-02-15,1.0,0.0,47.93,47.93
506021,10046,2026,2024-08-04,2.0,0.0,74.85,149.7
506022,10392,2028,2025-08-23,1.0,0.0,86.01,86.01
506023,10119,2030,2025-02-19,3.0,0.1,51.91,140.16
506024,10933,2015,2025-11-20,1.0,0.1,27.47,24.72
506025,10531,2014,2024-09-22,2.0,0.0,65.22,130.44
506026,10447,2016,2025-03-16,2.0,0.05,76.81,145.94
506027,10732,2029,2025-09-09,2.0,0.15,107.84,183.33
506028,10942,2027,2025-01-16,2.0,0.0,58.32,116.64
506029,10745,2014,2024-10-28,3.0,0.15,65.22,166.31
506030,10606,2003,2024-06-20,3.0,0.05,102.51,292.15
506031,10967,2018,2025-09-12,1.0,0.05,132.04,125.44
506032,10763,2029,2025-02-10,1.0,0.0,107.84,107.84
506033,10762,2028,2024-12-21,2.0,0.0,86.01,172.02
506034,10794,2022,2024-06-10,1.0,0.0,48.42,48.42
506035,10744,2006,2025-07-06,1.0,0.0,145.53,145.53
506036,10046,2017,2024-01-27,1.0,0.1,68.24,61.42
506037,10886,2023,2024-03-24,2.0,0.0,61.98,123.96
506038,10508,2028,2024-06-22,2.0,0.1,86.01,154.82
506039,10558,2014,2025-11-16,2.0,0.15,65.22,110.87
506040,10971,2014,2024-03-11,3.0,0.0,65.22,195.66
506041,10526,2020,2024-01-07,2.0,0.1,145.5,261.9
506042,10597,2013,2024-07-14,1.0,0.05,111.92,106.32
506043,10831,2027,2025-06-09,1.0,0.0,58.32,58.32
506044,10840,2028,2024-03-04,1.0,0.0,86.01,86.01
506045,10003,2003,2024-01-14,2.0,0.05,102.51,194.77
506046,10028,2013,2024-07-24,1.0,0.15,111.92,95.13
506047,10381,2029,2024-02-10,1.0,0.0,107.84,107.84
506048,10157,2024,2024-06-14,3.0,0.0,135.89,407.67
506049,10855,2002,2024-02-01,2.0,0.05,16.22,30.82
506050,10914,2009,2025-06-13,3.0,0.0,33.82,101.46
506051,10931,2013,2025-10-11,3.0,0.1,111.92,302.18
506052,10511,2008,2025-11-08,1.0,0.15,131.55,111.82
506053,10333,2016,2025-02-02,1.0,0.0,76.81,76.81
506054,10844,2024,2025-04-04,3.0,0.15,135.89,346.52
506055,10687,2029,2024-08-11,1.0,0.15,107.84,91.66
506056,10114,2003,2025-09-26,3.0,0.1,102.51,276.78
506057,10389,2013,2024-03-19,1.0,0.15,111.92,95.13
506058,10487,2004,2025-08-23,3.0,0.1,83.99,226.77
506059,10843,2018,2025-09-17,1.0,0.0,132.04,132.04
506060,10250,2002,2025-09-04,1.0,0.0,16.22,16.22
506061,10571,2020,2025-03-04,1.0,0.15,145.5,123.68
506062,10715,2022,2025-03-01,3.0,0.1,48.42,130.73
506063,10315,2021,2025-01-22,3.0,0.0,144.34,433.02
506064,10239,2015,2024-08-27,2.0,0.15,27.47,46.7
506065,10234,2017,2025-09-15,2.0,0.0,68.24,136.48
506066,10303,2029,2024-03-31,2.0,0.0,107.84,215.68
506067,10607,2010,2025-01-20,3.0,0.0,91.83,275.49
506068,10991,2001,2024-05-19,3.0,0.05,50.2,143.07
506069,10653,2006,2025-10-09,1.0,0.15,145.53,123.7
506070,10334,2003,2025-06-08,2.0,0.0,102.51,205.02
506071,10113,2019,2024-09-01,1.0,0.0,47.93,47.93
506072,10621,2007,2025-05-20,1.0,0.15,92.1,78.28
506073,10362,2013,2025-02-26,2.0,0.0,111.92,223.84
506074,10857,2013,2024-07-01,1.0,0.0,111.92,111.92
506075,10801,2017,2024-07-14,1.0,0.0,68.24,68.24
506076,10097,2001,2025-09-26,1.0,0.1,50.2,45.18
506077,10958,2014,2024-02-23,2.0,0.0,65.22,130.44
506078,10847,2029,2025-11-16,2.0,0.05,107.84,204.9
506079,10016,2026,2024-06-28,1.0,0.0,74.85,74.85
506080,10556,2003,2024-10-20,1.0,0.0,102.51,102.51
506081,10954,2014,2025-01-10,1.0,0.0,65.22,65.22
506082,10376,2024,2024-02-29,1.0,0.0,135.89,135.89
506083,10742,2001,2024-02-24,2.0,0.15,50.2,85.34
506084,10390,2016,2024-09-02,2.0,0.05,76.81,145.94
506085,10620,2010,2024-05-29,1.0,0.0,91.83,91.83
506086,10217,2013,2025-01-03,1.0,0.0,111.92,111.92
506087,10399,2004,2024-01-17,1.0,0.0,83.99,83.99
506088,10260,2009,2024-06-25,1.0,0.05,33.82,32.13
506089,10824,2014,2025-06-24,2.0,0.0,65.22,130.44
506090,10320,2004,2025-02-10,2.0,0.15,83.99,142.78
506091,10196,2010,2025-04-12,3.0,0.0,91.83,275.49
506092,10478,2008,2024-05-09,2.0,0.15,131.55,223.64
506093,10418,2023,2024-08-11,1.0,0.0,61.98,61.98
506094,10475,2003,2024-09-01,2.0,0.05,102.51,194.77
506095,10607,2023,2025-03-02,1.0,0.05,61.98,58.88
506096,10568,2007,2024-12-20,1.0,0.0,92.1,92.1
506097,10544,2010,2024-11-22,1.0,0.0,91.83,91.83
506098,10231,2003,2025-08-27,2.0,0.15,102.51,174.27
506099,10884,2002,2024-01-04,1.0,0.0,16.22,16.22
506100,10521,2015,2025-04-24,2.0,0.0,27.47,54.94
506101,10703,2009,2024-03-22,3.0,0.0,33.82,101.46
506102,10873,2015,2024-02-14,2.0,0.0,27.47,54.94
506103,10200,2017,2024-06-04,2.0,0.05,68.24,129.66
506104,10846,2030,2025-06-20,2.0,0.05,51.91,98.63
506105,10673,2007,2024-04-09,2.0,0.0,92.1,184.2
506106,10599,2020,2025-02-01,1.0,0.0,145.5,145.5
506107,10021,2018,2024-06-20,1.0,0.05,132.04,125.44
506108,10311,2015,2024-05-28,1.0,0.05,27.47,26.1
506109,10588,2018,2024-05-03,1.0,0.0,132.04,132.04
506110,10953,2024,2024-04-22,1.0,0.0,135.89,135.89
506111,10898,2023,2024-05-10,2.0,0.05,61.98,117.76
506112,10653,2012,2024-03-09,2.0,0.0,93.71,187.42
506113,10638,2023,2025-12-30,1.0,0.0,61.98,61.98
506114,10763,2021,2025-08-31,2.0,0.0,144.34,288.68
506115,10900,2030,2025-10-19,3.0,0.0,51.91,155.73
506116,10596,2026,2025-06-29,1.0,0.15,74.85,63.62
506117,10434,2008,2024-10-13,1.0,0.0,131.55,131.55
506118,10371,2030,2024-01-06,1.0,0.0,51.91,51.91
506119,10560,2002,2024-04-28,2.0,0.15,16.22,27.57
506120,10891,2002,2025-10-14,2.0,0.05,16.22,30.82
506121,10078,2005,2024-08-18,1.0,0.15,75.13,63.86
506122,10542,2001,2024-06-09,1.0,0.0,50.2,50.2
506123,10285,2022,2024-10-21,3.0,0.0,48.42,145.26
506124,10648,2004,2024-07-05,3.0,0.05,83.99,239.37
506125,10140,2006,2025-07-06,2.0,0.1,145.53,261.95
506126,10553,2023,2024-08-12,1.0,0.0,61.98,61.98
506127,10998,2013,2024-06-01,3.0,0.0,111.92,335.76
506128,10282,2019,2024-05-20,2.0,0.0,47.93,95.86
506129,10562,2011,2025-01-02,1.0,0.1,132.17,118.95
506130,10258,2013,2024-05-08,1.0,0.1,111.92,100.73
506131,10823,2008,2024-12-17,2.0,0.0,131.55,263.1
506132,10360,2007,2024-05-27,2.0,0.05,92.1,174.99
506133,10440,2013,2024-10-12,2.0,0.15,111.92,190.26
506134,10270,2001,2025-04-14,1.0,0.05,50.2,47.69
506135,10134,2006,2024-08-06,1.0,0.1,145.53,130.98
506136,10746,2007,2025-03-12,2.0,0.0,92.1,184.2
506137,10640,2016,2024-05-25,1.0,0.0,76.81,76.81
506138,10104,2030,2024-10-04,2.0,0.05,51.91,98.63
506139,10766,2027,2024-03-01,2.0,0.0,58.32,116.64
506140,10095,2015,2025-09-02,2.0,0.05,27.47,52.19
506141,10849,2020,2025-01-10,1.0,0.0,145.5,145.5
506142,10729,2030,2025-02-08,1.0,0.05,51.91,49.31
506143,10573,2002,2025-11-24,2.0,0.0,16.22,32.44
506144,10480,2026,2024-04-24,3.0,0.15,74.85,190.87
506145,10780,2025,2025-05-10,1.0,0.1,145.48,130.93
506146,10241,2023,2025-09-07,1.0,0.0,61.98,61.98
506147,10013,2016,2024-12-02,2.0,0.15,76.81,130.58
506148,10147,2017,2025-07-23,1.0,0.15,68.24,58.0
506149,10940,2024,2024-10-12,2.0,0.1,135.89,244.6
506150,10752,2015,2024-05-09,1.0,0.0,27.47,27.47
506151,10601,2003,2024-11-11,2.0,0.0,102.51,205.02
506152,10095,2004,2025-08-21,2.0,0.15,83.99,142.78
506153,10827,2012,2025-12-13,1.0,0.15,93.71,79.65
506154,10293,2005,2024-03-12,1.0,0.1,75.13,67.62
506155,10025,2017,2024-12-11,1.0,0.05,68.24,64.83
506156,10272,2006,2024-04-08,2.0,0.05,145.53,276.51
506157,10505,2010,2024-10-27,2.0,0.0,91.83,183.66
506158,10166,2022,2024-06-25,3.0,0.1,48.42,130.73
506159,10939,2018,2024-03-16,2.0,0.0,132.04,264.08
506160,10762,2027,2024-05-23,2.0,0.1,58.32,104.98
506161,10087,2010,2024-01-24,1.0,0.1,91.83,82.65
506162,10654,2006,2024-06-30,1.0,0.0,145.53,145.53
506163,10646,2024,2024-02-15,1.0,0.05,135.89,129.1
506164,10985,2006,2025-04-14,1.0,0.15,145.53,123.7
506165,10791,2020,2024-04-02,1.0,0.0,145.5,145.5
506166,10638,2015,2024-09-26,1.0,0.0,27.47,27.47
506167,10828,2004,2024-02-04,1.0,0.0,83.99,83.99
506168,10491,2025,2025-11-09,3.0,0.0,145.48,436.44
506169,10908,2016,2025-08-05,3.0,0.05,76.81,218.91
506170,10141,2022,2024-12-30,2.0,0.15,48.42,82.31
506171,10868,2024,2025-12-09,1.0,0.15,135.89,115.51
506172,10103,2008,2024-05-13,1.0,0.05,131.55,124.97
506173,10226,2007,2025-01-17,2.0,0.0,92.1,184.2
506174,10902,2019,2025-11-11,1.0,0.0,47.93,47.93
506175,10575,2026,2024-10-04,1.0,0.0,74.85,74.85
506176,10294,2017,2024-06-05,2.0,0.0,68.24,136.48
506177,10896,2021,2025-01-22,1.0,0.0,144.34,144.34
506178,10306,2013,2025-06-19,2.0,0.0,111.92,223.84
506179,10254,2015,2024-07-19,2.0,0.1,27.47,49.45
506180,10180,2026,2024-10-02,3.0,0.0,74.85,224.55
506181,10040,2026,2025-05-16,1.0,0.1,74.85,67.36
506182,10776,2002,2025-04-04,1.0,0.0,16.22,16.22
506183,10701,2028,2024-02-20,3.0,0.0,86.01,258.03
506184,10520,2010,2025-11-29,1.0,0.05,91.83,87.24
506185,10616,2013,2025-06-16,1.0,0.0,111.92,111.92
506186,10737,2018,2025-09-20,1.0,0.0,132.04,132.04
506187,10546,2030,2024-04-02,1.0,0.0,51.91,51.91
506188,10236,2023,2025-04-01,1.0,0.0,61.98,61.98
506189,10463,2011,2024-12-05,2.0,0.05,132.17,251.12
506190,10228,2013,2024-02-23,1.0,0.0,111.92,111.92
506191,10700,2019,2025-05-11,3.0,0.05,47.93,136.6
506192,10825,2029,2025-09-27,1.0,0.1,107.84,97.06
506193,10483,2024,2024-01-05,1.0,0.0,135.89,135.89
506194,10430,2025,2025-11-12,1.0,0.05,145.48,138.21
506195,10022,2030,2024-10-08,1.0,0.0,51.91,51.91
506196,10343,2029,2024-10-17,1.0,0.0,107.84,107.84
506197,10040,2024,2024-03-14,1.0,0.15,135.89,115.51
506198,10173,2022,2024-05-17,1.0,0.05,48.42,46.0
506199,10439,2005,2025-10-15,3.0,0.0,75.13,225.39
506200,10179,2003,2025-01-28,1.0,0.15,102.51,87.13
506201,10598,2019,2024-07-27,1.0,0.0,47.93,47.93
506202,10133,2023,2024-09-17,2.0,0.0,61.98,123.96
506203,10351,2013,2024-09-20,,0.1,111.92,100.73
506204,10525,2005,2025-05-20,2.0,0.0,75.13,150.26
506205,10540,2012,2025-07-04,2.0,0.0,93.71,187.42
506206,10506,2014,2024-07-22,1.0,0.0,65.22,65.22
506207,10084,2006,2024-12-13,1.0,0.05,145.53,138.25
506208,10993,2030,2024-02-22,3.0,0.0,51.91,155.73
506209,10464,2022,2025-08-16,2.0,0.15,48.42,82.31
506210,10830,2009,2024-12-22,2.0,0.0,33.82,67.64
506211,10861,2017,2025-12-24,1.0,0.0,68.24,68.24
506212,10343,2008,2025-06-03,2.0,0.0,131.55,263.1
506213,10280,2026,2024-12-29,2.0,0.0,74.85,149.7
506214,10866,2013,2024-02-15,1.0,0.0,111.92,111.92
506215,10263,2029,2025-01-13,2.0,0.15,107.84,183.33
506216,10166,2005,2025-02-16,1.0,0.0,75.13,75.13
506217,10293,2029,2024-05-22,3.0,0.0,107.84,323.52
506218,10509,2022,2024-09-15,1.0,0.05,48.42,46.0
506219,10580,2022,2024-02-07,1.0,0.05,48.42,46.0
506220,10226,2017,2024-02-15,1.0,0.0,68.24,68.24
506221,10170,2003,2025-09-24,2.0,0.15,102.51,174.27
506222,10598,2028,2024-02-16,2.0,0.0,86.01,172.02
506223,10645,2006,2025-10-14,2.0,0.1,145.53,261.95
506224,10448,2014,2025-07-19,1.0,0.15,65.22,55.44
506225,10690,2015,2024-10-28,2.0,0.0,27.47,54.94
506226,10855,2014,2024-10-15,2.0,0.0,65.22,130.44
506227,10502,2011,2024-09-26,2.0,0.1,132.17,237.91
506228,10764,2011,2024-03-03,2.0,0.05,132.17,251.12
506229,10527,2009,2025-07-20,1.0,0.15,33.82,28.75
506230,10735,2006,2025-08-04,2.0,0.05,145.53,276.51
506231,10379,2015,2024-08-30,2.0,0.1,27.47,49.45
506232,10201,2012,2024-12-20,1.0,0.0,93.71,93.71
506233,10619,2029,2024-03-12,2.0,0.0,107.84,215.68
506234,10250,2006,2025-02-17,1.0,0.0,145.53,145.53
506235,10949,2001,2025-09-04,1.0,0.05,50.2,47.69
506236,10409,2025,2024-03-02,1.0,0.05,145.48,138.21
506237,10601,2016,2025-09-07,1.0,0.15,76.81,65.29
506238,10125,2020,2025-03-28,1.0,0.05,145.5,138.22
506239,10113,2015,2025-01-28,1.0,0.0,27.47,27.47
506240,10981,2002,2025-09-23,1.0,0.1,16.22,14.6
506241,10137,2017,2025-06-13,1.0,0.0,68.24,68.24
506242,10759,2003,2024-11-01,3.0,0.05,102.51,292.15
506243,10496,2003,2024-07-10,1.0,0.15,102.51,87.13
506244,10678,2005,2025-12-25,1.0,0.0,75.13,75.13
506245,10150,2017,2024-03-19,1.0,0.05,68.24,64.83
506246,10875,2023,2025-07-12,2.0,0.0,61.98,123.96
506247,10343,2029,2025-08-28,2.0,0.15,107.84,183.33
506248,10945,2017,2025-06-09,1.0,0.0,68.24,68.24
506249,10580,2020,2024-10-28,2.0,0.05,145.5,276.45
506250,10733,2006,2024-01-18,3.0,0.05,145.53,414.76
506251,10783,2001,2025-07-28,2.0,0.0,50.2,100.4
506252,10321,2007,2025-03-10,1.0,0.0,92.1,92.1
506253,10822,2026,2024-02-13,1.0,0.0,74.85,74.85
506254,10926,2015,2024-03-09,2.0,0.15,27.47,46.7
506255,10861,2007,2025-01-15,2.0,0.0,92.1,184.2
506256,10532,2019,2024-07-31,2.0,0.0,47.93,95.86
506257,10289,2020,2024-07-22,3.0,0.0,145.5,436.5
506258,10489,2022,2025-12-27,1.0,0.0,48.42,48.42
506259,10492,2030,2024-04-19,3.0,0.0,51.91,155.73
506260,10612,2011,2024-10-11,3.0,0.0,132.17,396.51
506261,10252,2023,2025-08-29,1.0,0.0,61.98,61.98
506262,10982,2014,2024-08-13,1.0,0.15,65.22,55.44
506263,10077,2013,2024-04-28,3.0,0.15,111.92,285.4
506264,10647,2020,2025-08-26,2.0,0.0,145.5,291.0
506265,10392,2026,2024-12-06,1.0,0.1,74.85,67.36
506266,10412,2027,2024-10-08,1.0,0.1,58.32,52.49
506267,10173,2025,2025-05-06,2.0,0.0,145.48,290.96
506268,10875,2009,2024-01-20,1.0,0.0,33.82,33.82
506269,10201,2009,2024-06-24,3.0,0.0,33.82,101.46
506270,10217,2016,2025-04-14,2.0,0.0,76.81,153.62
506271,10376,2012,2025-09-10,1.0,0.0,93.71,93.71
506272,10720,2010,2024-05-22,3.0,0.15,91.83,234.17
506273,10586,2006,2025-04-08,1.0,0.15,145.53,123.7
506274,10011,2018,2024-10-25,2.0,0.05,132.04,250.88
506275,10799,2002,2025-04-15,3.0,0.1,16.22,43.79
506276,10768,2027,2025-12-06,1.0,0.1,58.32,52.49
506277,10012,2020,2025-01-08,3.0,0.0,145.5,436.5
506278,10892,2009,2025-04-13,1.0,0.1,33.82,30.44
506279,10991,2019,2025-03-14,3.0,0.0,47.93,143.79
506280,10590,2006,2025-12-21,2.0,0.0,145.53,291.06
506281,10435,2002,2025-03-19,3.0,0.1,16.22,43.79
506282,10684,2015,2025-04-01,1.0,0.1,27.47,24.72
506283,10608,2017,2024-09-05,2.0,0.05,68.24,129.66
506284,10818,2016,2024-05-22,1.0,0.0,76.81,76.81
506285,10373,2028,2025-02-06,1.0,0.05,86.01,81.71
506286,10273,2021,2024-08-10,1.0,0.05,144.34,137.12
506287,10931,2008,2024-07-03,2.0,0.1,131.55,236.79
506288,10897,2010,2024-12-30,1.0,0.15,91.83,78.06
506289,10925,2010,2024-07-07,1.0,0.05,91.83,87.24
506290,10691,2018,2024-04-23,1.0,0.15,132.04,112.23
506291,10576,2010,2024-06-30,1.0,0.1,91.83,82.65
506292,10509,2009,2024-07-18,1.0,0.0,33.82,33.82
506293,10132,2028,2024-03-11,2.0,0.0,86.01,172.02
506294,10855,2024,2025-08-21,1.0,0.0,135.89,135.89
506295,10924,2019,2025-04-30,1.0,0.15,47.93,40.74
506296,10784,2001,2025-02-03,3.0,0.0,50.2,150.6
506297,10319,2004,2025-07-05,2.0,0.15,83.99,142.78
506298,10844,2024,2025-10-05,1.0,0.0,135.89,135.89
506299,10949,2003,2024-01-11,3.0,0.0,102.51,307.53
506300,10853,2010,2024-01-04,1.0,0.0,91.83,91.83
506301,10621,2012,2025-04-23,2.0,0.05,93.71,178.05
506302,10785,2018,2025-10-24,3.0,0.0,132.04,396.12
506303,10168,2023,2024-03-08,2.0,0.0,61.98,123.96
506304,10397,2020,2025-12-06,2.0,0.15,145.5,247.35
506305,10180,2006,2024-04-07,3.0,0.15,145.53,371.1
506306,10058,2021,2025-06-15,2.0,0.15,144.34,245.38
506307,10480,2002,2024-11-14,3.0,0.15,16.22,41.36
506308,10933,2010,2024-04-08,2.0,0.15,91.83,156.11
506309,10591,2002,2024-02-27,1.0,0.1,16.22,14.6
506310,10460,2030,2024-04-17,1.0,0.0,51.91,51.91
506311,10061,2009,2024-03-29,1.0,0.0,33.82,33.82
506312,10369,2027,2025-10-15,3.0,0.05,58.32,166.21
506313,10121,2010,2025-10-18,2.0,0.05,91.83,174.48
506314,10719,2002,2025-01-06,2.0,0.1,16.22,29.2
506315,10546,2008,2025-01-10,1.0,0.0,131.55,131.55
506316,10582,2024,2024-02-22,3.0,0.05,135.89,387.29
506317,10017,2017,2025-12-25,1.0,0.0,68.24,68.24
506318,10496,2017,2024-02-11,3.0,0.15,68.24,174.01
506319,10497,2029,2024-04-01,1.0,0.15,107.84,91.66
506320,10505,2004,2024-02-09,2.0,0.0,83.99,167.98
506321,10532,2018,2024-01-14,2.0,0.15,132.04,224.47
506322,10969,2012,2025-08-31,1.0,0.15,93.71,79.65
506323,10315,2017,2025-09-13,1.0,0.0,68.24,68.24
506324,10069,2009,2024-04-14,1.0,0.0,33.82,33.82
506325,10727,2029,2024-02-13,1.0,0.1,107.84,97.06
506326,10161,2019,2024-07-28,1.0,0.05,47.93,45.53
506327,10614,2014,2025-08-23,3.0,0.0,65.22,195.66
506328,10888,2014,2025-08-28,1.0,0.05,65.22,61.96
506329,10718,2030,2025-11-17,3.0,0.0,51.91,155.73
506330,10145,2017,2025-04-21,2.0,0.15,68.24,116.01
506331,10569,2002,2025-09-30,2.0,0.05,16.22,30.82
506332,10595,2008,2024-04-19,1.0,0.1,131.55,118.4
506333,10993,2005,2025-07-13,2.0,0.0,75.13,150.26
506334,10385,2027,2024-08-02,3.0,0.0,58.32,174.96
506335,10269,2007,2025-08-27,1.0,0.0,92.1,92.1
506336,10923,2022,2025-11-24,1.0,0.0,48.42,48.42
506337,10454,2029,2025-02-13,3.0,0.0,107.84,323.52
506338,10699,2016,2025-07-07,3.0,0.05,76.81,218.91
506339,10518,2016,2025-09-25,1.0,0.0,76.81,76.81
506340,10865,2017,2024-03-18,2.0,0.05,68.24,129.66
506341,10350,2022,2024-04-05,1.0,0.0,48.42,48.42
506342,10110,2027,2024-09-26,2.0,0.15,58.32,99.14
506343,10483,2007,2024-12-27,1.0,0.1,92.1,82.89
506344,10407,2020,2025-06-14,3.0,0.0,145.5,436.5
506345,10650,2008,2025-11-14,3.0,0.0,131.55,394.65
506346,10051,2008,2024-06-11,1.0,0.15,131.55,111.82
506347,10403,2023,2025-04-10,2.0,0.0,61.98,123.96
506348,10563,2011,2025-07-18,2.0,0.05,132.17,251.12
506349,10476,2015,2025-07-02,2.0,0.15,27.47,46.7
506350,10087,2018,2024-07-06,1.0,0.1,132.04,118.84
506351,10068,2006,2024-02-22,2.0,0.0,145.53,291.06
506352,10596,2022,2025-05-03,2.0,0.05,48.42,92.0
506353,10979,2012,2025-06-15,2.0,0.0,93.71,187.42
506354,10042,2015,2025-01-31,1.0,0.15,27.47,23.35
506355,10731,2028,2024-04-02,1.0,0.05,86.01,81.71
506356,10057,2023,2025-10-13,1.0,0.0,61.98,61.98
506357,10738,2006,2024-12-23,1.0,0.1,145.53,130.98
506358,10196,2018,2025-09-03,1.0,0.15,132.04,112.23
506359,10760,2024,2025-12-20,2.0,0.1,135.89,244.6
506360,10678,2020,2024-05-24,1.0,0.0,145.5,145.5
506361,10062,2009,2024-07-18,1.0,0.0,33.82,33.82
506362,10263,2008,2024-11-19,3.0,0.0,131.55,394.65
506363,10112,2014,2024-11-28,2.0,0.0,65.22,130.44
506364,10765,2019,2024-09-21,1.0,0.0,47.93,47.93
506365,10711,2019,2024-08-05,1.0,0.05,47.93,45.53
506366,10178,2008,2025-12-02,1.0,0.0,131.55,131.55
506367,10948,2002,2025-07-10,2.0,0.0,16.22,32.44
506368,10026,2025,2025-03-10,2.0,0.0,145.48,290.96
506369,10410,2004,2025-04-05,2.0,0.0,83.99,167.98
506370,10758,2006,2025-12-02,2.0,0.0,145.53,291.06
506371,10531,2003,2025-05-18,1.0,0.15,102.51,87.13
506372,10777,2003,2025-04-14,1.0,0.0,102.51,102.51
506373,10317,2019,2025-12-07,3.0,0.1,47.93,129.41
506374,10532,2011,2025-01-01,3.0,0.0,132.17,396.51
506375,10106,2029,2024-08-27,3.0,0.05,107.84,307.34
506376,10749,2010,2025-09-16,1.0,0.0,91.83,91.83
506377,10818,2012,2025-08-04,1.0,0.0,93.71,93.71
506378,10464,2014,2025-07-15,2.0,0.0,65.22,130.44
506379,10246,2030,2025-10-25,2.0,0.15,51.91,88.25
506380,10081,2030,2025-01-31,1.0,0.0,51.91,51.91
506381,10662,2028,2025-01-30,1.0,0.0,86.01,86.01
506382,10909,2018,2025-09-19,3.0,0.05,132.04,376.31
506383,10396,2024,2024-03-16,2.0,0.15,135.89,231.01
506384,10522,2009,2024-04-08,2.0,0.05,33.82,64.26
506385,10833,2015,2025-01-18,2.0,0.1,27.47,49.45
506386,10736,2024,2025-09-15,2.0,0.05,135.89,258.19
506387,10926,2026,2025-01-05,3.0,0.1,74.85,202.1
506388,10264,2003,2024-10-12,3.0,0.05,102.51,292.15
506389,10661,2023,2024-09-13,3.0,0.1,61.98,167.35
506390,10790,2011,2024-11-05,1.0,0.15,132.17,112.34
506391,10274,2010,2025-09-21,2.0,0.05,91.83,174.48
506392,10706,2018,2024-06-25,1.0,0.05,132.04,125.44
506393,10944,2004,2024-08-16,1.0,0.0,83.99,83.99
506394,10172,2028,2024-12-13,1.0,0.05,86.01,81.71
506395,10265,2013,2025-09-10,3.0,0.1,111.92,302.18
506396,10963,2030,2024-12-08,1.0,0.0,51.91,51.91
506397,10822,2029,2024-08-27,1.0,0.1,107.84,97.06
506398,10026,2006,2025-09-04,2.0,0.05,145.53,276.51
506399,10469,2027,2025-11-19,1.0,0.05,58.32,55.4
506400,10862,2021,2024-12-16,1.0,0.1,144.34,129.91
506401,10476,2013,2025-03-31,2.0,0.15,111.92,190.26
506402,10356,2025,2025-03-17,1.0,0.15,145.48,123.66
506403,10026,2026,2025-08-11,2.0,0.15,74.85,127.24
506404,10034,2020,2025-05-30,1.0,0.0,145.5,145.5
506405,10264,2005,2024-03-22,2.0,0.0,75.13,150.26
506406,10138,2020,2024-12-27,2.0,0.0,145.5,291.0
506407,10816,2014,2024-10-15,2.0,0.15,65.22,110.87
506408,10695,2013,2024-01-09,1.0,0.05,111.92,106.32
506409,10875,2014,2024-03-28,1.0,0.0,65.22,65.22
506410,10754,2008,2024-10-13,2.0,0.1,131.55,236.79
506411,10566,2016,2025-02-03,1.0,0.05,76.81,72.97
506412,10462,2013,2024-03-15,1.0,0.0,111.92,111.92
506413,10168,2024,2025-03-15,2.0,0.0,135.89,271.78
506414,10631,2015,2024-05-03,1.0,0.0,27.47,27.47
506415,10655,2019,2025-01-12,3.0,0.15,47.93,122.22
506416,10081,2001,2024-05-23,2.0,0.1,50.2,90.36
506417,10757,2022,2024-06-07,1.0,0.0,48.42,48.42
506418,10914,2002,2025-03-06,2.0,0.0,16.22,32.44
506419,10864,2018,2025-03-24,1.0,0.15,132.04,112.23
506420,10870,2019,2025-02-14,2.0,0.0,47.93,95.86
506421,10407,2008,2025-01-06,2.0,0.05,131.55,249.95
506422,10574,2003,2024-04-19,1.0,0.0,102.51,102.51
506423,10046,2023,2025-12-08,1.0,0.1,61.98,55.78
506424,10599,2026,2024-02-06,2.0,0.0,74.85,149.7
506425,10611,2014,2024-03-31,1.0,0.0,65.22,65.22
506426,10807,2026,2025-02-19,1.0,0.05,74.85,71.11
506427,10911,2009,2024-10-23,2.0,0.05,33.82,64.26
506428,10053,2029,2025-12-14,3.0,0.0,107.84,323.52
506429,10984,2008,2024-02-16,3.0,0.1,131.55,355.19
506430,10704,2017,2025-05-03,1.0,0.0,68.24,68.24
506431,10959,2023,2025-09-11,3.0,0.1,61.98,167.35
506432,10476,2023,2024-06-19,1.0,0.1,61.98,55.78
506433,10592,2024,2024-05-26,2.0,0.0,135.89,271.78
506434,10016,2016,2025-02-24,3.0,0.1,76.81,207.39
506435,10360,2010,2025-11-21,1.0,0.0,91.83,91.83
506436,10487,2021,2025-07-27,2.0,0.1,144.34,259.81
506437,10838,2010,2024-01-04,1.0,0.0,91.83,91.83
506438,10706,2025,2025-08-17,2.0,0.15,145.48,247.32
506439,10502,2025,2024-09-20,2.0,0.0,145.48,290.96
506440,10141,2024,2024-11-17,2.0,0.1,135.89,244.6
506441,10620,2006,2025-08-30,2.0,0.0,145.53,291.06
506442,10815,2022,2025-07-30,1.0,0.05,48.42,46.0
506443,10777,2017,2024-09-03,2.0,0.0,68.24,136.48
506444,10447,2029,2025-08-12,1.0,0.05,107.84,102.45
506445,10290,2016,2025-04-22,1.0,0.0,76.81,76.81
506446,10209,2015,2024-09-16,2.0,0.0,27.47,54.94
506447,10475,2022,2024-04-03,2.0,0.15,48.42,82.31
506448,10413,2014,2025-06-17,2.0,0.0,65.22,130.44
506449,10677,2004,2025-07-28,1.0,0.15,83.99,71.39
506450,10427,2004,2024-12-05,1.0,0.0,83.99,83.99
506451,10854,2030,2024-09-17,1.0,0.1,51.91,46.72
506452,10371,2002,2024-08-25,2.0,0.1,16.22,29.2
506453,10832,2029,2024-05-21,1.0,0.05,107.84,102.45
506454,10664,2011,2025-11-10,1.0,0.0,132.17,132.17
506455,10967,2030,2025-04-25,1.0,0.1,51.91,46.72
506456,10290,2004,2025-08-02,2.0,0.15,83.99,142.78
506457,10432,2021,2024-12-16,3.0,0.1,144.34,389.72
506458,10268,2029,2025-07-24,1.0,0.0,107.84,107.84
506459,10151,2028,2025-12-25,1.0,0.0,86.01,86.01
506460,10719,2021,2024-05-10,1.0,0.0,144.34,144.34
506461,10255,2016,2025-06-21,1.0,0.05,76.81,72.97
506462,10353,2021,2024-01-12,1.0,0.0,144.34,144.34
506463,10377,2004,2024-09-14,2.0,0.0,83.99,167.98
506464,10653,2001,2025-01-04,3.0,0.0,50.2,150.6
506465,10855,2030,2025-01-29,1.0,0.0,51.91,51.91
506466,10358,2026,2025-08-16,1.0,0.15,74.85,63.62
506467,10608,2024,2025-02-23,1.0,0.15,135.89,115.51
506468,10941,2019,2024-01-20,1.0,0.0,47.93,47.93
506469,10370,2002,2024-04-20,3.0,0.0,16.22,48.66
506470,10227,2009,2025-03-13,1.0,0.0,33.82,33.82
506471,10705,2023,2025-05-20,1.0,0.1,61.98,55.78
506472,10303,2025,2024-02-04,1.0,0.1,145.48,130.93
506473,10826,2013,2024-10-15,1.0,0.0,111.92,111.92
506474,10389,2018,2024-09-12,2.0,0.05,132.04,250.88
506475,10377,2016,2025-09-30,3.0,0.15,76.81,195.87
506476,10973,2016,2025-12-22,1.0,0.0,76.81,76.81
506477,10118,2025,2024-05-14,2.0,0.0,145.48,290.96
506478,10005,2010,2025-05-14,2.0,0.15,91.83,156.11
506479,10444,2009,2025-02-01,3.0,0.0,33.82,101.46
506480,10352,2011,2025-05-02,2.0,0.0,132.17,264.34
506481,10755,2025,2025-08-21,1.0,0.0,145.48,145.48
506482,10533,2026,2025-08-10,2.0,0.1,74.85,134.73
506483,10664,2029,2025-10-09,1.0,0.05,107.84,102.45
506484,10640,2026,2025-11-16,2.0,0.15,74.85,127.24
506485,10124,2004,2024-08-01,2.0,0.0,83.99,167.98
506486,10658,2010,2024-12-16,2.0,0.0,91.83,183.66
506487,10277,2003,2024-01-20,1.0,0.15,102.51,87.13
506488,10822,2006,2024-04-29,1.0,0.0,145.53,145.53
506489,10394,2003,2024-10-29,1.0,0.0,102.51,102.51
506490,10664,2027,2024-10-12,2.0,0.15,58.32,99.14
506491,10360,2009,2024-08-15,1.0,0.15,33.82,28.75
506492,10623,2003,2025-05-22,1.0,0.0,102.51,102.51
506493,10469,2018,2025-05-16,1.0,0.0,132.04,132.04
506494,10985,2008,2024-07-31,1.0,0.1,131.55,118.4
506495,10628,2022,2024-12-22,1.0,0.0,48.42,48.42
506496,10700,2008,2025-12-02,1.0,0.05,131.55,124.97
506497,10057,2015,2025-05-02,2.0,0.15,27.47,46.7
506498,10251,2013,2024-11-17,3.0,0.0,111.92,335.76
506499,10896,2007,2025-10-25,2.0,0.0,92.1,184.2
506500,10919,2019,2024-08-11,2.0,0.1,47.93,86.27
506501,10150,2008,2025-10-02,1.0,0.0,131.55,131.55
506502,10452,2010,2025-07-17,1.0,0.05,91.83,87.24
506503,10162,2017,2024-07-10,1.0,0.0,68.24,68.24
506504,10120,2001,2025-05-15,3.0,0.05,50.2,143.07
506505,10582,2013,2025-05-10,1.0,0.0,111.92,111.92
506506,10924,2029,2024-08-25,2.0,0.1,107.84,194.11
506507,10351,2026,2024-01-23,1.0,0.1,74.85,67.36
506508,10099,2013,2025-09-14,1.0,0.0,111.92,111.92
506509,10167,2024,2024-11-23,2.0,0.1,135.89,244.6
506510,10810,2016,2025-06-29,1.0,0.05,76.81,72.97
506511,10663,2029,2024-05-07,1.0,0.0,107.84,107.84
506512,10838,2009,2024-12-31,1.0,0.1,33.82,30.44
506513,10976,2010,2024-02-14,2.0,0.0,91.83,183.66
506514,10514,2006,2025-06-03,2.0,0.05,145.53,276.51
506515,10664,2005,2024-05-08,2.0,0.0,75.13,150.26
506516,10401,2002,2025-08-26,1.0,0.05,16.22,15.41
506517,10365,2011,2024-05-10,1.0,0.0,132.17,132.17
506518,10577,2009,2025-06-13,1.0,0.05,33.82,32.13
506519,10326,2006,2024-11-17,1.0,0.0,145.53,145.53
506520,10581,2008,2024-07-05,1.0,0.1,131.55,118.4
506521,10633,2009,2025-09-14,1.0,0.0,33.82,33.82
506522,10621,2009,2024-12-14,2.0,0.0,33.82,67.64
506523,10828,2008,2025-04-26,3.0,0.0,131.55,394.65
506524,10247,2012,2025-11-06,3.0,0.0,93.71,281.13
506525,10434,2026,2025-08-10,3.0,0.1,74.85,202.1
506526,10093,2008,2025-12-12,2.0,0.15,131.55,223.64
506527,10268,2003,2024-12-27,1.0,0.0,102.51,102.51
506528,10615,2013,2024-10-14,1.0,0.0,111.92,111.92
506529,10943,2019,2024-07-01,1.0,0.0,47.93,47.93
506530,10963,2002,2025-03-27,2.0,0.15,16.22,27.57
506531,10624,2017,2024-04-07,1.0,0.0,68.24,68.24
506532,10321,2016,2025-07-17,2.0,0.1,76.81,138.26
506533,10923,2004,2024-11-10,1.0,0.0,83.99,83.99
506534,10816,2018,2025-06-30,1.0,0.05,132.04,125.44
506535,10856,2014,2024-01-22,2.0,0.0,65.22,130.44
506536,10062,2030,2025-11-27,2.0,0.1,51.91,93.44
506537,10300,2002,2025-07-30,3.0,0.0,16.22,48.66
506538,10403,2013,2025-05-12,1.0,0.05,111.92,106.32
506539,10955,2027,2025-02-07,1.0,0.0,58.32,58.32
506540,10648,2027,2024-05-04,3.0,0.0,58.32,174.96
506541,10567,2021,2025-09-05,2.0,0.05,144.34,274.25
506542,10620,2020,2024-04-29,1.0,0.05,145.5,138.22
506543,10303,2017,2025-08-13,3.0,0.0,68.24,204.72
506544,10770,2015,2025-11-24,2.0,0.1,27.47,49.45
506545,10253,2025,2025-12-12,2.0,0.0,145.48,290.96
506546,10734,2030,2025-04-22,2.0,0.1,51.91,93.44
506547,10478,2020,2025-12-03,1.0,0.15,145.5,123.68
506548,10369,2005,2024-04-13,1.0,0.0,75.13,75.13
506549,10679,2007,2024-11-29,1.0,0.0,92.1,92.1
506550,10941,2018,2025-04-04,1.0,0.0,132.04,132.04
506551,10160,2024,2024-05-10,2.0,0.0,135.89,271.78
506552,10961,2011,2024-05-14,1.0,0.0,132.17,132.17
506553,10166,2018,2024-06-06,2.0,0.0,132.04,264.08
506554,10205,2027,2025-03-01,1.0,0.15,58.32,49.57
506555,10267,2026,2025-03-11,1.0,0.0,74.85,74.85
506556,10138,2005,2025-01-24,2.0,0.0,75.13,150.26
506557,10368,2013,2024-11-14,3.0,0.0,111.92,335.76
506558,10443,2028,2025-11-01,3.0,0.0,86.01,258.03
506559,10858,2018,2025-05-20,2.0,0.0,132.04,264.08
506560,10760,2002,2024-07-09,1.0,0.05,16.22,15.41
506561,10567,2020,2025-09-04,3.0,0.05,145.5,414.67
506562,10916,2004,2025-02-15,1.0,0.05,83.99,79.79
506563,10721,2013,2024-02-22,1.0,0.0,111.92,111.92
506564,10017,2024,2025-07-15,3.0,0.05,135.89,387.29
506565,10068,2029,2025-03-22,1.0,0.15,107.84,91.66
506566,10133,2016,2025-09-04,3.0,0.0,76.81,230.43
506567,10700,2006,2025-03-20,1.0,0.15,145.53,123.7
506568,10919,2026,2025-01-17,1.0,0.05,74.85,71.11
506569,10430,2008,2025-01-09,2.0,0.0,131.55,263.1
506570,10308,2016,2025-07-20,3.0,0.1,76.81,207.39
506571,10650,2013,2025-01-10,1.0,0.0,111.92,111.92
506572,10174,2023,2025-01-24,3.0,0.1,61.98,167.35
506573,10412,2029,2025-10-11,3.0,0.0,107.84,323.52
506574,10097,2026,2025-11-05,1.0,0.0,74.85,74.85
506575,10683,2004,2025-04-24,1.0,0.05,83.99,79.79
506576,10154,2002,2025-02-08,1.0,0.0,16.22,16.22
506577,10695,2009,2025-08-16,3.0,0.0,33.82,101.46
506578,10242,2018,2025-04-13,2.0,0.1,132.04,237.67
506579,10304,2017,2025-08-20,2.0,0.0,68.24,136.48
506580,10285,2008,2025-05-20,1.0,0.0,131.55,131.55
506581,10027,2026,2024-03-24,3.0,0.15,74.85,190.87
506582,10402,2015,2024-11-15,1.0,0.15,27.47,23.35
506583,10360,2009,2024-03-08,1.0,0.0,33.82,33.82
506584,10060,2017,2025-02-18,3.0,0.05,68.24,194.48
506585,10202,2023,2025-03-29,2.0,0.1,61.98,111.56
506586,10762,2002,2024-07-17,2.0,0.0,16.22,32.44
506587,10874,2006,2024-09-16,1.0,0.15,145.53,123.7
506588,10581,2029,2025-11-20,3.0,0.1,107.84,291.17
506589,10970,2027,2024-10-25,1.0,0.15,58.32,49.57
506590,10370,2005,2024-10-07,1.0,0.0,75.13,75.13
506591,10533,2017,2024-10-27,2.0,0.0,68.24,136.48
506592,10152,2002,2024-05-09,1.0,0.0,16.22,16.22
506593,10102,2018,2025-05-13,3.0,0.0,132.04,396.12
506594,10899,2010,2025-03-14,2.0,0.15,91.83,156.11
506595,11000,2010,2025-11-23,1.0,0.1,91.83,82.65
506596,10607,2006,2024-10-19,1.0,0.1,145.53,130.98
506597,10446,2027,2024-07-26,2.0,0.05,58.32,110.81
506598,10873,2012,2024-10-21,1.0,0.15,93.71,79.65
506599,10229,2017,2025-11-18,1.0,0.05,68.24,64.83
506600,10125,2027,2024-01-30,2.0,0.15,58.32,99.14
506601,10770,2013,2024-06-28,1.0,0.0,111.92,111.92
506602,10834,2020,2024-02-11,1.0,0.15,145.5,123.68
506603,10999,2028,2025-04-15,2.0,0.15,86.01,146.22
506604,10881,2016,2024-07-11,3.0,0.0,76.81,230.43
506605,10938,2010,2024-12-10,2.0,0.0,91.83,183.66
506606,10236,2027,2025-09-18,1.0,0.0,58.32,58.32
506607,10162,2021,2024-10-05,1.0,0.15,144.34,122.69
506608,10554,2002,2024-12-21,1.0,0.0,16.22,16.22
506609,10788,2002,2025-06-13,3.0,0.1,16.22,43.79
506610,10353,2023,2024-03-27,3.0,0.15,61.98,158.05
506611,10068,2007,2024-11-13,1.0,0.0,92.1,92.1
506612,10173,2006,2025-11-24,1.0,0.0,145.53,145.53
506613,10843,2001,2024-12-03,2.0,0.05,50.2,95.38
506614,10637,2012,2024-05-25,1.0,0.0,93.71,93.71
506615,10682,2013,2024-11-11,1.0,0.15,111.92,95.13
506616,10559,2012,2024-08-13,2.0,0.0,93.71,187.42
506617,10261,2019,2025-02-27,1.0,0.0,47.93,47.93
506618,10217,2009,2024-02-24,1.0,0.05,33.82,32.13
506619,10817,2010,2024-03-09,3.0,0.05,91.83,261.72
506620,10124,2017,2025-09-11,2.0,0.0,68.24,136.48
506621,10805,2018,2024-11-30,1.0,0.05,132.04,125.44
506622,10162,2008,2024-03-18,3.0,0.1,131.55,355.19
506623,10201,2007,2025-06-23,3.0,0.05,92.1,262.48
506624,10454,2009,2024-06-04,1.0,0.0,33.82,33.82
506625,10402,2010,2024-03-13,1.0,0.0,91.83,91.83
506626,10462,2012,2025-05-16,2.0,0.0,93.71,187.42
506627,10275,2015,2025-03-23,1.0,0.05,27.47,26.1
506628,10206,2015,2025-11-23,1.0,0.05,27.47,26.1
506629,10040,2028,2025-07-13,2.0,0.15,86.01,146.22
506630,10273,2004,2024-12-25,2.0,0.15,83.99,142.78
506631,10700,2004,2024-10-04,1.0,0.0,83.99,83.99
506632,10867,2023,2024-11-09,1.0,0.15,61.98,52.68
506633,10093,2001,2024-04-15,1.0,0.0,50.2,50.2
506634,10042,2026,2024-04-05,1.0,0.0,74.85,74.85
506635,10465,2012,2024-08-07,1.0,0.1,93.71,84.34
506636,10379,2025,2025-11-13,2.0,0.1,145.48,261.86
506637,10107,2002,2024-05-08,1.0,0.0,16.22,16.22
506638,10328,2015,2024-07-19,1.0,0.0,27.47,27.47
506639,10065,2017,2024-11-28,3.0,0.0,68.24,204.72
506640,10365,2007,2025-07-01,2.0,0.1,92.1,165.78
506641,10821,2006,2025-10-18,2.0,0.15,145.53,247.4
506642,10484,2012,2024-10-19,1.0,0.1,93.71,84.34
506643,10647,2019,2024-03-07,1.0,0.0,47.93,47.93
506644,10901,2001,2025-07-22,1.0,0.0,50.2,50.2
506645,10024,2028,2025-10-19,1.0,0.0,86.01,86.01
506646,10540,2021,2025-02-08,1.0,0.1,144.34,129.91
506647,10062,2026,2025-12-26,1.0,0.05,74.85,71.11
506648,10491,2014,2025-08-29,1.0,0.1,65.22,58.7
506649,10273,2004,2025-09-10,1.0,0.0,83.99,83.99
506650,10229,2005,2025-08-19,2.0,0.0,75.13,150.26
506651,10020,2001,2025-10-10,1.0,0.15,50.2,42.67
506652,10003,2001,2024-05-26,1.0,0.15,50.2,42.67
506653,10421,2021,2025-06-14,1.0,0.0,144.34,144.34
506654,10730,2006,2025-02-06,3.0,0.1,145.53,392.93
506655,10911,2005,2024-05-05,2.0,0.1,75.13,135.23
506656,10307,2002,2025-05-29,2.0,0.0,16.22,32.44
506657,10432,2025,2024-11-28,1.0,0.1,145.48,130.93
506658,10136,2021,2025-04-25,3.0,0.0,144.34,433.02
506659,10909,2027,2025-12-13,2.0,0.0,58.32,116.64
506660,10944,2027,2025-10-12,2.0,0.0,58.32,116.64
506661,10515,2005,2025-12-16,2.0,0.0,75.13,150.26
506662,10193,2026,2025-02-02,1.0,0.15,74.85,63.62
506663,10585,2009,2024-01-31,3.0,0.0,33.82,101.46
506664,10415,2019,2024-02-26,1.0,0.1,47.93,43.14
506665,10873,2021,2025-09-23,1.0,0.05,144.34,137.12
506666,10118,2015,2024-05-12,1.0,0.0,27.47,27.47
506667,10666,2013,2024-08-19,2.0,0.0,111.92,223.84
506668,10209,2012,2025-01-30,1.0,0.0,93.71,93.71
506669,10952,2005,2024-06-01,1.0,0.05,75.13,71.37
506670,10034,2002,2025-05-17,1.0,0.15,16.22,13.79
506671,10649,2027,2025-05-21,2.0,0.0,58.32,116.64
506672,10318,2004,2025-01-21,1.0,0.1,83.99,75.59
506673,10120,2027,2025-06-17,1.0,0.15,58.32,49.57
506674,10627,2027,2025-03-24,1.0,0.0,58.32,58.32
506675,10525,2018,2025-08-03,1.0,0.1,132.04,118.84
506676,10581,2021,2024-05-06,1.0,0.0,144.34,144.34
506677,10937,2010,2025-07-09,3.0,0.0,91.83,275.49
506678,10845,2013,2025-11-25,3.0,0.05,111.92,318.97
506679,10769,2012,2025-05-04,1.0,0.0,93.71,93.71
506680,10089,2002,2025-09-04,1.0,0.1,16.22,14.6
506681,10512,2026,2025-03-22,1.0,0.15,74.85,63.62
506682,10047,2015,2025-04-15,2.0,0.0,27.47,54.94
506683,10772,2014,2024-12-15,1.0,0.0,65.22,65.22
506684,10740,2025,2025-05-23,1.0,0.0,145.48,145.48
506685,10959,2010,2025-04-02,1.0,0.0,91.83,91.83
506686,10692,2022,2025-01-20,1.0,0.0,48.42,48.42
506687,10522,2008,2025-12-13,1.0,0.0,131.55,131.55
506688,10284,2025,2025-03-24,1.0,0.05,145.48,138.21
506689,10377,2015,2025-09-20,1.0,0.1,27.47,24.72
506690,10638,2013,2024-04-25,1.0,0.05,111.92,106.32
506691,10134,2008,2025-03-28,1.0,0.0,131.55,131.55
506692,10667,2021,2025-10-16,2.0,0.1,144.34,259.81
506693,10248,2021,2024-04-29,2.0,0.0,144.34,288.68
506694,10652,2022,2024-04-03,2.0,0.0,48.42,96.84
506695,10318,2014,2025-06-05,1.0,0.0,65.22,65.22
506696,10436,2001,2025-08-08,1.0,0.1,50.2,45.18
506697,10176,2013,2025-06-22,3.0,0.05,111.92,318.97
506698,10835,2027,2025-03-09,1.0,0.1,58.32,52.49
506699,10686,2008,2024-05-25,1.0,0.05,131.55,124.97
506700,10993,2018,2024-03-09,1.0,0.15,132.04,112.23
506701,10586,2022,2025-12-01,2.0,0.05,48.42,92.0
506702,10351,2030,2024-05-11,1.0,0.0,51.91,51.91
506703,10143,2030,2024-10-08,1.0,0.0,51.91,51.91
506704,10967,2009,2025-10-14,1.0,0.0,33.82,33.82
506705,10804,2013,2025-07-20,1.0,0.0,111.92,111.92
506706,10398,2003,2025-05-28,1.0,0.0,102.51,102.51
506707,10624,2018,2025-10-02,1.0,0.15,132.04,112.23
506708,10718,2010,2024-01-02,3.0,0.0,91.83,275.49
506709,10643,2005,2025-11-16,1.0,0.0,75.13,75.13
506710,10369,2027,2025-03-08,2.0,0.15,58.32,99.14
506711,10501,2025,2025-01-26,1.0,0.05,145.48,138.21
506712,10622,2006,2024-09-23,2.0,0.1,145.53,261.95
506713,10370,2030,2025-02-03,1.0,0.0,51.91,51.91
506714,10579,2008,2024-09-13,1.0,0.0,131.55,131.55
506715,10382,2024,2025-01-30,2.0,0.0,135.89,271.78
506716,10086,2007,2024-06-23,2.0,0.0,92.1,184.2
506717,10787,2021,2024-02-15,1.0,0.15,144.34,122.69
506718,10739,2018,2024-05-21,1.0,0.1,132.04,118.84
506719,10460,2014,2025-06-23,2.0,0.05,65.22,123.92
506720,10950,2015,2025-12-22,3.0,0.05,27.47,78.29
506721,10325,2010,2024-02-20,1.0,0.0,91.83,91.83
506722,10522,2026,2024-03-02,1.0,0.05,74.85,71.11
506723,10489,2021,2024-08-31,1.0,0.15,144.34,122.69
506724,10929,2012,2024-09-26,2.0,0.1,93.71,168.68
506725,10397,2007,2024-05-20,1.0,0.0,92.1,92.1
506726,10896,2028,2024-06-06,1.0,0.05,86.01,81.71
506727,10355,2028,2025-08-20,2.0,0.0,86.01,172.02
506728,10947,2007,2025-08-19,2.0,0.0,92.1,184.2
506729,10288,2011,2024-10-03,1.0,0.15,132.17,112.34
506730,10459,2013,2024-02-01,1.0,0.05,111.92,106.32
506731,10624,2015,2024-01-09,1.0,0.0,27.47,27.47
506732,10998,2018,2025-12-16,1.0,0.1,132.04,118.84
506733,10536,2007,2024-02-03,3.0,0.0,92.1,276.3
506734,10291,2006,2025-10-17,1.0,0.1,145.53,130.98
506735,10851,2023,2025-03-28,1.0,0.15,61.98,52.68
506736,10838,2011,2025-03-25,3.0,0.1,132.17,356.86
506737,10168,2008,2024-02-07,2.0,0.05,131.55,249.95
506738,10950,2020,2025-10-21,2.0,0.1,145.5,261.9
506739,10621,2001,2024-02-04,2.0,0.05,50.2,95.38
506740,10428,2008,2025-03-31,1.0,0.0,131.55,131.55
506741,10702,2008,2025-03-20,3.0,0.05,131.55,374.92
506742,10490,2019,2024-08-25,1.0,0.15,47.93,40.74
506743,10355,2003,2024-07-31,2.0,0.05,102.51,194.77
506744,10196,2005,2024-05-20,1.0,0.0,75.13,75.13
506745,10545,2030,2025-12-03,3.0,0.0,51.91,155.73
506746,10717,2003,2025-08-31,3.0,0.15,102.51,261.4
506747,10824,2015,2025-12-07,1.0,0.0,27.47,27.47
506748,10932,2014,2024-12-27,2.0,0.05,65.22,123.92
506749,10694,2021,2024-10-31,3.0,0.15,144.34,368.07
506750,10659,2015,2024-10-23,3.0,0.0,27.47,82.41
506751,10939,2024,2024-06-01,2.0,0.05,135.89,258.19
506752,10780,2017,2024-08-11,1.0,0.0,68.24,68.24
506753,10011,2018,2024-07-15,1.0,0.05,132.04,125.44
506754,10582,2002,2025-08-23,1.0,0.0,16.22,16.22
506755,10256,2012,2024-10-26,3.0,0.1,93.71,253.02
506756,10396,2016,2025-06-13,2.0,0.0,76.81,153.62
506757,10731,2004,2025-05-03,2.0,0.0,83.99,167.98
506758,10809,2025,2024-07-30,1.0,0.15,145.48,123.66
506759,10409,2002,2024-08-20,2.0,0.0,16.22,32.44
506760,10362,2028,2025-11-26,2.0,0.0,86.01,172.02
506761,10259,2014,2025-11-05,3.0,0.0,65.22,195.66
506762,10003,2011,2025-01-02,1.0,0.15,132.17,112.34
506763,10084,2013,2025-04-26,3.0,0.0,111.92,335.76
506764,10156,2028,2025-08-05,1.0,0.0,86.01,86.01
506765,10663,2025,2025-07-26,2.0,0.0,145.48,290.96
506766,10176,2007,2024-06-28,3.0,0.15,92.1,234.85
506767,10707,2010,2025-04-29,1.0,0.0,91.83,91.83
506768,10938,2024,2025-08-12,2.0,0.0,135.89,271.78
506769,10472,2001,2025-05-10,3.0,0.05,50.2,143.07
506770,10619,2029,2025-07-01,1.0,0.0,107.84,107.84
506771,10424,2021,2024-01-17,2.0,0.1,144.34,259.81
506772,10134,2025,2025-04-11,1.0,0.15,145.48,123.66
506773,10788,2028,2025-02-06,3.0,,86.01,258.03
506774,10907,2004,2024-10-21,2.0,0.15,83.99,142.78
506775,10864,2018,2024-06-20,2.0,0.0,132.04,264.08
506776,10380,2006,2024-02-02,1.0,0.0,145.53,145.53
506777,10667,2002,2024-09-20,1.0,0.15,16.22,13.79
506778,10277,2003,2024-08-03,1.0,0.0,102.51,102.51
506779,10236,2014,2025-07-12,1.0,0.0,65.22,65.22
506780,10752,2008,2024-07-08,1.0,0.15,131.55,111.82
506781,10882,2016,2025-08-06,1.0,0.0,76.81,76.81
506782,10013,2019,2025-08-23,2.0,0.15,47.93,81.48
506783,10342,2018,2024-09-18,1.0,0.05,132.04,125.44
506784,10035,2006,2024-07-01,2.0,0.05,145.53,276.51
506785,10559,2014,2025-05-20,1.0,0.0,65.22,65.22
506786,10214,2003,2024-12-08,2.0,0.0,102.51,205.02
506787,10412,2016,2024-01-23,1.0,0.05,76.81,72.97
506788,10405,2001,2024-03-15,1.0,0.0,50.2,50.2
506789,10494,2012,2025-08-25,2.0,0.0,93.71,187.42
506790,10658,2030,2024-06-15,2.0,0.0,51.91,103.82
506791,10159,2014,2024-08-22,2.0,0.05,65.22,123.92
506792,10956,2019,2025-01-10,1.0,0.1,47.93,43.14
506793,10637,2022,2025-03-09,2.0,0.1,48.42,87.16
506794,10110,2019,2025-10-03,1.0,0.1,47.93,43.14
506795,10549,2009,2024-11-30,1.0,0.1,33.82,30.44
506796,10789,2007,2025-08-30,1.0,0.1,92.1,82.89
506797,10526,2014,2025-06-24,1.0,0.1,65.22,58.7
506798,10985,2005,2024-02-05,2.0,0.1,75.13,135.23
506799,10347,2018,2025-03-20,1.0,0.05,132.04,125.44
506800,10744,2009,2024-08-19,2.0,0.1,33.82,60.88
506801,10828,2021,2024-11-14,2.0,0.15,144.34,245.38
506802,10636,2007,2024-12-09,2.0,0.15,92.1,156.57
506803,10279,2009,2025-03-06,1.0,0.1,33.82,30.44
506804,10479,2004,2025-09-29,3.0,0.0,83.99,251.97
506805,10111,2025,2025-04-11,1.0,0.05,145.48,138.21
506806,10636,2017,2024-03-20,1.0,0.15,68.24,58.0
506807,10925,2012,2025-07-27,2.0,0.0,93.71,187.42
506808,10431,2006,2025-03-25,1.0,0.0,145.53,145.53
506809,10542,2018,2025-12-30,2.0,0.1,132.04,237.67
506810,10115,2008,2024-10-09,3.0,0.0,131.55,394.65
506811,10090,2021,2025-11-06,1.0,0.1,144.34,129.91
506812,10212,2015,2024-02-27,2.0,0.1,27.47,49.45
506813,10550,2003,2024-07-10,1.0,,102.51,102.51
506814,10595,2002,2025-10-06,3.0,0.0,16.22,48.66
506815,10539,2024,2025-04-08,2.0,0.0,135.89,271.78
506816,10729,2023,2024-02-12,1.0,0.05,61.98,58.88
506817,10360,2009,2025-05-01,3.0,0.0,33.82,101.46
506818,10486,2008,2024-06-22,1.0,0.15,131.55,111.82
506819,10372,2027,2025-11-10,1.0,0.0,58.32,58.32
506820,10215,2004,2024-09-07,1.0,0.0,83.99,83.99
506821,10733,2002,2025-05-25,1.0,0.0,16.22,16.22
506822,10015,2014,2025-05-17,1.0,0.1,65.22,58.7
506823,10955,2029,2024-07-12,2.0,0.1,107.84,194.11
506824,10259,2002,2024-06-14,1.0,0.1,16.22,14.6
506825,10778,2002,2024-03-31,2.0,0.1,16.22,29.2
506826,10463,2030,2025-11-22,2.0,0.1,51.91,93.44
506827,10120,2027,2024-02-28,1.0,0.05,58.32,55.4
506828,10976,2028,2024-09-20,3.0,0.0,86.01,258.03
506829,10913,2022,2025-10-10,1.0,0.15,48.42,41.16
506830,10128,2007,2024-08-31,1.0,0.0,92.1,92.1
506831,10723,2012,2025-10-25,1.0,0.0,93.71,93.71
506832,10523,2006,2024-08-07,1.0,0.05,145.53,138.25
506833,10688,2018,2024-01-10,1.0,0.1,132.04,118.84
506834,10645,2004,2025-03-06,2.0,0.05,83.99,159.58
506835,10325,2019,2024-01-14,1.0,0.15,47.93,40.74
506836,10320,2027,2024-08-13,2.0,0.15,58.32,99.14
506837,10506,2013,2025-11-21,3.0,0.05,111.92,318.97
506838,10526,2020,2024-03-08,1.0,0.0,145.5,145.5
506839,10050,2021,2025-10-31,1.0,0.0,144.34,144.34
506840,10922,2023,2025-11-08,2.0,0.0,61.98,123.96
506841,10584,2030,2025-05-18,3.0,0.0,51.91,155.73
506842,10069,2025,2024-07-03,3.0,0.15,145.48,370.97
506843,10391,2027,2024-07-27,2.0,0.0,58.32,116.64
506844,10383,2002,2025-06-12,2.0,0.1,16.22,29.2
506845,10016,2008,2024-10-27,3.0,0.05,131.55,374.92
506846,10439,2019,2024-08-29,2.0,0.1,47.93,86.27
506847,10846,2009,2025-03-31,2.0,0.15,33.82,57.49
506848,10869,2026,2025-06-14,2.0,0.05,74.85,142.21
506849,10568,2028,2025-10-21,2.0,0.0,86.01,172.02
506850,10617,2004,2024-09-01,3.0,0.15,83.99,214.17
506851,10132,2016,2025-07-17,3.0,0.15,76.81,195.87
506852,10996,2019,2024-08-26,2.0,0.0,47.93,95.86
506853,10560,2010,2024-09-03,2.0,0.0,91.83,183.66
506854,10248,2006,2024-12-11,3.0,0.15,145.53,371.1
506855,10273,2016,2025-04-29,1.0,0.0,76.81,76.81
506856,10623,2010,2024-11-06,1.0,0.0,91.83,91.83
506857,10932,2013,2025-07-15,1.0,0.15,111.92,95.13
506858,10838,2009,2024-10-11,2.0,0.15,33.82,57.49
506859,10848,2007,2024-02-08,1.0,0.0,92.1,92.1
506860,10349,2004,2024-02-02,1.0,0.05,83.99,79.79
506861,10484,2019,2024-08-31,2.0,0.0,47.93,95.86
506862,10550,2026,2025-07-07,1.0,0.0,74.85,74.85
506863,10357,2004,2024-10-19,3.0,0.15,83.99,214.17
506864,10752,2019,2025-09-07,2.0,0.0,47.93,95.86
506865,10318,2028,2024-10-19,2.0,0.1,86.01,154.82
506866,10633,2019,2025-09-11,1.0,0.0,47.93,47.93
506867,10048,2012,2025-01-17,1.0,0.0,93.71,93.71
506868,10010,2030,2025-08-22,1.0,0.1,51.91,46.72
506869,10233,2013,2025-08-01,3.0,0.15,111.92,285.4
506870,10036,2025,2024-05-18,1.0,0.0,145.48,145.48
506871,10413,2004,2024-07-19,2.0,0.0,83.99,167.98
506872,10462,2025,2024-12-01,2.0,0.15,145.48,247.32
506873,10004,2028,2025-08-28,2.0,0.0,86.01,172.02
506874,10044,2010,2025-03-23,1.0,0.0,91.83,91.83
506875,10568,2021,2024-12-14,1.0,0.0,144.34,144.34
506876,10554,2007,2024-10-05,1.0,0.15,92.1,78.28
506877,10255,2030,2025-06-16,1.0,0.0,51.91,51.91
506878,10740,2005,2025-02-03,3.0,0.0,75.13,225.39
506879,10114,2017,2025-01-26,3.0,0.15,68.24,174.01
506880,10749,2018,2025-08-25,2.0,0.15,132.04,224.47
506881,10397,2011,2025-07-16,2.0,0.15,132.17,224.69
506882,10174,2015,2024-01-11,2.0,0.15,27.47,46.7
506883,10255,2021,2025-08-14,1.0,0.0,144.34,144.34
506884,10466,2022,2025-07-03,3.0,0.15,48.42,123.47
506885,10929,2007,2024-02-29,1.0,0.1,92.1,82.89
506886,10277,2018,2024-03-29,1.0,0.15,132.04,112.23
506887,10464,2026,2025-04-04,2.0,0.0,74.85,149.7
506888,10847,2025,2024-04-14,1.0,0.1,145.48,130.93
506889,10502,2006,2024-04-14,1.0,0.05,145.53,138.25
506890,10441,2018,2024-09-11,1.0,0.0,132.04,132.04
506891,10069,2016,2024-12-01,1.0,0.0,76.81,76.81
506892,10509,2002,2025-04-08,1.0,0.1,16.22,14.6
506893,10326,2019,2025-07-03,1.0,0.0,47.93,47.93
506894,10742,2001,2024-10-28,3.0,0.0,50.2,150.6
506895,10067,2025,2025-10-16,2.0,0.15,145.48,247.32
506896,10304,2030,2025-07-09,1.0,0.0,51.91,51.91
506897,10972,2026,2025-09-20,1.0,0.0,74.85,74.85
506898,10484,2011,2024-12-07,2.0,0.0,132.17,264.34
506899,10929,2020,2025-05-07,2.0,0.15,145.5,247.35
506900,10548,2005,2024-03-25,2.0,0.0,75.13,150.26
506901,10417,2016,2024-09-16,2.0,0.15,76.81,130.58
506902,10159,2023,2024-12-26,3.0,0.15,61.98,158.05
506903,10149,2001,2024-03-28,2.0,0.0,50.2,100.4
506904,10027,2019,2025-03-04,1.0,0.0,47.93,47.93
506905,10987,2014,2025-01-02,3.0,0.05,65.22,185.88
506906,10584,2003,2024-12-09,1.0,0.15,102.51,87.13
506907,10248,2002,2024-12-13,2.0,0.0,16.22,32.44
506908,10101,2024,2024-04-06,2.0,0.0,135.89,271.78
506909,10702,2005,2024-09-12,1.0,0.0,75.13,75.13
506910,10096,2017,2024-05-16,2.0,0.1,68.24,122.83
506911,10384,2028,2024-09-05,2.0,0.15,86.01,146.22
506912,10282,2018,2025-05-14,2.0,0.15,132.04,224.47
506913,10322,2001,2025-05-01,2.0,0.0,50.2,100.4
506914,10396,2015,2025-02-06,1.0,0.1,27.47,24.72
506915,10278,2022,2025-08-27,3.0,0.0,48.42,145.26
506916,10529,2009,2025-02-16,2.0,0.0,33.82,67.64
506917,10263,2027,2025-03-24,2.0,0.15,58.32,99.14
506918,10619,2023,2024-09-04,2.0,0.0,61.98,123.96
506919,10580,2005,2025-11-30,3.0,0.15,75.13,191.58
506920,10640,2028,2025-02-25,1.0,0.0,86.01,86.01
506921,10293,2013,2024-05-04,2.0,0.15,111.92,190.26
506922,10294,2019,2024-09-17,2.0,0.1,47.93,86.27
506923,10608,2028,2024-06-18,2.0,0.15,86.01,146.22
506924,10395,2028,2024-04-21,3.0,0.0,86.01,258.03
506925,10513,2024,2024-10-17,1.0,0.05,135.89,129.1
506926,10921,2010,2025-08-22,2.0,0.0,91.83,183.66
506927,10810,2020,2024-01-14,3.0,0.0,145.5,436.5
506928,10180,2025,2024-09-20,3.0,0.0,145.48,436.44
506929,10920,2021,2024-01-24,1.0,0.0,144.34,144.34
506930,10693,2014,2024-07-19,3.0,0.1,65.22,176.09
506931,10235,2022,2024-08-30,2.0,0.15,48.42,82.31
506932,10952,2021,2024-08-27,1.0,0.1,144.34,129.91
506933,10831,2026,2024-10-30,1.0,0.1,74.85,67.36
506934,10337,2012,2024-06-14,1.0,0.05,93.71,89.02
506935,10008,2011,2024-06-25,1.0,0.05,132.17,125.56
506936,10443,2023,2024-01-30,1.0,0.15,61.98,52.68
506937,10941,2007,2025-11-08,1.0,0.15,92.1,78.28
506938,10539,2017,2025-06-19,2.0,0.0,68.24,136.48
506939,10820,2018,2024-10-21,2.0,0.1,132.04,237.67
506940,10658,2007,2025-04-22,1.0,0.05,92.1,87.49
506941,10091,2024,2025-01-18,1.0,0.0,135.89,135.89
506942,10854,2020,2025-07-10,1.0,0.0,145.5,145.5
506943,10272,2006,2025-11-23,1.0,0.0,145.53,145.53
506944,10834,2011,2024-10-23,3.0,0.1,132.17,356.86
506945,10005,2012,2025-10-13,2.0,0.0,93.71,187.42
506946,10594,2026,2024-11-30,2.0,0.15,74.85,127.24
506947,10899,2016,2024-09-05,2.0,0.0,76.81,153.62
506948,10219,2019,2024-08-29,3.0,0.0,47.93,143.79
506949,10118,2023,2024-04-16,1.0,0.15,61.98,52.68
506950,10593,2027,2025-11-16,1.0,0.0,58.32,58.32
506951,10976,2019,2025-07-15,1.0,0.05,47.93,45.53
506952,10582,2011,2024-05-03,2.0,0.05,132.17,251.12
506953,10115,2016,2024-02-05,1.0,0.0,76.81,76.81
506954,10263,2023,2025-09-10,3.0,0.0,61.98,185.94
506955,10306,2028,2025-02-20,2.0,0.05,86.01,163.42
506956,10654,2027,2025-12-09,3.0,0.0,58.32,174.96
506957,10422,2012,2025-09-13,1.0,0.0,93.71,93.71
506958,11000,2027,2025-09-29,3.0,0.0,58.32,174.96
506959,10207,2008,2024-11-23,2.0,0.0,131.55,263.1
506960,10623,2003,2024-10-22,1.0,0.0,102.51,102.51
506961,10303,2002,2025-03-08,1.0,0.0,16.22,16.22
506962,10112,2028,2024-12-13,2.0,0.15,86.01,146.22
506963,10417,2006,2024-02-07,3.0,0.05,145.53,414.76
506964,10555,2016,2025-12-01,2.0,0.05,76.81,145.94
506965,10859,2020,2025-05-27,1.0,0.05,145.5,138.22
506966,10285,2024,2025-06-19,1.0,0.0,135.89,135.89
506967,10640,2029,2025-12-07,1.0,0.05,107.84,102.45
506968,10185,2015,2025-10-26,1.0,0.0,27.47,27.47
506969,10741,2014,2024-01-19,1.0,0.15,65.22,55.44
506970,10901,2002,2024-01-28,2.0,0.05,16.22,30.82
506971,10221,2020,2025-06-20,1.0,0.15,145.5,123.68
506972,10864,2018,2024-01-30,2.0,0.15,132.04,224.47
506973,10444,2014,2025-10-13,1.0,0.0,65.22,65.22
506974,10117,2018,2025-10-20,2.0,0.0,132.04,264.08
506975,10070,2002,2025-09-27,2.0,0.15,16.22,27.57
506976,10898,2001,2025-10-02,2.0,0.0,50.2,100.4
506977,10070,2020,2024-04-27,1.0,0.0,145.5,145.5
506978,10622,2002,2024-05-12,1.0,0.1,16.22,14.6
506979,10427,2009,2024-10-16,1.0,0.15,33.82,28.75
506980,10644,2009,2025-12-19,3.0,0.15,33.82,86.24
506981,10568,2016,2024-08-24,1.0,0.0,76.81,76.81
506982,10989,2011,2024-02-12,1.0,0.05,132.17,125.56
506983,10443,2027,2024-06-09,1.0,0.0,58.32,58.32
506984,10601,2023,2025-11-22,3.0,0.1,61.98,167.35
506985,10137,2006,2024-05-05,1.0,0.0,145.53,145.53
506986,10504,2012,2024-09-17,1.0,0.05,93.71,89.02
506987,10131,2003,2024-10-03,2.0,0.0,102.51,205.02
506988,10218,2030,2024-08-01,1.0,0.1,51.91,46.72
506989,10688,2012,2025-04-18,1.0,0.0,93.71,93.71
506990,10171,2030,2025-12-03,2.0,0.0,51.91,103.82
506991,10475,2023,2025-07-24,1.0,0.0,61.98,61.98
506992,10612,2001,2025-03-07,1.0,0.05,50.2,47.69
506993,10992,2009,2025-12-16,3.0,0.1,33.82,91.31
506994,10129,2020,2024-03-21,2.0,0.1,145.5,261.9
506995,10057,2022,2024-08-16,3.0,0.1,48.42,130.73
506996,10181,2006,2024-04-05,1.0,0.1,145.53,130.98
506997,10246,2011,2025-02-28,1.0,0.1,132.17,118.95
506998,10144,2003,2025-05-31,1.0,0.0,102.51,102.51
506999,10051,2004,2024-06-14,1.0,0.0,83.99,83.99
507000,10368,2029,2025-03-02,,0.15,107.84,274.99
507001,10459,2027,2024-02-12,3.0,0.1,58.32,157.46
507002,10218,2010,2025-02-07,2.0,0.15,91.83,156.11
507003,10616,2019,2025-12-25,1.0,0.0,47.93,47.93
507004,10895,2029,2025-02-20,2.0,0.15,107.84,183.33
507005,10567,2006,2024-10-27,1.0,0.15,145.53,123.7
507006,10257,2001,2024-02-25,1.0,0.0,50.2,50.2
507007,10858,2008,2024-12-02,3.0,0.15,131.55,335.45
507008,10156,2008,2025-03-06,1.0,0.05,131.55,124.97
507009,10565,2025,2025-11-16,2.0,0.05,145.48,276.41
507010,10442,2006,2024-11-30,1.0,0.1,145.53,130.98
507011,10841,2017,2025-02-10,1.0,0.0,68.24,68.24
507012,10956,2019,2024-01-31,1.0,0.0,47.93,47.93
507013,10699,2001,2025-06-19,1.0,0.0,50.2,50.2
507014,10876,2015,2025-06-01,1.0,0.0,27.47,27.47
507015,10662,2013,2025-07-29,1.0,0.15,111.92,95.13
507016,10776,2021,2024-08-09,1.0,0.05,144.34,137.12
507017,10762,2003,2025-08-17,1.0,0.1,102.51,92.26
507018,10945,2030,2025-05-09,3.0,0.0,51.91,155.73
507019,10810,2002,2024-09-10,3.0,0.15,16.22,41.36
507020,10923,2003,2025-07-18,1.0,0.05,102.51,97.38
507021,10935,2009,2024-11-17,1.0,0.05,33.82,32.13
507022,10723,2027,2024-02-09,1.0,0.0,58.32,58.32
507023,10025,2016,2025-04-10,3.0,0.15,76.81,195.87
507024,10806,2024,2025-02-15,1.0,0.0,135.89,135.89
507025,10853,2013,2025-02-16,1.0,0.0,111.92,111.92
507026,10664,2019,2025-05-07,1.0,0.0,47.93,47.93
507027,10536,2027,2025-03-14,1.0,0.0,58.32,58.32
507028,10764,2018,2025-04-24,1.0,0.1,132.04,118.84
507029,10060,2021,2024-03-13,1.0,0.0,144.34,144.34
507030,10467,2012,2025-08-05,1.0,0.1,93.71,84.34
507031,10434,2028,2024-08-08,1.0,0.0,86.01,86.01
507032,10879,2029,2024-01-05,1.0,0.15,107.84,91.66
507033,10066,2012,2024-10-17,2.0,0.0,93.71,187.42
507034,10910,2001,2025-01-15,1.0,0.05,50.2,47.69
507035,10565,2020,2024-12-21,1.0,0.15,145.5,123.68
507036,10928,2008,2024-03-21,3.0,0.0,131.55,394.65
507037,10106,2017,2024-03-07,1.0,0.0,68.24,68.24
507038,10096,2021,2024-05-16,2.0,0.0,144.34,288.68
507039,10988,2028,2025-02-03,1.0,0.05,86.01,81.71
507040,10688,2020,2025-12-04,1.0,0.1,145.5,130.95
507041,10551,2022,2024-12-13,1.0,0.0,48.42,48.42
507042,10168,2007,2024-02-29,1.0,0.15,92.1,78.28
507043,10042,2009,2025-06-03,1.0,0.15,33.82,28.75
507044,10879,2017,2025-12-15,1.0,0.0,68.24,68.24
507045,10104,2027,2024-08-25,2.0,0.0,58.32,116.64
507046,10845,2010,2024-03-20,2.0,0.1,91.83,165.29
507047,10204,2004,2025-07-12,1.0,0.15,83.99,71.39
507048,10520,2022,2025-11-03,1.0,0.0,48.42,48.42
507049,10975,2026,2024-04-25,3.0,0.0,74.85,224.55
507050,10282,2007,2025-04-07,1.0,0.0,92.1,92.1
507051,10908,2007,2025-09-18,1.0,0.0,92.1,92.1
507052,10043,2008,2024-05-06,1.0,0.0,131.55,131.55
507053,10947,2030,2025-08-25,3.0,0.05,51.91,147.94
507054,10110,2026,2025-07-27,1.0,0.0,74.85,74.85
507055,10987,2024,2025-05-15,1.0,0.0,135.89,135.89
507056,10210,2024,2024-04-12,2.0,0.0,135.89,271.78
507057,10749,2008,2025-09-18,2.0,0.05,131.55,249.95
507058,10868,2016,2024-06-23,1.0,0.0,76.81,76.81
507059,10831,2012,2025-03-28,1.0,0.05,93.71,89.02
507060,10049,2015,2024-04-02,3.0,0.0,27.47,82.41
507061,10115,2008,2025-11-26,3.0,0.0,131.55,394.65
507062,10155,2022,2025-01-20,1.0,0.0,48.42,48.42
507063,10649,2009,2024-07-24,2.0,0.0,33.82,67.64
507064,10503,2003,2024-12-29,1.0,0.0,102.51,102.51
507065,10679,2022,2025-12-08,3.0,0.1,48.42,130.73
507066,10833,2021,2025-05-13,3.0,0.15,144.34,368.07
507067,10711,2016,2025-06-21,2.0,0.15,76.81,130.58
507068,10986,2015,2024-08-22,1.0,0.0,27.47,27.47
507069,10071,2024,2024-01-17,2.0,0.15,135.89,231.01
507070,10519,2004,2024-05-21,1.0,0.1,83.99,75.59
507071,10712,2020,2025-09-12,3.0,0.0,145.5,436.5
507072,10336,2029,2025-02-24,1.0,0.1,107.84,97.06
507073,10067,2016,2025-04-01,1.0,0.0,76.81,76.81
507074,10493,2010,2024-10-27,3.0,0.15,91.83,234.17
507075,10650,2011,2024-12-05,3.0,0.0,132.17,396.51
507076,10754,2026,2024-10-30,1.0,0.0,74.85,74.85
507077,10967,2029,2025-08-15,1.0,0.05,107.84,102.45
507078,10213,2005,2024-03-17,1.0,0.05,75.13,71.37
507079,10181,2011,2025-09-16,1.0,0.0,132.17,132.17
507080,10766,2029,2024-11-12,2.0,0.0,107.84,215.68
507081,10613,2013,2025-05-15,2.0,0.0,111.92,223.84
507082,10863,2015,2024-03-16,1.0,0.05,27.47,26.1
507083,10599,2006,2025-12-27,1.0,0.0,145.53,145.53
507084,10697,2016,2025-01-01,1.0,0.0,76.81,76.81
507085,10603,2015,2025-06-30,2.0,0.0,27.47,54.94
507086,10248,2011,2025-10-15,2.0,0.0,132.17,264.34
507087,10214,2020,2025-11-09,1.0,0.0,145.5,145.5
507088,10359,2002,2025-01-31,1.0,0.1,16.22,14.6
507089,10249,2028,2024-08-19,2.0,0.1,86.01,154.82
507090,10638,2028,2024-01-29,2.0,0.0,86.01,172.02
507091,10923,2030,2025-04-20,1.0,0.05,51.91,49.31
507092,10950,2002,2024-10-22,2.0,0.05,16.22,30.82
507093,10881,2012,2025-03-03,1.0,0.0,93.71,93.71
507094,10516,2016,2024-04-01,3.0,0.15,76.81,195.87
507095,10088,2019,2024-04-25,2.0,0.1,47.93,86.27
507096,10663,2002,2024-06-08,3.0,0.1,16.22,43.79
507097,10176,2017,2024-09-15,1.0,0.0,68.24,68.24
507098,10723,2014,2025-01-08,1.0,0.15,65.22,55.44
507099,10426,2024,2024-03-31,3.0,0.0,135.89,407.67
507100,10771,2028,2024-10-25,1.0,0.05,86.01,81.71
507101,10603,2016,2024-02-01,1.0,0.05,76.81,72.97
507102,10771,2005,2024-12-24,3.0,0.15,75.13,191.58
507103,10924,2010,2025-04-15,1.0,0.15,91.83,78.06
507104,10703,2017,2024-05-08,1.0,0.05,68.24,64.83
507105,10081,2013,2024-09-27,2.0,0.0,111.92,223.84
507106,10927,2016,2025-05-13,2.0,0.1,76.81,138.26
507107,10138,2009,2025-02-17,2.0,0.1,33.82,60.88
507108,10433,2024,2024-07-28,1.0,0.0,135.89,135.89
507109,10470,2004,2025-11-21,2.0,0.1,83.99,151.18
507110,10350,2024,2024-11-02,1.0,0.0,135.89,135.89
507111,10126,2029,2024-07-10,2.0,0.15,107.84,183.33
507112,10881,2028,2024-12-23,1.0,0.15,86.01,73.11
507113,10917,2029,2025-04-02,1.0,0.0,107.84,107.84
507114,10868,2026,2025-03-25,3.0,0.15,74.85,190.87
507115,10309,2016,2024-03-09,2.0,0.05,76.81,145.94
507116,10855,2023,2025-04-12,2.0,0.0,61.98,123.96
507117,10230,2027,2024-12-26,1.0,0.05,58.32,55.4
507118,10460,2011,2025-01-22,3.0,0.05,132.17,376.68
507119,10345,2007,2024-05-08,3.0,0.0,92.1,276.3
507120,10310,2017,2025-04-30,2.0,0.05,68.24,129.66
507121,10953,2022,2024-09-01,2.0,0.0,48.42,96.84
507122,10020,2013,2024-01-20,1.0,0.0,111.92,111.92
507123,10881,2004,2025-01-31,3.0,0.15,83.99,214.17
507124,10561,2014,2025-10-29,1.0,0.0,65.22,65.22
507125,10647,2010,2024-08-17,1.0,0.15,91.83,78.06
507126,10541,2010,2025-01-03,1.0,0.05,91.83,87.24
507127,10560,2010,2024-02-28,1.0,0.05,91.83,87.24
507128,10477,2027,2024-10-08,1.0,0.1,58.32,52.49
507129,10269,2012,2025-07-11,1.0,0.0,93.71,93.71
507130,10003,2002,2024-04-12,2.0,0.0,16.22,32.44
507131,10770,2026,2024-02-18,1.0,0.0,74.85,74.85
507132,10016,2023,2025-07-16,3.0,0.0,61.98,185.94
507133,10606,2009,2025-08-16,2.0,0.0,33.82,67.64
507134,10358,2029,2024-02-29,1.0,0.0,107.84,107.84
507135,10646,2005,2024-06-10,1.0,0.0,75.13,75.13
507136,10813,2008,2024-04-13,3.0,0.0,131.55,394.65
507137,10839,2021,2025-02-16,1.0,0.0,144.34,144.34
507138,10133,2014,2024-07-02,2.0,0.15,65.22,110.87
507139,10312,2007,2025-02-21,3.0,0.0,92.1,276.3
507140,10967,2007,2024-04-26,1.0,0.0,92.1,92.1
507141,10482,2009,2025-02-03,2.0,0.05,33.82,64.26
507142,10895,2003,2025-11-07,3.0,0.1,102.51,276.78
507143,10544,2014,2025-10-17,1.0,0.1,65.22,58.7
507144,10305,2017,2025-03-13,1.0,0.15,68.24,58.0
507145,10269,2018,2024-11-14,2.0,0.0,132.04,264.08
507146,10414,2012,2025-08-29,3.0,0.1,93.71,253.02
507147,10025,2022,2024-09-07,1.0,0.15,48.42,41.16
507148,10981,2014,2025-03-23,1.0,0.15,65.22,55.44
507149,10316,2026,2025-05-12,1.0,0.1,74.85,67.36
507150,10571,2026,2024-12-09,1.0,0.1,74.85,67.36
507151,10725,2028,2025-03-03,3.0,0.15,86.01,219.33
507152,10668,2013,2024-08-28,2.0,0.15,111.92,190.26
507153,10826,2014,2024-02-29,2.0,0.05,65.22,123.92
507154,10276,2009,2025-06-11,1.0,0.1,33.82,30.44
507155,10930,2019,2024-07-22,1.0,0.0,47.93,47.93
507156,10389,2026,2025-04-11,3.0,0.15,74.85,190.87
507157,10722,2002,2024-10-23,1.0,0.0,16.22,16.22
507158,10444,2011,2024-10-14,1.0,0.0,132.17,132.17
507159,10999,2017,2024-03-14,2.0,0.15,68.24,116.01
507160,10427,2002,2025-12-27,1.0,0.0,16.22,16.22
507161,10057,2019,2025-06-07,2.0,0.05,47.93,91.07
507162,10697,2007,2024-12-03,1.0,0.05,92.1,87.49
507163,10971,2018,2024-11-14,2.0,0.15,132.04,224.47
507164,10566,2013,2024-07-22,2.0,0.1,111.92,201.46
507165,10721,2005,2024-08-19,1.0,0.0,75.13,75.13
507166,10368,2018,2025-07-17,2.0,0.1,132.04,237.67
507167,10941,2023,2024-02-27,1.0,0.0,61.98,61.98
507168,10342,2026,2025-10-06,2.0,0.0,74.85,149.7
507169,10805,2024,2025-02-24,3.0,0.0,135.89,407.67
507170,10852,2024,2024-10-07,2.0,0.0,135.89,271.78
507171,10304,2029,2024-11-01,1.0,0.15,107.84,91.66
507172,10764,2016,2025-04-11,2.0,0.0,76.81,153.62
507173,10374,2015,2024-06-23,2.0,0.05,27.47,52.19
507174,10950,2008,2024-09-23,1.0,0.05,131.55,124.97
507175,10816,2026,2024-09-04,1.0,0.15,74.85,63.62
507176,10112,2015,2024-03-19,3.0,0.0,27.47,82.41
507177,10878,2025,2025-10-09,1.0,0.0,145.48,145.48
507178,10006,2001,2025-10-14,2.0,0.0,50.2,100.4
507179,10930,2028,2024-09-10,2.0,0.1,86.01,154.82
507180,10703,2017,2025-04-20,2.0,0.0,68.24,136.48
507181,10846,2030,2024-06-25,1.0,0.15,51.91,44.12
507182,10944,2015,2025-02-25,3.0,0.0,27.47,82.41
507183,10279,2014,2025-07-26,1.0,0.15,65.22,55.44
507184,10382,2014,2025-04-06,2.0,0.0,65.22,130.44
507185,10852,2010,2024-09-11,3.0,0.0,91.83,275.49
507186,10013,2002,2025-06-04,2.0,0.0,16.22,32.44
507187,10303,2027,2024-04-17,3.0,0.1,58.32,157.46
507188,10556,2006,2024-06-20,1.0,0.15,145.53,123.7
507189,10617,2030,2024-02-28,1.0,0.15,51.91,44.12
507190,10160,2017,2024-12-03,1.0,0.1,68.24,61.42
507191,10154,2005,2024-12-08,1.0,0.0,75.13,75.13
507192,10754,2005,2024-10-17,3.0,0.05,75.13,214.12
507193,10181,2015,2024-03-25,2.0,0.1,27.47,49.45
507194,10526,2015,2024-04-27,1.0,0.0,27.47,27.47
507195,10180,2020,2025-12-13,3.0,0.0,145.5,436.5
507196,10377,2011,2025-06-18,2.0,0.15,132.17,224.69
507197,10804,2005,2024-08-07,1.0,0.15,75.13,63.86
507198,10776,2028,2024-04-12,3.0,0.0,86.01,258.03
507199,10168,2001,2025-10-19,3.0,0.0,50.2,150.6
507200,10214,2011,2025-04-01,1.0,0.05,132.17,125.56
507201,10150,2011,2025-10-21,3.0,0.15,132.17,337.03
507202,10016,2006,2025-06-10,1.0,0.0,145.53,145.53
507203,10091,2023,2024-09-23,2.0,0.15,61.98,105.37
507204,10120,2008,2024-10-14,2.0,0.15,131.55,223.64
507205,10956,2002,2024-05-21,1.0,0.0,16.22,16.22
507206,10253,2015,2025-02-10,1.0,0.05,27.47,26.1
507207,10060,2023,2024-10-20,1.0,0.0,61.98,61.98
507208,10266,2022,2024-02-01,1.0,0.0,48.42,48.42
507209,10409,2009,2024-06-20,2.0,0.0,33.82,67.64
507210,10031,2015,2024-12-21,1.0,0.0,27.47,27.47
507211,10021,2008,2024-07-24,2.0,0.1,131.55,236.79
507212,10731,2030,2025-04-23,2.0,0.0,51.91,103.82
507213,10593,2016,2024-10-18,1.0,0.15,76.81,65.29
507214,10289,2027,2024-04-21,3.0,0.0,58.32,174.96
507215,10543,2014,2024-03-09,1.0,0.15,65.22,55.44
507216,10498,2015,2025-11-26,1.0,0.05,27.47,26.1
507217,10746,2020,2025-01-08,3.0,0.15,145.5,371.02
507218,10474,2030,2024-07-15,2.0,0.15,51.91,88.25
507219,10405,2013,2024-05-06,1.0,0.15,111.92,95.13
507220,10548,2009,2025-11-18,1.0,0.05,33.82,32.13
507221,10961,2001,2024-09-19,3.0,0.0,50.2,150.6
507222,10132,2027,2024-06-04,2.0,0.0,58.32,116.64
507223,10324,2006,2025-08-04,2.0,0.0,145.53,291.06
507224,10858,2008,2024-04-18,1.0,0.1,131.55,118.4
507225,10132,2027,2025-02-27,2.0,0.0,58.32,116.64
507226,10521,2027,2024-02-05,1.0,0.0,58.32,58.32
507227,10030,2020,2024-02-14,1.0,0.05,145.5,138.22
507228,10627,2018,2025-10-17,1.0,0.0,132.04,132.04
507229,10301,2027,2025-12-24,2.0,0.0,58.32,116.64
507230,10004,2018,2025-02-20,1.0,0.15,132.04,112.23
507231,10325,2026,2024-10-12,1.0,0.15,74.85,63.62
507232,10509,2017,2025-03-23,2.0,0.0,68.24,136.48
507233,10237,2021,2025-06-02,3.0,0.15,144.34,368.07
507234,10535,2016,2025-12-31,2.0,0.0,76.81,153.62
507235,10016,2013,2024-01-28,3.0,0.0,111.92,335.76
507236,10534,2022,2024-08-15,2.0,0.0,48.42,96.84
507237,10997,2004,2025-03-01,1.0,0.1,83.99,75.59
507238,10584,2004,2025-07-22,1.0,0.0,83.99,83.99
507239,10816,2021,2025-01-03,2.0,0.0,144.34,288.68
507240,10446,2014,2024-11-06,2.0,0.0,65.22,130.44
507241,10993,2005,2024-04-15,1.0,0.15,75.13,63.86
507242,10503,2016,2024-01-19,1.0,0.15,76.81,65.29
507243,10956,2014,2024-07-24,2.0,0.0,65.22,130.44
507244,10230,2030,2024-02-13,2.0,0.0,51.91,103.82
507245,10107,2014,2024-03-30,2.0,0.1,65.22,117.4
507246,10720,2014,2025-08-09,3.0,0.1,65.22,176.09
507247,10389,2025,2024-06-06,2.0,0.1,145.48,261.86
507248,10720,2024,2024-09-23,1.0,0.1,135.89,122.3
507249,10263,2025,2024-05-14,3.0,0.15,145.48,370.97
507250,10563,2029,2025-04-09,2.0,0.15,107.84,183.33
507251,10065,2014,2025-08-24,1.0,0.15,65.22,55.44
507252,10265,2019,2024-05-12,1.0,0.0,47.93,47.93
507253,10338,2030,2024-02-04,1.0,0.1,51.91,46.72
507254,10301,2003,2024-03-24,1.0,0.05,102.51,97.38
507255,10378,2017,2024-05-12,2.0,0.15,68.24,116.01
507256,10175,2014,2025-03-04,3.0,0.1,65.22,176.09
507257,10963,2010,2024-07-23,1.0,0.0,91.83,91.83
507258,10152,2013,2024-12-02,3.0,0.0,111.92,335.76
507259,10476,2022,2025-05-12,2.0,0.15,48.42,82.31
507260,10266,2004,2025-03-18,2.0,0.15,83.99,142.78
507261,10329,2011,2024-09-15,1.0,0.0,132.17,132.17
507262,10973,2015,2024-10-19,2.0,0.0,27.47,54.94
507263,10816,2015,2024-05-05,2.0,0.0,27.47,54.94
507264,10163,2030,2025-10-25,2.0,0.15,51.91,88.25
507265,10438,2024,2024-06-24,2.0,0.0,135.89,271.78
507266,10343,2002,2025-05-07,2.0,0.05,16.22,30.82
507267,10367,2011,2024-03-21,1.0,0.15,132.17,112.34
507268,10465,2002,2025-09-11,1.0,0.1,16.22,14.6
507269,10750,2023,2024-11-01,2.0,0.0,61.98,123.96
507270,10199,2029,2025-05-25,2.0,0.0,107.84,215.68
507271,10500,2005,2024-12-10,1.0,0.0,75.13,75.13
507272,10016,2013,2025-07-24,1.0,0.1,111.92,100.73
507273,10821,2001,2024-04-01,1.0,0.0,50.2,50.2
507274,10296,2007,2025-10-09,2.0,0.1,92.1,165.78
507275,10868,2007,2024-06-18,2.0,0.0,92.1,184.2
507276,10511,2010,2024-11-30,1.0,0.0,91.83,91.83
507277,10788,2006,2025-09-26,1.0,0.0,145.53,145.53
507278,10984,2020,2024-08-24,2.0,0.15,145.5,247.35
507279,10239,2012,2025-02-03,2.0,0.0,93.71,187.42
507280,10581,2013,2025-08-11,1.0,0.0,111.92,111.92
507281,10301,2024,2025-04-22,3.0,0.15,135.89,346.52
507282,10006,2028,2025-06-19,1.0,0.0,86.01,86.01
507283,10220,2011,2025-08-08,2.0,0.15,132.17,224.69
507284,10766,2018,2024-03-29,2.0,0.15,132.04,224.47
507285,10453,2002,2025-09-07,2.0,0.0,16.22,32.44
507286,10433,2016,2025-08-29,3.0,0.15,76.81,195.87
507287,10807,2002,2024-09-10,2.0,0.0,16.22,32.44
507288,10870,2019,2024-12-24,1.0,0.0,47.93,47.93
507289,10386,2006,2024-02-28,2.0,0.0,145.53,291.06
507290,10619,2001,2025-02-03,1.0,0.1,50.2,45.18
507291,10295,2011,2025-06-05,2.0,0.1,132.17,237.91
507292,10118,2018,2025-06-09,1.0,0.1,132.04,118.84
507293,10405,2010,2025-02-21,2.0,0.0,91.83,183.66
507294,10680,2018,2025-01-28,2.0,0.1,132.04,237.67
507295,10997,2030,2025-10-05,1.0,0.0,51.91,51.91
507296,10763,2028,2024-08-10,1.0,0.0,86.01,86.01
507297,10594,2001,2024-11-25,2.0,0.1,50.2,90.36
507298,10566,2019,2025-01-07,3.0,0.15,47.93,122.22
507299,10752,2016,2025-05-26,2.0,0.1,76.81,138.26
507300,10878,2026,2024-06-02,1.0,0.0,74.85,74.85
507301,10012,2007,2025-04-25,2.0,0.15,92.1,156.57
507302,10209,2015,2025-08-06,1.0,0.15,27.47,23.35
507303,10165,2029,2024-01-21,1.0,0.15,107.84,91.66
507304,10878,2001,2025-08-16,3.0,0.15,50.2,128.01
507305,10294,2023,2024-08-16,3.0,0.05,61.98,176.64
507306,10911,2021,2024-12-12,3.0,0.05,144.34,411.37
507307,10519,2009,2024-01-20,1.0,0.15,33.82,28.75
507308,10078,2002,2025-03-20,3.0,0.15,16.22,41.36
507309,10434,2017,2025-11-08,2.0,0.15,68.24,116.01
507310,10577,2025,2025-01-03,1.0,0.0,145.48,145.48
507311,10614,2024,2025-09-11,1.0,0.1,135.89,122.3
507312,10963,2010,2025-12-27,1.0,0.0,91.83,91.83
507313,10869,2006,2024-05-27,2.0,0.15,145.53,247.4
507314,10812,2005,2025-11-24,1.0,0.1,75.13,67.62
507315,10799,2008,2025-05-19,1.0,0.0,131.55,131.55
507316,10683,2008,2025-03-06,1.0,0.0,131.55,131.55
507317,10077,2030,2025-03-16,1.0,0.15,51.91,44.12
507318,10048,2005,2024-07-17,1.0,0.0,75.13,75.13
507319,10767,2012,2024-10-14,1.0,0.0,93.71,93.71
507320,10082,2007,2025-07-19,3.0,0.0,92.1,276.3
507321,10895,2013,2025-01-04,2.0,0.0,111.92,223.84
507322,10721,2013,2024-08-28,1.0,0.0,111.92,111.92
507323,10209,2017,2024-10-14,3.0,0.0,68.24,204.72
507324,10445,2004,2025-12-01,1.0,0.15,83.99,71.39
507325,10971,2018,2025-01-30,1.0,0.15,132.04,112.23
507326,10596,2010,2025-06-02,2.0,0.1,91.83,165.29
507327,10522,2003,2025-07-15,1.0,0.0,102.51,102.51
507328,10029,2012,2025-12-13,1.0,0.05,93.71,89.02
507329,10304,2001,2024-03-01,1.0,0.0,50.2,50.2
507330,10994,2027,2025-06-29,3.0,0.15,58.32,148.72
507331,10465,2011,2024-10-30,1.0,0.0,132.17,132.17
507332,10502,2018,2024-09-01,2.0,0.0,132.04,264.08
507333,10446,2013,2025-11-15,1.0,0.1,111.92,100.73
507334,10628,2017,2024-07-26,1.0,0.1,68.24,61.42
507335,10490,2008,2025-01-10,1.0,0.0,131.55,131.55
507336,10781,2020,2024-10-10,2.0,0.1,145.5,261.9
507337,10428,2019,2025-04-23,1.0,0.15,47.93,40.74
507338,10559,2017,2024-01-23,1.0,0.1,68.24,61.42
507339,10359,2002,2025-07-13,2.0,0.0,16.22,32.44
507340,10960,2003,2024-12-15,1.0,0.05,102.51,97.38
507341,10091,2003,2025-05-04,3.0,0.05,102.51,292.15
507342,10053,2006,2025-11-01,1.0,0.0,145.53,145.53
507343,10730,2010,2024-09-15,2.0,0.1,91.83,165.29
507344,10860,2024,2025-10-17,2.0,0.1,135.89,244.6
507345,10589,2022,2024-02-17,1.0,0.05,48.42,46.0
507346,10204,2018,2024-01-28,2.0,0.0,132.04,264.08
507347,10556,2018,2024-01-28,1.0,0.1,132.04,118.84
507348,10156,2014,2025-02-01,1.0,0.0,65.22,65.22
507349,10002,2016,2024-05-25,1.0,0.15,76.81,65.29
507350,10357,2007,2025-08-10,1.0,0.0,92.1,92.1
507351,10825,2001,2025-11-30,3.0,0.15,50.2,128.01
507352,10569,2017,2025-06-06,1.0,0.1,68.24,61.42
507353,10802,2023,2024-05-01,1.0,0.1,61.98,55.78
507354,10983,2025,2025-04-07,2.0,0.1,145.48,261.86
507355,10058,2005,2025-11-08,3.0,0.05,75.13,214.12
507356,10254,2027,2025-01-17,3.0,0.05,58.32,166.21
507357,10180,2001,2025-11-04,2.0,0.1,50.2,90.36
507358,10493,2021,2025-02-22,1.0,0.1,144.34,129.91
507359,10669,2027,2024-11-23,1.0,0.0,58.32,58.32
507360,10035,2017,2025-01-26,1.0,0.0,68.24,68.24
507361,10075,2010,2024-10-24,1.0,0.0,91.83,91.83
507362,10944,2012,2025-09-22,2.0,0.0,93.71,187.42
507363,10289,2025,2024-03-25,2.0,0.05,145.48,276.41
507364,10371,2020,2024-05-26,1.0,0.0,145.5,145.5
507365,10587,2025,2024-06-20,3.0,0.0,145.48,436.44
507366,10329,2002,2024-11-30,3.0,0.0,16.22,48.66
507367,10590,2023,2025-02-28,2.0,0.0,61.98,123.96
507368,10767,2016,2024-11-05,1.0,0.0,76.81,76.81
507369,10777,2015,2025-06-10,3.0,0.15,27.47,70.05
507370,10999,2028,2025-10-23,1.0,0.0,86.01,86.01
507371,10304,2013,2025-07-23,1.0,0.0,111.92,111.92
507372,10579,2018,2024-12-13,1.0,0.15,132.04,112.23
507373,10221,2028,2024-10-29,1.0,0.0,86.01,86.01
507374,10979,2020,2024-12-13,1.0,0.15,145.5,123.68
507375,10164,2022,2025-02-12,1.0,0.15,48.42,41.16
507376,10480,2014,2024-05-13,1.0,0.0,65.22,65.22
507377,10455,2018,2025-11-13,2.0,0.0,132.04,264.08
507378,10375,2002,2025-09-06,3.0,0.0,16.22,48.66
507379,10220,2002,2024-04-16,2.0,0.0,16.22,32.44
507380,10684,2003,2024-06-20,3.0,0.0,102.51,307.53
507381,10254,2005,2025-10-02,1.0,0.0,75.13,75.13
507382,10722,2025,2024-09-07,1.0,0.0,145.48,145.48
507383,10188,2016,2025-06-28,1.0,0.0,76.81,76.81
507384,10191,2022,2025-12-29,1.0,0.0,48.42,48.42
507385,10389,2015,2024-09-19,1.0,0.0,27.47,27.47
507386,10215,2012,2025-05-09,2.0,0.0,93.71,187.42
507387,10375,2030,2024-09-01,1.0,0.1,51.91,46.72
507388,10086,2009,2025-03-27,3.0,0.0,33.82,101.46
507389,10474,2026,2024-10-17,3.0,0.0,74.85,224.55
507390,10618,2014,2024-09-20,1.0,0.15,65.22,55.44
507391,10844,2029,2024-11-10,3.0,0.15,107.84,274.99
507392,10808,2021,2024-03-26,2.0,0.0,144.34,288.68
507393,10531,2016,2025-02-19,1.0,0.05,76.81,72.97
507394,10047,2011,2024-11-25,3.0,0.15,132.17,337.03
507395,10065,2006,2024-02-15,2.0,0.1,145.53,261.95
507396,10963,2010,2024-11-29,3.0,0.0,91.83,275.49
507397,10475,2028,2025-04-10,1.0,0.15,86.01,73.11
507398,10146,2008,2024-07-19,2.0,0.15,131.55,223.64
507399,10946,2016,2024-07-20,2.0,0.0,76.81,153.62
507400,10798,2003,2024-11-25,2.0,0.0,102.51,205.02
507401,10382,2002,2025-11-11,2.0,0.15,16.22,27.57
507402,10066,2016,2024-08-28,2.0,0.15,76.81,130.58
507403,10517,2019,2025-12-03,3.0,0.0,47.93,143.79
507404,10093,2030,2025-08-06,1.0,0.0,51.91,51.91
507405,10865,2009,2025-10-19,3.0,0.0,33.82,101.46
507406,10426,2016,2024-12-25,3.0,0.0,76.81,230.43
507407,10468,2022,2025-12-22,3.0,0.0,48.42,145.26
507408,10094,2026,2024-12-26,1.0,0.05,74.85,71.11
507409,10618,2028,2025-01-13,2.0,0.0,86.01,172.02
507410,10133,2004,2025-01-20,1.0,0.0,83.99,83.99
507411,10434,2010,2025-12-21,1.0,0.0,91.83,91.83
507412,10341,2019,2025-04-10,1.0,0.15,47.93,40.74
507413,10314,2013,2024-08-10,2.0,0.1,111.92,201.46
507414,10591,2018,2025-11-06,1.0,0.0,132.04,132.04
507415,10212,2015,2024-12-31,2.0,0.0,27.47,54.94
507416,10520,2030,2024-03-13,1.0,0.1,51.91,46.72
507417,10159,2004,2024-08-28,3.0,0.0,83.99,251.97
507418,10268,2009,2025-05-19,1.0,0.05,33.82,32.13
507419,10661,2004,2025-02-18,1.0,0.0,83.99,83.99
507420,10862,2029,2024-05-07,1.0,0.0,107.84,107.84
507421,10958,2016,2025-05-02,1.0,0.1,76.81,69.13
507422,10603,2028,2025-08-20,1.0,0.1,86.01,77.41
507423,10748,2021,2025-06-11,3.0,0.1,144.34,389.72
507424,10474,2015,2024-09-05,1.0,0.0,27.47,27.47
507425,10801,2024,2025-04-27,1.0,0.0,135.89,135.89
507426,10410,2002,2024-11-08,1.0,0.0,16.22,16.22
507427,10474,2028,2025-03-20,2.0,0.0,86.01,172.02
507428,10356,2027,2024-10-10,1.0,0.0,58.32,58.32
507429,10680,2014,2024-01-03,2.0,0.0,65.22,130.44
507430,10193,2003,2024-03-15,1.0,0.0,102.51,102.51
507431,10699,2022,2024-03-05,1.0,0.0,48.42,48.42
507432,10271,2028,2024-12-13,2.0,0.1,86.01,154.82
507433,10114,2023,2024-11-20,3.0,0.0,61.98,185.94
507434,10897,2004,2024-08-27,2.0,0.0,83.99,167.98
507435,10523,2030,2025-02-01,2.0,0.05,51.91,98.63
507436,10055,2001,2024-12-03,1.0,0.0,50.2,50.2
507437,10770,2023,2024-12-07,1.0,0.15,61.98,52.68
507438,10065,2028,2024-10-06,1.0,0.15,86.01,73.11
507439,10991,2009,2024-12-19,1.0,0.15,33.82,28.75
507440,10684,2017,2025-04-08,1.0,0.1,68.24,61.42
507441,10272,2014,2025-04-07,2.0,0.15,65.22,110.87
507442,10502,2017,2025-12-14,2.0,0.0,68.24,136.48
507443,10662,2001,2024-10-20,1.0,0.05,50.2,47.69
507444,10362,2010,2025-02-11,1.0,0.05,91.83,87.24
507445,10146,2023,2024-06-11,1.0,0.0,61.98,61.98
507446,10943,2016,2025-05-18,3.0,0.15,76.81,195.87
507447,10209,2027,2025-03-24,1.0,0.0,58.32,58.32
507448,10286,2025,2025-11-26,3.0,0.0,145.48,436.44
507449,10010,2019,2025-03-31,3.0,0.0,47.93,143.79
507450,10739,2024,2024-09-22,3.0,0.05,135.89,387.29
507451,10186,2025,2024-05-12,1.0,0.0,145.48,145.48
507452,10574,2003,2024-04-30,2.0,0.15,102.51,174.27
507453,10597,2028,2024-08-07,1.0,0.15,86.01,73.11
507454,10464,2012,2025-02-21,1.0,0.0,93.71,93.71
507455,10134,2003,2025-11-03,1.0,0.1,102.51,92.26
507456,10835,2015,2025-05-20,3.0,0.0,27.47,82.41
507457,10809,2017,2024-10-27,1.0,0.0,68.24,68.24
507458,10171,2018,2024-04-19,2.0,0.0,132.04,264.08
507459,10213,2007,2024-08-26,3.0,0.05,92.1,262.48
507460,10973,2019,2024-10-20,1.0,0.1,47.93,43.14
507461,10530,2007,2025-08-02,2.0,0.0,92.1,184.2
507462,10826,2005,2024-07-06,1.0,0.1,75.13,67.62
507463,10502,2026,2024-02-06,1.0,0.15,74.85,63.62
507464,10572,2008,2025-07-15,3.0,0.0,131.55,394.65
507465,10600,2021,2024-09-13,1.0,0.05,144.34,137.12
507466,10027,2016,2025-03-11,1.0,0.15,76.81,65.29
507467,10068,2016,2025-09-11,2.0,0.1,76.81,138.26
507468,10790,2019,2024-01-09,1.0,0.0,47.93,47.93
507469,10408,2025,2024-06-27,2.0,0.1,145.48,261.86
507470,10552,2015,2024-08-30,3.0,0.15,27.47,70.05
507471,10109,2007,2024-02-11,2.0,0.05,92.1,174.99
507472,10074,2005,2024-12-23,1.0,0.05,75.13,71.37
507473,10578,2023,2024-04-23,2.0,0.05,61.98,117.76
507474,10680,2011,2024-06-15,1.0,0.0,132.17,132.17
507475,10262,2010,2025-05-19,3.0,0.1,91.83,247.94
507476,10368,2025,2024-03-19,2.0,0.0,145.48,290.96
507477,10786,2021,2025-12-20,1.0,0.0,144.34,144.34
507478,10849,2023,2024-07-15,3.0,0.0,61.98,185.94
507479,10870,2027,2025-02-06,1.0,0.05,58.32,55.4
507480,10237,2009,2024-03-05,3.0,0.15,33.82,86.24
507481,10727,2001,2025-10-14,2.0,0.0,50.2,100.4
507482,10366,2020,2025-03-01,1.0,0.05,145.5,138.22
507483,10286,2001,2024-02-12,2.0,0.0,50.2,100.4
507484,10378,2008,2025-01-08,1.0,0.1,131.55,118.4
507485,10661,2003,2024-11-02,1.0,0.0,102.51,102.51
507486,10830,2002,2024-07-28,2.0,0.05,16.22,30.82
507487,10906,2030,2025-04-12,1.0,0.0,51.91,51.91
507488,10376,2004,2024-10-31,3.0,0.0,83.99,251.97
507489,10619,2027,2025-08-08,1.0,0.0,58.32,58.32
507490,10653,2019,2025-01-27,1.0,0.1,47.93,43.14
507491,10076,2011,2024-06-02,1.0,0.15,132.17,112.34
507492,10009,2005,2025-10-09,3.0,0.05,75.13,214.12
507493,10196,2029,2024-12-28,3.0,0.0,107.84,323.52
507494,10807,2024,2024-09-21,2.0,0.1,135.89,244.6
507495,10792,2010,2024-08-04,1.0,0.0,91.83,91.83
507496,10893,2024,2025-12-22,2.0,0.1,135.89,244.6
507497,10630,2027,2025-12-17,2.0,0.0,58.32,116.64
507498,10290,2023,2025-09-14,1.0,0.1,61.98,55.78
507499,10999,2008,2025-06-27,2.0,0.05,131.55,249.95
507500,10061,2013,2025-06-08,1.0,0.0,111.92,111.92
507501,10937,2029,2025-10-01,2.0,0.0,107.84,215.68
507502,10389,2005,2024-07-13,2.0,0.0,75.13,150.26
507503,10847,2026,2025-10-14,2.0,0.15,74.85,127.24
507504,10818,2026,2024-01-28,1.0,0.05,74.85,71.11
507505,10900,2027,2024-02-16,3.0,0.0,58.32,174.96
507506,10563,2012,2025-10-09,2.0,0.15,93.71,159.31
507507,10564,2027,2024-02-28,1.0,0.15,58.32,49.57
507508,10634,2013,2024-01-14,2.0,0.15,111.92,190.26
507509,10679,2022,2025-09-04,2.0,0.0,48.42,96.84
507510,10008,2008,2024-02-19,2.0,0.0,131.55,263.1
507511,10369,2015,2024-04-04,2.0,0.1,27.47,49.45
507512,10045,2013,2025-08-30,1.0,0.1,111.92,100.73
507513,10344,2001,2025-10-19,2.0,0.15,50.2,85.34
507514,10757,2022,2025-08-07,2.0,0.0,48.42,96.84
507515,10796,2006,2025-03-27,3.0,0.0,145.53,436.59
507516,10375,2011,2025-01-14,2.0,0.0,132.17,264.34
507517,10619,2013,2024-01-11,1.0,0.0,111.92,111.92
507518,10027,2021,2025-11-05,1.0,0.0,144.34,144.34
507519,10193,2020,2025-12-27,1.0,0.0,145.5,145.5
507520,10930,2001,2025-05-31,2.0,0.05,50.2,95.38
507521,10849,2011,2024-08-12,1.0,0.0,132.17,132.17
507522,10357,2026,2025-01-16,1.0,0.0,74.85,74.85
507523,10062,2011,2025-06-25,2.0,0.05,132.17,251.12
507524,10062,2008,2024-10-29,1.0,0.1,131.55,118.4
507525,10422,2022,2024-07-22,1.0,0.0,48.42,48.42
507526,10794,2003,2025-08-12,1.0,0.0,102.51,102.51
507527,10633,2028,2025-07-25,1.0,0.15,86.01,73.11
507528,10792,2019,2024-07-15,1.0,0.1,47.93,43.14
507529,10551,2012,2024-11-18,1.0,0.1,93.71,84.34
507530,10380,2006,2025-02-22,2.0,0.05,145.53,276.51
507531,10277,2028,2025-09-11,1.0,0.0,86.01,86.01
507532,10606,2023,2024-12-08,2.0,0.15,61.98,105.37
507533,10431,2008,2025-01-24,2.0,0.0,131.55,263.1
507534,10115,2005,2024-01-10,2.0,0.05,75.13,142.75
507535,10688,2010,2025-06-16,1.0,0.1,91.83,82.65
507536,10121,2022,2024-05-29,3.0,0.0,48.42,145.26
507537,10525,2016,2025-01-18,3.0,0.1,76.81,207.39
507538,10997,2012,2025-06-13,1.0,0.05,93.71,89.02
507539,10899,2017,2024-01-13,2.0,0.1,68.24,122.83
507540,10416,2006,2025-04-21,2.0,0.15,145.53,247.4
507541,10163,2009,2025-08-17,2.0,0.1,33.82,60.88
507542,10787,2010,2025-08-02,2.0,0.1,91.83,165.29
507543,10910,2020,2025-10-07,1.0,0.1,145.5,130.95
507544,10688,2014,2024-02-23,2.0,0.0,65.22,130.44
507545,10982,2014,2025-03-12,3.0,0.0,65.22,195.66
507546,10337,2026,2024-07-25,1.0,0.0,74.85,74.85
507547,10379,2029,2024-02-24,1.0,0.0,107.84,107.84
507548,10324,2017,2025-08-03,1.0,0.0,68.24,68.24
507549,10173,2030,2025-05-05,1.0,0.0,51.91,51.91
507550,11000,2027,2024-12-10,1.0,0.0,58.32,58.32
507551,10787,2025,2024-06-18,1.0,0.1,145.48,130.93
507552,10064,2016,2024-06-10,2.0,0.1,76.81,138.26
507553,10101,2004,2025-06-11,1.0,0.15,83.99,71.39
507554,10322,2002,2025-12-04,1.0,0.0,16.22,16.22
507555,10975,2016,2025-06-11,3.0,0.1,76.81,207.39
507556,10066,2001,2024-10-14,1.0,0.1,50.2,45.18
507557,10843,2003,2025-02-16,2.0,0.0,102.51,205.02
507558,10557,2023,2025-06-06,3.0,0.0,61.98,185.94
507559,10599,2011,2025-07-23,2.0,0.0,132.17,264.34
507560,10458,2016,2024-07-18,3.0,0.0,76.81,230.43
507561,10579,2026,2024-06-10,1.0,0.0,74.85,74.85
507562,10453,2018,2025-01-24,3.0,0.0,132.04,396.12
507563,10259,2015,2025-04-19,1.0,0.05,27.47,26.1
507564,10934,2009,2025-01-16,3.0,0.0,33.82,101.46
507565,10717,2012,2025-09-23,1.0,0.0,93.71,93.71
507566,10426,2029,2025-08-15,2.0,0.0,107.84,215.68
507567,10979,2027,2024-05-04,3.0,0.05,58.32,166.21
507568,10936,2018,2024-03-13,2.0,0.15,132.04,224.47
507569,10178,2005,2024-06-17,3.0,0.05,75.13,214.12
507570,10931,2024,2024-10-11,1.0,0.0,135.89,135.89
507571,10280,2029,2025-05-09,1.0,0.05,107.84,102.45
507572,10344,2029,2024-02-06,2.0,0.0,107.84,215.68
507573,10017,2028,2024-06-24,2.0,0.1,86.01,154.82
507574,10296,2026,2024-07-18,1.0,0.0,74.85,74.85
507575,10202,2008,2024-04-26,1.0,0.15,131.55,111.82
507576,10962,2003,2024-11-11,2.0,0.0,102.51,205.02
507577,10684,2002,2024-08-08,3.0,0.15,16.22,41.36
507578,10919,2025,2025-08-01,1.0,0.0,145.48,145.48
507579,10774,2019,2024-05-14,2.0,0.15,47.93,81.48
507580,10194,2008,2025-09-23,3.0,0.05,131.55,374.92
507581,10149,2002,2024-05-02,2.0,0.0,16.22,32.44
507582,10375,2019,2025-02-25,1.0,0.0,47.93,47.93
507583,10888,2001,2025-05-07,2.0,0.1,50.2,90.36
507584,10035,2030,2025-08-22,2.0,,51.91,103.82
507585,10369,2027,2024-10-16,1.0,0.0,58.32,58.32
507586,10029,2022,2025-10-11,3.0,0.0,48.42,145.26
507587,10775,2013,2024-02-23,2.0,0.0,111.92,223.84
507588,10221,2023,2024-07-24,3.0,0.05,61.98,176.64
507589,10053,2020,2024-12-14,1.0,0.05,145.5,138.22
507590,10933,2017,2024-02-21,1.0,0.15,68.24,58.0
507591,10791,2003,2024-02-10,1.0,0.0,102.51,102.51
507592,10353,2009,2024-09-07,1.0,0.15,33.82,28.75
507593,10392,2005,2024-08-06,1.0,0.0,75.13,75.13
507594,10076,2006,2024-06-28,3.0,0.0,145.53,436.59
507595,10494,2004,2025-07-05,1.0,0.0,83.99,83.99
507596,10688,2017,2024-07-02,1.0,0.1,68.24,61.42
507597,10522,2030,2024-06-13,3.0,0.15,51.91,132.37
507598,10975,2021,2025-01-12,2.0,0.0,144.34,288.68
507599,10117,2021,2025-12-06,1.0,0.15,144.34,122.69
507600,10280,2021,2025-05-12,1.0,0.0,144.34,144.34
507601,10730,2016,2025-08-20,3.0,0.1,76.81,207.39
507602,10175,2016,2025-04-06,1.0,0.0,76.81,76.81
507603,10746,2022,2025-04-19,1.0,0.1,48.42,43.58
507604,10949,2011,2025-11-16,1.0,0.05,132.17,125.56
507605,10764,2002,2024-02-07,1.0,0.05,16.22,15.41
507606,10295,2017,2025-08-22,2.0,0.0,68.24,136.48
507607,10451,2015,2025-10-03,1.0,0.0,27.47,27.47
507608,10834,2018,2025-12-07,1.0,0.05,132.04,125.44
507609,10518,2029,2024-11-15,1.0,0.15,107.84,91.66
507610,10021,2010,2025-07-09,1.0,0.0,91.83,91.83
507611,10073,2006,2025-02-16,1.0,0.15,145.53,123.7
507612,10842,2021,2024-12-22,1.0,0.05,144.34,137.12
507613,10036,2016,2025-11-02,1.0,0.05,76.81,72.97
507614,10507,2005,2025-09-09,2.0,0.0,75.13,150.26
507615,10899,2012,2024-08-17,3.0,0.1,93.71,253.02
507616,10233,2028,2025-12-30,1.0,0.0,86.01,86.01
507617,10728,2006,2024-09-21,2.0,0.0,145.53,291.06
507618,10982,2014,2025-05-02,3.0,0.1,65.22,176.09
507619,10497,2026,2025-07-15,2.0,0.0,74.85,149.7
507620,10206,2023,2024-12-18,1.0,0.05,61.98,58.88
507621,10426,2016,2025-03-18,1.0,0.1,76.81,69.13
507622,10941,2025,2025-09-27,1.0,0.0,145.48,145.48
507623,10044,2007,2025-04-04,3.0,0.0,92.1,276.3
507624,10091,2002,2024-01-26,1.0,0.05,16.22,15.41
507625,10929,2006,2024-05-11,1.0,0.05,145.53,138.25
507626,10828,2009,2025-01-05,1.0,0.0,33.82,33.82
507627,10470,2007,2025-03-12,2.0,0.15,92.1,156.57
507628,10605,2002,2024-08-12,1.0,0.1,16.22,14.6
507629,10467,2019,2025-09-03,3.0,0.05,47.93,136.6
507630,10851,2008,2024-12-18,2.0,0.0,131.55,263.1
507631,10454,2011,2025-04-30,2.0,0.0,132.17,264.34
507632,10595,2025,2024-07-16,2.0,0.0,145.48,290.96
507633,10333,2004,2024-04-19,1.0,0.1,83.99,75.59
507634,10507,2016,2024-08-08,2.0,0.15,76.81,130.58
507635,10794,2025,2025-12-21,1.0,0.0,145.48,145.48
507636,10470,2018,2024-11-15,3.0,0.1,132.04,356.51
507637,10021,2013,2024-03-23,3.0,0.1,111.92,302.18
507638,10228,2027,2025-06-21,1.0,0.05,58.32,55.4
507639,10376,2005,2025-11-29,2.0,0.0,75.13,150.26
507640,10130,2027,2025-03-08,2.0,0.1,58.32,104.98
507641,10687,2002,2024-01-09,3.0,0.15,16.22,41.36
507642,10620,2011,2025-09-28,1.0,0.0,132.17,132.17
507643,10414,2001,2024-05-29,1.0,0.15,50.2,42.67
507644,10795,2013,2024-04-08,3.0,0.1,111.92,302.18
507645,10071,2030,2025-12-29,1.0,0.15,51.91,44.12
507646,10404,2005,2024-04-11,1.0,0.15,75.13,63.86
507647,10562,2018,2025-12-31,1.0,0.0,132.04,132.04
507648,10607,2014,2025-01-02,1.0,0.0,65.22,65.22
507649,10791,2013,2025-04-07,1.0,0.1,111.92,100.73
507650,10397,2007,2025-02-18,1.0,0.0,92.1,92.1
507651,10337,2008,2024-09-16,2.0,0.0,131.55,263.1
507652,10644,2018,2024-12-22,1.0,0.15,132.04,112.23
507653,10505,2007,2024-01-12,1.0,0.0,92.1,92.1
507654,10910,2020,2025-02-20,1.0,0.05,145.5,138.22
507655,10276,2017,2025-07-25,3.0,0.05,68.24,194.48
507656,10892,2016,2024-09-07,2.0,0.1,76.81,138.26
507657,10013,2011,2025-10-14,3.0,0.0,132.17,396.51
507658,10003,2019,2025-07-04,2.0,0.05,47.93,91.07
507659,10986,2027,2024-05-02,2.0,0.15,58.32,99.14
507660,10986,2028,2024-03-06,2.0,0.0,86.01,172.02
507661,10978,2001,2025-10-20,1.0,0.0,50.2,50.2
507662,10224,2021,2024-10-29,3.0,0.15,144.34,368.07
507663,10974,2029,2024-05-05,2.0,0.0,107.84,215.68
507664,10175,2008,2024-11-08,2.0,0.15,131.55,223.64
507665,10899,2001,2024-07-10,2.0,0.0,50.2,100.4
507666,10385,2030,2025-03-26,3.0,0.0,51.91,155.73
507667,10602,2009,2025-11-25,1.0,0.0,33.82,33.82
507668,10920,2019,2024-06-08,1.0,0.05,47.93,45.53
507669,10241,2021,2024-12-19,1.0,0.15,144.34,122.69
507670,10547,2009,2025-11-05,1.0,0.05,33.82,32.13
507671,10014,2021,2024-09-20,1.0,0.1,144.34,129.91
507672,10195,2025,2025-12-30,1.0,0.0,145.48,145.48
507673,10397,2010,2025-02-10,1.0,0.0,91.83,91.83
507674,10431,2024,2025-11-24,1.0,0.0,135.89,135.89
507675,10306,2023,2025-08-26,2.0,0.0,61.98,123.96
507676,10334,2011,2024-01-18,2.0,0.0,132.17,264.34
507677,10725,2001,2025-09-29,1.0,0.0,50.2,50.2
507678,10410,2020,2024-09-17,1.0,0.0,145.5,145.5
507679,10003,2025,2024-12-21,1.0,0.05,145.48,138.21
507680,10691,2026,2025-05-04,3.0,0.1,74.85,202.1
507681,10552,2008,2024-08-02,3.0,0.1,131.55,355.19
507682,10452,2020,2024-08-27,2.0,0.0,145.5,291.0
507683,10676,2012,2024-06-29,3.0,0.0,93.71,281.13
507684,10819,2001,2025-02-23,1.0,0.1,50.2,45.18
507685,10747,2010,2025-11-15,1.0,0.0,91.83,91.83
507686,10769,2004,2024-05-23,1.0,0.0,83.99,83.99
507687,10872,2015,2024-11-13,3.0,0.0,27.47,82.41
507688,10495,2019,2024-09-01,2.0,0.0,47.93,95.86
507689,10417,2006,2024-08-20,3.0,0.0,145.53,436.59
507690,10391,2027,2025-11-15,2.0,0.0,58.32,116.64
507691,10373,2005,2025-08-12,3.0,0.0,75.13,225.39
507692,10628,2005,2024-10-30,2.0,0.0,75.13,150.26
507693,10052,2018,2024-11-27,1.0,0.0,132.04,132.04
507694,10376,2028,2025-07-15,2.0,0.1,86.01,154.82
507695,10395,2003,2024-09-05,1.0,0.05,102.51,97.38
507696,10923,2027,2024-10-10,2.0,0.1,58.32,104.98
507697,10142,2022,2024-10-14,1.0,0.15,48.42,41.16
507698,10086,2002,2024-02-02,3.0,0.05,16.22,46.23
507699,10464,2004,2025-05-15,1.0,0.0,83.99,83.99
507700,10046,2018,2025-11-01,1.0,0.05,132.04,125.44
507701,10844,2009,2025-06-14,3.0,0.05,33.82,96.39
507702,10238,2019,2025-01-16,1.0,0.0,47.93,47.93
507703,10010,2026,2024-03-04,2.0,0.0,74.85,149.7
507704,10664,2010,2024-05-08,3.0,0.05,91.83,261.72
507705,10573,2022,2025-06-12,1.0,0.0,48.42,48.42
507706,10530,2015,2024-06-12,1.0,0.1,27.47,24.72
507707,10598,2001,2024-09-08,1.0,0.0,50.2,50.2
507708,10649,2029,2025-10-11,1.0,0.0,107.84,107.84
507709,10913,2011,2024-10-22,1.0,0.05,132.17,125.56
507710,10742,2014,2024-06-28,2.0,0.0,65.22,130.44
507711,10640,2010,2024-08-17,1.0,0.0,91.83,91.83
507712,10616,2019,2025-01-29,2.0,0.1,47.93,86.27
507713,10698,2024,2025-11-23,1.0,0.1,135.89,122.3
507714,10909,2021,2025-01-31,1.0,0.0,144.34,144.34
507715,10178,2016,2024-03-13,2.0,0.15,76.81,130.58
507716,10869,2008,2024-11-14,1.0,0.0,131.55,131.55
507717,10006,2002,2025-08-18,1.0,0.0,16.22,16.22
507718,10853,2023,2025-01-14,2.0,0.05,61.98,117.76
507719,10307,2025,2024-05-16,2.0,0.0,145.48,290.96
507720,10548,2007,2025-12-31,1.0,0.1,92.1,82.89
507721,10327,2019,2025-09-13,1.0,0.15,47.93,40.74
507722,10356,2007,2025-01-13,2.0,0.15,92.1,156.57
507723,10793,2015,2024-04-29,2.0,0.0,27.47,54.94
507724,10395,2008,2025-06-14,1.0,0.0,131.55,131.55
507725,10300,2014,2025-10-28,2.0,0.0,65.22,130.44
507726,10526,2001,2025-06-07,1.0,0.0,50.2,50.2
507727,10749,2029,2025-10-12,1.0,0.0,107.84,107.84
507728,10285,2013,2025-01-22,3.0,0.1,111.92,302.18
507729,10330,2003,2025-07-28,1.0,0.15,102.51,87.13
507730,10050,2021,2025-08-06,1.0,0.0,144.34,144.34
507731,10773,2028,2025-07-27,1.0,0.0,86.01,86.01
507732,10968,2006,2025-10-06,2.0,0.05,145.53,276.51
507733,10622,2019,2025-07-27,3.0,0.1,47.93,129.41
507734,10709,2015,2024-09-26,1.0,0.05,27.47,26.1
507735,10378,2004,2025-06-08,1.0,0.0,83.99,83.99
507736,10764,2021,2025-07-01,1.0,0.0,144.34,144.34
507737,10600,2003,2025-05-01,1.0,0.0,102.51,102.51
507738,11000,2004,2025-03-14,1.0,0.0,83.99,83.99
507739,10825,2005,2025-07-17,2.0,0.15,75.13,127.72
507740,10538,2018,2025-07-09,2.0,0.0,132.04,264.08
507741,10774,2026,2024-04-21,1.0,0.0,74.85,74.85
507742,10144,2025,2024-11-18,1.0,0.0,145.48,145.48
507743,10060,2010,2025-06-11,1.0,0.05,91.83,87.24
507744,10868,2008,2024-06-26,1.0,0.0,131.55,131.55
507745,10780,2012,2025-11-05,1.0,0.0,93.71,93.71
507746,10075,2022,2025-07-05,3.0,0.15,48.42,123.47
507747,10003,2026,2025-06-22,3.0,0.0,74.85,224.55
507748,10575,2027,2025-09-16,1.0,0.15,58.32,49.57
507749,10748,2003,2025-04-18,1.0,0.0,102.51,102.51
507750,10448,2027,2025-07-17,1.0,0.0,58.32,58.32
507751,10958,2018,2025-01-23,1.0,0.1,132.04,118.84
507752,10741,2023,2024-04-08,1.0,0.0,61.98,61.98
507753,10902,2008,2025-02-15,2.0,0.1,131.55,236.79
507754,10275,2026,2025-01-10,2.0,0.05,74.85,142.21
507755,10530,2001,2024-06-19,1.0,0.0,50.2,50.2
507756,10592,2014,2024-02-26,2.0,0.0,65.22,130.44
507757,10215,2022,2024-11-21,2.0,0.15,48.42,82.31
507758,10683,2023,2025-10-20,1.0,0.05,61.98,58.88
507759,10485,2013,2024-09-17,2.0,0.05,111.92,212.65
507760,10329,2025,2025-10-03,3.0,0.1,145.48,392.8
507761,10255,2012,2025-07-16,3.0,0.0,93.71,281.13
507762,10387,2003,2024-12-06,2.0,0.15,102.51,174.27
507763,10126,2018,2025-02-08,1.0,0.0,132.04,132.04
507764,10767,2021,2025-06-16,2.0,0.0,144.34,288.68
507765,10584,2013,2024-06-23,1.0,,111.92,100.73
507766,10550,2015,2025-06-22,1.0,0.1,27.47,24.72
507767,10324,2010,2024-06-09,2.0,0.05,91.83,174.48
507768,10204,2001,2024-01-11,3.0,0.1,50.2,135.54
507769,10172,2029,2025-08-17,1.0,0.0,107.84,107.84
507770,10735,2006,2024-09-13,2.0,0.05,145.53,276.51
507771,10217,2009,2025-09-09,1.0,0.05,33.82,32.13
507772,10245,2010,2025-10-14,2.0,0.05,91.83,174.48
507773,10336,2015,2025-12-15,1.0,0.0,27.47,27.47
507774,10703,2009,2024-12-10,1.0,0.15,33.82,28.75
507775,10298,2023,2025-06-20,2.0,0.15,61.98,105.37
507776,10832,2014,2025-01-08,1.0,0.0,65.22,65.22
507777,10182,2011,2025-03-11,1.0,0.05,132.17,125.56
507778,10334,2007,2024-02-16,3.0,0.0,92.1,276.3
507779,10511,2024,2025-12-30,1.0,0.0,135.89,135.89
507780,10383,2026,2024-02-25,3.0,0.05,74.85,213.32
507781,10717,2030,2024-03-19,3.0,0.1,51.91,140.16
507782,10873,2002,2025-05-06,1.0,0.15,16.22,13.79
507783,10199,2014,2025-11-02,3.0,0.0,65.22,195.66
507784,10332,2006,2024-09-29,1.0,0.0,145.53,145.53
507785,10165,2005,2025-10-22,3.0,0.0,75.13,225.39
507786,10242,2005,2025-07-04,3.0,0.0,75.13,225.39
507787,10900,2029,2024-04-21,1.0,0.15,107.84,91.66
507788,10642,2019,2024-01-16,1.0,0.15,47.93,40.74
507789,10227,2019,2024-03-19,2.0,0.1,47.93,86.27
507790,10634,2006,2025-05-16,2.0,0.0,145.53,291.06
507791,10556,2028,2025-08-11,2.0,0.0,86.01,172.02
507792,10451,2026,2025-02-22,1.0,0.05,74.85,71.11
507793,10196,2029,2024-10-02,1.0,0.0,107.84,107.84
507794,10870,2010,2025-05-09,2.0,0.1,91.83,165.29
507795,10204,2023,2024-07-16,1.0,0.05,61.98,58.88
507796,10979,2014,2025-01-11,1.0,0.0,65.22,65.22
507797,10458,2017,2024-03-04,1.0,0.0,68.24,68.24
507798,10830,2030,2024-12-27,2.0,0.0,51.91,103.82
507799,10257,2003,2025-06-28,2.0,0.0,102.51,205.02
507800,10529,2028,2024-04-20,2.0,0.15,86.01,146.22
507801,10272,2001,2025-11-08,2.0,0.05,50.2,95.38
507802,10009,2010,2024-07-13,1.0,0.0,91.83,91.83
507803,10761,2003,2025-06-03,2.0,0.0,102.51,205.02
507804,10949,2005,2025-10-13,2.0,0.05,75.13,142.75
507805,10201,2025,2025-04-04,2.0,0.0,145.48,290.96
507806,10059,2019,2024-10-28,2.0,0.0,47.93,95.86
507807,10887,2010,2025-07-22,2.0,0.0,91.83,183.66
507808,10393,2030,2025-11-03,1.0,0.0,51.91,51.91
507809,10652,2026,2025-05-11,3.0,0.0,74.85,224.55
507810,10119,2025,2024-05-29,2.0,,145.48,290.96
507811,10553,2016,2025-04-06,1.0,0.15,76.81,65.29
507812,10399,2001,2024-05-19,1.0,0.0,50.2,50.2
507813,10834,2006,2024-10-19,1.0,0.1,145.53,130.98
507814,10331,2009,2024-12-01,2.0,0.15,33.82,57.49
507815,10267,2028,2025-11-30,3.0,0.15,86.01,219.33
507816,10520,2005,2024-07-03,1.0,0.15,75.13,63.86
507817,10695,2027,2024-11-03,1.0,0.0,58.32,58.32
507818,10480,2014,2024-09-19,2.0,0.15,65.22,110.87
507819,10134,2010,2024-11-06,1.0,0.15,91.83,78.06
507820,10693,2002,2024-12-10,1.0,0.05,16.22,15.41
507821,10916,2005,2025-02-28,1.0,0.0,75.13,75.13
507822,10935,2001,2025-10-19,2.0,0.15,50.2,85.34
507823,10355,2025,2025-05-29,1.0,0.1,145.48,130.93
507824,10584,2010,2025-06-08,2.0,0.15,91.83,156.11
507825,10498,2029,2024-09-18,2.0,0.0,107.84,215.68
507826,10625,2026,2024-12-28,2.0,0.0,74.85,149.7
507827,10107,2025,2024-06-18,1.0,0.05,145.48,138.21
507828,10290,2022,2025-10-22,1.0,0.1,48.42,43.58
507829,10825,2027,2024-07-19,2.0,0.0,58.32,116.64
507830,10629,2009,2025-01-20,2.0,0.0,33.82,67.64
507831,10632,2030,2024-11-08,1.0,0.0,51.91,51.91
507832,10147,2003,2025-08-05,1.0,0.0,102.51,102.51
507833,10327,2015,2024-11-08,1.0,0.1,27.47,24.72
507834,10415,2004,2025-07-20,2.0,0.0,83.99,167.98
507835,10210,2013,2025-01-30,1.0,0.0,111.92,111.92
507836,10296,2006,2024-12-17,2.0,0.15,145.53,247.4
507837,10398,2020,2024-01-29,1.0,0.15,145.5,123.68
507838,10103,2017,2025-09-24,2.0,0.0,68.24,136.48
507839,10636,2023,2024-05-13,1.0,0.15,61.98,52.68
507840,10757,2005,2025-01-15,3.0,0.0,75.13,225.39
507841,10508,2030,2025-08-25,3.0,0.0,51.91,155.73
507842,10891,2015,2025-06-12,2.0,0.0,27.47,54.94
507843,10868,2008,2024-10-14,1.0,0.0,131.55,131.55
507844,10209,2025,2024-10-11,3.0,0.15,145.48,370.97
507845,10933,2005,2025-10-11,1.0,0.0,75.13,75.13
507846,10428,2024,2024-08-15,1.0,0.0,135.89,135.89
507847,10393,2013,2025-03-03,2.0,0.0,111.92,223.84
507848,10826,2001,2024-01-28,2.0,0.05,50.2,95.38
507849,10916,2001,2024-11-28,2.0,0.1,50.2,90.36
507850,10109,2007,2024-04-27,2.0,0.05,92.1,174.99
507851,10889,2022,2024-03-30,1.0,0.0,48.42,48.42
507852,10348,2005,2025-09-11,3.0,0.05,75.13,214.12
507853,10050,2014,2024-05-02,3.0,0.15,65.22,166.31
507854,10916,2015,2024-02-03,1.0,0.0,27.47,27.47
507855,10105,2021,2025-08-26,1.0,0.0,144.34,144.34
507856,10420,2030,2025-11-27,3.0,0.15,51.91,132.37
507857,10373,2025,2025-02-02,2.0,0.0,145.48,290.96
507858,10027,2017,2025-06-09,2.0,0.15,68.24,116.01
507859,10968,2024,2024-01-25,2.0,0.0,135.89,271.78
507860,10800,2018,2024-11-21,1.0,0.15,132.04,112.23
507861,10769,2007,2024-02-04,2.0,0.1,92.1,165.78
507862,10273,2022,2024-09-04,1.0,0.0,48.42,48.42
507863,10649,2026,2024-01-20,1.0,0.15,74.85,63.62
507864,10340,2018,2024-01-31,2.0,0.1,132.04,237.67
507865,10301,2028,2024-02-19,1.0,0.0,86.01,86.01
507866,10480,2029,2024-06-29,1.0,0.15,107.84,91.66
507867,10834,2019,2025-01-05,3.0,0.1,47.93,129.41
507868,10544,2020,2025-01-30,3.0,0.15,145.5,371.02
507869,10557,2007,2025-08-13,2.0,0.0,92.1,184.2
507870,10265,2008,2025-05-11,2.0,0.0,131.55,263.1
507871,10542,2013,2025-03-07,1.0,0.05,111.92,106.32
507872,10596,2027,2024-07-26,2.0,0.05,58.32,110.81
507873,10166,2018,2024-02-05,1.0,0.15,132.04,112.23
507874,10316,2024,2025-08-06,1.0,0.05,135.89,129.1
507875,10001,2011,2025-02-17,1.0,0.15,132.17,112.34
507876,10761,2009,2024-12-30,1.0,0.15,33.82,28.75
507877,10261,2023,2024-11-06,1.0,0.1,61.98,55.78
507878,10063,2001,2024-10-06,1.0,0.0,50.2,50.2
507879,10483,2022,2024-06-01,1.0,0.0,48.42,48.42
507880,10676,2008,2024-08-15,2.0,0.0,131.55,263.1
507881,10321,2021,2024-08-31,2.0,0.0,144.34,288.68
507882,10846,2012,2024-01-11,1.0,0.05,93.71,89.02
507883,10201,2002,2025-01-27,1.0,0.15,16.22,13.79
507884,10222,2015,2024-02-18,2.0,0.05,27.47,52.19
507885,10152,2021,2025-09-16,2.0,0.1,144.34,259.81
507886,10644,2024,2024-07-23,2.0,0.05,135.89,258.19
507887,10626,2018,2024-06-06,1.0,0.1,132.04,118.84
507888,10462,2017,2024-01-27,1.0,0.0,68.24,68.24
507889,10217,2015,2025-02-25,1.0,0.15,27.47,23.35
507890,10196,2020,2025-11-09,1.0,0.05,145.5,138.22
507891,10793,2020,2024-09-21,1.0,0.1,145.5,130.95
507892,10202,2009,2025-06-13,1.0,0.05,33.82,32.13
507893,10995,2003,2025-08-11,1.0,0.1,102.51,92.26
507894,10647,2020,2025-04-15,1.0,0.15,145.5,123.68
507895,10234,2019,2024-09-11,2.0,0.15,47.93,81.48
507896,10141,2018,2025-12-19,2.0,0.0,132.04,264.08
507897,10708,2020,2025-06-30,1.0,0.1,145.5,130.95
507898,10498,2030,2024-05-27,1.0,0.0,51.91,51.91
507899,10555,2008,2024-11-22,1.0,0.0,131.55,131.55
507900,10057,2001,2024-12-04,1.0,0.0,50.2,50.2
507901,10932,2024,2024-04-28,3.0,0.0,135.89,407.67
507902,10504,2024,2024-06-14,2.0,0.0,135.89,271.78
507903,10142,2015,2025-07-04,3.0,0.05,27.47,78.29
507904,10722,2019,2025-10-11,1.0,0.1,47.93,43.14
507905,10584,2030,2024-07-17,2.0,0.05,51.91,98.63
507906,10736,2026,2025-01-09,1.0,0.0,74.85,74.85
507907,10539,2010,2025-08-01,3.0,0.15,91.83,234.17
507908,10640,2012,2025-08-15,1.0,0.0,93.71,93.71
507909,10106,2028,2025-07-18,1.0,0.0,86.01,86.01
507910,10165,2006,2024-05-09,2.0,0.0,145.53,291.06
507911,10215,2029,2025-02-18,2.0,0.1,107.84,194.11
507912,10071,2013,2025-01-15,2.0,0.0,111.92,223.84
507913,10716,2004,2024-01-02,1.0,0.05,83.99,79.79
507914,10665,2013,2024-06-16,1.0,0.15,111.92,95.13
507915,10579,2017,2024-01-17,1.0,0.1,68.24,61.42
507916,10090,2030,2025-10-19,1.0,0.0,51.91,51.91
507917,10772,2001,2024-04-22,3.0,0.0,50.2,150.6
507918,10874,2005,2025-01-03,1.0,0.0,75.13,75.13
507919,10228,2028,2024-04-12,2.0,0.15,86.01,146.22
507920,10079,2024,2025-08-17,2.0,0.05,135.89,258.19
507921,10608,2017,2025-02-10,2.0,0.0,68.24,136.48
507922,10349,2018,2025-05-22,2.0,0.0,132.04,264.08
507923,10842,2007,2025-09-03,2.0,0.15,92.1,156.57
507924,10981,2016,2025-11-02,2.0,0.0,76.81,153.62
507925,10894,2008,2024-02-10,3.0,0.1,131.55,355.19
507926,10246,2012,2025-10-29,1.0,0.15,93.71,79.65
507927,10272,2014,2025-07-02,2.0,0.0,65.22,130.44
507928,10403,2019,2025-01-16,3.0,0.0,47.93,143.79
507929,10669,2011,2025-05-31,1.0,0.0,132.17,132.17
507930,10116,2012,2025-05-12,1.0,0.0,93.71,93.71
507931,10435,2013,2024-10-08,2.0,0.0,111.92,223.84
507932,10530,2008,2024-12-17,1.0,0.05,131.55,124.97
507933,10442,2001,2024-11-30,2.0,0.15,50.2,85.34
507934,10172,2009,2025-06-08,1.0,0.1,33.82,30.44
507935,10016,2028,2024-10-10,1.0,0.15,86.01,73.11
507936,10961,2002,2025-12-29,2.0,0.0,16.22,32.44
507937,10752,2014,2024-11-15,1.0,0.0,65.22,65.22
507938,10898,2013,2025-02-18,2.0,0.0,111.92,223.84
507939,10056,2016,2025-08-17,3.0,0.0,76.81,230.43
507940,10591,2002,2024-01-15,3.0,0.0,16.22,48.66
507941,10103,2004,2024-02-26,3.0,0.15,83.99,214.17
507942,10284,2012,2025-02-07,1.0,0.0,93.71,93.71
507943,10705,2016,2024-12-08,3.0,0.05,76.81,218.91
507944,10517,2010,2024-07-18,2.0,0.0,91.83,183.66
507945,10618,2003,2025-11-09,2.0,0.15,102.51,174.27
507946,10278,2004,2024-10-19,3.0,0.0,83.99,251.97
507947,10885,2006,2025-10-20,1.0,0.0,145.53,145.53
507948,10612,2023,2025-03-17,3.0,0.15,61.98,158.05
507949,10750,2005,2024-03-19,2.0,0.0,75.13,150.26
507950,10269,2018,2024-04-22,2.0,0.1,132.04,237.67
507951,10833,2003,2025-06-19,2.0,0.0,102.51,205.02
507952,10400,2010,2025-01-10,2.0,0.0,91.83,183.66
507953,10503,2011,2024-04-26,2.0,0.1,132.17,237.91
507954,10086,2019,2024-05-22,1.0,0.1,47.93,43.14
507955,10320,2014,2024-07-16,1.0,0.0,65.22,65.22
507956,10032,2021,2025-06-24,1.0,0.0,144.34,144.34
507957,10336,2028,2024-10-26,1.0,0.0,86.01,86.01
507958,10051,2011,2024-03-17,1.0,0.05,132.17,125.56
507959,10079,2028,2025-06-14,2.0,0.15,86.01,146.22
507960,10698,2021,2024-04-10,2.0,0.1,144.34,259.81
507961,10174,2004,2025-04-24,2.0,0.0,83.99,167.98
507962,10948,2024,2025-04-13,2.0,0.0,135.89,271.78
507963,10618,2022,2025-09-28,1.0,0.0,48.42,48.42
507964,10501,2006,2024-10-19,1.0,0.1,145.53,130.98
507965,10575,2017,2024-05-05,2.0,0.0,68.24,136.48
507966,10076,2022,2025-06-03,3.0,0.05,48.42,138.0
507967,10316,2019,2024-01-24,2.0,0.0,47.93,95.86
507968,10833,2013,2024-06-11,1.0,0.05,111.92,106.32
507969,10373,2022,2025-09-21,2.0,0.05,48.42,92.0
507970,10081,2010,2025-05-21,1.0,0.05,91.83,87.24
507971,10873,2029,2024-01-22,2.0,0.1,107.84,194.11
507972,10640,2011,2025-04-09,3.0,0.05,132.17,376.68
507973,10695,2029,2025-04-28,3.0,0.1,107.84,291.17
507974,10755,2006,2025-05-17,2.0,0.0,145.53,291.06
507975,10697,2002,2024-11-05,1.0,0.05,16.22,15.41
507976,10732,2001,2025-08-19,2.0,0.0,50.2,100.4
507977,10071,2011,2025-07-07,1.0,0.0,132.17,132.17
507978,10969,2016,2024-07-22,1.0,0.15,76.81,65.29
507979,10854,2003,2025-02-20,3.0,0.0,102.51,307.53
507980,10666,2005,2025-10-02,1.0,0.0,75.13,75.13
507981,10757,2015,2024-05-22,3.0,0.0,27.47,82.41
507982,10652,2015,2025-09-07,1.0,0.1,27.47,24.72
507983,10071,2004,2024-04-17,1.0,0.0,83.99,83.99
507984,10046,2023,2025-06-13,3.0,0.1,61.98,167.35
507985,10047,2004,2025-06-21,2.0,0.0,83.99,167.98
507986,10591,2008,2025-07-30,3.0,0.0,131.55,394.65
507987,10422,2007,2025-11-19,2.0,0.0,92.1,184.2
507988,10149,2026,2024-10-18,3.0,0.0,74.85,224.55
507989,10910,2025,2024-11-07,2.0,0.1,145.48,261.86
507990,10130,2017,2025-10-30,1.0,0.0,68.24,68.24
507991,10456,2015,2025-01-20,2.0,0.0,27.47,54.94
507992,10639,2005,2024-02-23,2.0,0.1,75.13,135.23
507993,10877,2013,2025-08-08,2.0,0.0,111.92,223.84
507994,10631,2004,2024-07-02,2.0,0.0,83.99,167.98
507995,10966,2022,2025-01-04,1.0,0.15,48.42,41.16
507996,10997,2017,2025-12-02,2.0,0.0,68.24,136.48
507997,10869,2022,2024-01-14,1.0,0.0,48.42,48.42
507998,10505,2017,2025-07-13,1.0,0.0,68.24,68.24
507999,10929,2014,2024-06-09,3.0,0.0,65.22,195.66
508000,10774,2014,2024-10-11,2.0,0.05,65.22,123.92
